ISO-10303-21;
HEADER;
FILE_DESCRIPTION(('Open CASCADE Model'),'2;1');
FILE_NAME('Open CASCADE Shape Model','2025-11-03T17:24:33',('Author'),(
    'Open CASCADE'),'Open CASCADE STEP processor 7.5','Open CASCADE 7.5'
  ,'Unknown');
FILE_SCHEMA(('AUTOMOTIVE_DESIGN { 1 0 10303 214 1 1 1 1 }'));
ENDSEC;
DATA;
#1 = APPLICATION_PROTOCOL_DEFINITION('international standard',
  'automotive_design',2000,#2);
#2 = APPLICATION_CONTEXT(
  'core data for automotive mechanical design processes');
#3 = SHAPE_DEFINITION_REPRESENTATION(#4,#10);
#4 = PRODUCT_DEFINITION_SHAPE('','',#5);
#5 = PRODUCT_DEFINITION('design','',#6,#9);
#6 = PRODUCT_DEFINITION_FORMATION('','',#7);
#7 = PRODUCT('PCB','PCB','',(#8));
#8 = PRODUCT_CONTEXT('',#2,'mechanical');
#9 = PRODUCT_DEFINITION_CONTEXT('part definition',#2,'design');
#10 = SHAPE_REPRESENTATION('',(#11,#15,#19,#23,#27,#31,#35,#39,#43,#47,
    #51,#55,#59,#63,#67,#71,#75,#79,#83),#87);
#11 = AXIS2_PLACEMENT_3D('',#12,#13,#14);
#12 = CARTESIAN_POINT('',(0.,0.,0.));
#13 = DIRECTION('',(0.,0.,1.));
#14 = DIRECTION('',(1.,0.,-0.));
#15 = AXIS2_PLACEMENT_3D('',#16,#17,#18);
#16 = CARTESIAN_POINT('',(0.,0.,0.));
#17 = DIRECTION('',(0.,0.,1.));
#18 = DIRECTION('',(1.,0.,-0.));
#19 = AXIS2_PLACEMENT_3D('',#20,#21,#22);
#20 = CARTESIAN_POINT('',(0.,0.,0.));
#21 = DIRECTION('',(0.,0.,1.));
#22 = DIRECTION('',(1.,0.,-0.));
#23 = AXIS2_PLACEMENT_3D('',#24,#25,#26);
#24 = CARTESIAN_POINT('',(0.,0.,0.));
#25 = DIRECTION('',(0.,0.,1.));
#26 = DIRECTION('',(1.,0.,-0.));
#27 = AXIS2_PLACEMENT_3D('',#28,#29,#30);
#28 = CARTESIAN_POINT('',(0.,0.,0.));
#29 = DIRECTION('',(0.,0.,1.));
#30 = DIRECTION('',(1.,0.,-0.));
#31 = AXIS2_PLACEMENT_3D('',#32,#33,#34);
#32 = CARTESIAN_POINT('',(0.,0.,0.));
#33 = DIRECTION('',(0.,0.,1.));
#34 = DIRECTION('',(1.,0.,-0.));
#35 = AXIS2_PLACEMENT_3D('',#36,#37,#38);
#36 = CARTESIAN_POINT('',(0.,0.,0.));
#37 = DIRECTION('',(0.,0.,1.));
#38 = DIRECTION('',(1.,0.,-0.));
#39 = AXIS2_PLACEMENT_3D('',#40,#41,#42);
#40 = CARTESIAN_POINT('',(0.,0.,0.));
#41 = DIRECTION('',(0.,0.,1.));
#42 = DIRECTION('',(1.,0.,-0.));
#43 = AXIS2_PLACEMENT_3D('',#44,#45,#46);
#44 = CARTESIAN_POINT('',(0.,0.,0.));
#45 = DIRECTION('',(0.,0.,1.));
#46 = DIRECTION('',(1.,0.,-0.));
#47 = AXIS2_PLACEMENT_3D('',#48,#49,#50);
#48 = CARTESIAN_POINT('',(0.,0.,0.));
#49 = DIRECTION('',(0.,0.,1.));
#50 = DIRECTION('',(1.,0.,-0.));
#51 = AXIS2_PLACEMENT_3D('',#52,#53,#54);
#52 = CARTESIAN_POINT('',(0.,0.,0.));
#53 = DIRECTION('',(0.,0.,1.));
#54 = DIRECTION('',(1.,0.,-0.));
#55 = AXIS2_PLACEMENT_3D('',#56,#57,#58);
#56 = CARTESIAN_POINT('',(0.,0.,0.));
#57 = DIRECTION('',(0.,0.,1.));
#58 = DIRECTION('',(1.,0.,-0.));
#59 = AXIS2_PLACEMENT_3D('',#60,#61,#62);
#60 = CARTESIAN_POINT('',(0.,0.,0.));
#61 = DIRECTION('',(0.,0.,1.));
#62 = DIRECTION('',(1.,0.,-0.));
#63 = AXIS2_PLACEMENT_3D('',#64,#65,#66);
#64 = CARTESIAN_POINT('',(0.,0.,0.));
#65 = DIRECTION('',(0.,0.,1.));
#66 = DIRECTION('',(1.,0.,-0.));
#67 = AXIS2_PLACEMENT_3D('',#68,#69,#70);
#68 = CARTESIAN_POINT('',(0.,0.,0.));
#69 = DIRECTION('',(0.,0.,1.));
#70 = DIRECTION('',(1.,0.,-0.));
#71 = AXIS2_PLACEMENT_3D('',#72,#73,#74);
#72 = CARTESIAN_POINT('',(0.,0.,0.));
#73 = DIRECTION('',(0.,0.,1.));
#74 = DIRECTION('',(1.,0.,-0.));
#75 = AXIS2_PLACEMENT_3D('',#76,#77,#78);
#76 = CARTESIAN_POINT('',(0.,0.,0.));
#77 = DIRECTION('',(0.,0.,1.));
#78 = DIRECTION('',(1.,0.,-0.));
#79 = AXIS2_PLACEMENT_3D('',#80,#81,#82);
#80 = CARTESIAN_POINT('',(0.,0.,0.));
#81 = DIRECTION('',(0.,0.,1.));
#82 = DIRECTION('',(1.,0.,-0.));
#83 = AXIS2_PLACEMENT_3D('',#84,#85,#86);
#84 = CARTESIAN_POINT('',(0.,0.,0.));
#85 = DIRECTION('',(0.,0.,1.));
#86 = DIRECTION('',(1.,0.,-0.));
#87 = ( GEOMETRIC_REPRESENTATION_CONTEXT(3) 
GLOBAL_UNCERTAINTY_ASSIGNED_CONTEXT((#91)) GLOBAL_UNIT_ASSIGNED_CONTEXT(
(#88,#89,#90)) REPRESENTATION_CONTEXT('Context #1',
  '3D Context with UNIT and UNCERTAINTY') );
#88 = ( LENGTH_UNIT() NAMED_UNIT(*) SI_UNIT(.MILLI.,.METRE.) );
#89 = ( NAMED_UNIT(*) PLANE_ANGLE_UNIT() SI_UNIT($,.RADIAN.) );
#90 = ( NAMED_UNIT(*) SI_UNIT($,.STERADIAN.) SOLID_ANGLE_UNIT() );
#91 = UNCERTAINTY_MEASURE_WITH_UNIT(LENGTH_MEASURE(1.E-05),#88,
  'distance_accuracy_value','confusion accuracy');
#92 = PRODUCT_RELATED_PRODUCT_CATEGORY('part',$,(#7));
#93 = SHAPE_DEFINITION_REPRESENTATION(#94,#100);
#94 = PRODUCT_DEFINITION_SHAPE('','',#95);
#95 = PRODUCT_DEFINITION('design','',#96,#99);
#96 = PRODUCT_DEFINITION_FORMATION('','',#97);
#97 = PRODUCT('Board','Board','',(#98));
#98 = PRODUCT_CONTEXT('',#2,'mechanical');
#99 = PRODUCT_DEFINITION_CONTEXT('part definition',#2,'design');
#100 = SHAPE_REPRESENTATION('',(#11,#101),#105);
#101 = AXIS2_PLACEMENT_3D('',#102,#103,#104);
#102 = CARTESIAN_POINT('',(0.,0.,-0.41148));
#103 = DIRECTION('',(0.,0.,1.));
#104 = DIRECTION('',(1.,0.,-0.));
#105 = ( GEOMETRIC_REPRESENTATION_CONTEXT(3) 
GLOBAL_UNCERTAINTY_ASSIGNED_CONTEXT((#109)) GLOBAL_UNIT_ASSIGNED_CONTEXT
((#106,#107,#108)) REPRESENTATION_CONTEXT('Context #1',
  '3D Context with UNIT and UNCERTAINTY') );
#106 = ( LENGTH_UNIT() NAMED_UNIT(*) SI_UNIT(.MILLI.,.METRE.) );
#107 = ( NAMED_UNIT(*) PLANE_ANGLE_UNIT() SI_UNIT($,.RADIAN.) );
#108 = ( NAMED_UNIT(*) SI_UNIT($,.STERADIAN.) SOLID_ANGLE_UNIT() );
#109 = UNCERTAINTY_MEASURE_WITH_UNIT(LENGTH_MEASURE(1.E-07),#106,
  'distance_accuracy_value','confusion accuracy');
#110 = ADVANCED_BREP_SHAPE_REPRESENTATION('',(#11,#111),#2445);
#111 = MANIFOLD_SOLID_BREP('',#112);
#112 = CLOSED_SHELL('',(#113,#153,#184,#215,#237,#270,#303,#336,#369,
    #402,#435,#468,#501,#534,#567,#600,#633,#666,#699,#732,#765,#798,
    #831,#864,#897,#930,#963,#996,#1029,#1062,#1095,#1128,#1161,#1194,
    #1227,#1260,#1293,#1326,#1359,#1392,#1425,#1458,#1491,#1524,#1557,
    #1590,#1623,#1656,#1689,#1722,#1755,#1788,#1821,#1854,#1887,#1920,
    #1953,#1986,#2019,#2052,#2085,#2265));
#113 = ADVANCED_FACE('',(#114),#148,.F.);
#114 = FACE_BOUND('',#115,.F.);
#115 = EDGE_LOOP('',(#116,#126,#134,#142));
#116 = ORIENTED_EDGE('',*,*,#117,.T.);
#117 = EDGE_CURVE('',#118,#120,#122,.T.);
#118 = VERTEX_POINT('',#119);
#119 = CARTESIAN_POINT('',(0.,0.,0.));
#120 = VERTEX_POINT('',#121);
#121 = CARTESIAN_POINT('',(0.,0.,0.41148));
#122 = LINE('',#123,#124);
#123 = CARTESIAN_POINT('',(0.,0.,0.));
#124 = VECTOR('',#125,1.);
#125 = DIRECTION('',(0.,0.,1.));
#126 = ORIENTED_EDGE('',*,*,#127,.T.);
#127 = EDGE_CURVE('',#120,#128,#130,.T.);
#128 = VERTEX_POINT('',#129);
#129 = CARTESIAN_POINT('',(57.,0.,0.41148));
#130 = LINE('',#131,#132);
#131 = CARTESIAN_POINT('',(0.,0.,0.41148));
#132 = VECTOR('',#133,1.);
#133 = DIRECTION('',(1.,0.,0.));
#134 = ORIENTED_EDGE('',*,*,#135,.F.);
#135 = EDGE_CURVE('',#136,#128,#138,.T.);
#136 = VERTEX_POINT('',#137);
#137 = CARTESIAN_POINT('',(57.,0.,0.));
#138 = LINE('',#139,#140);
#139 = CARTESIAN_POINT('',(57.,0.,0.));
#140 = VECTOR('',#141,1.);
#141 = DIRECTION('',(0.,0.,1.));
#142 = ORIENTED_EDGE('',*,*,#143,.F.);
#143 = EDGE_CURVE('',#118,#136,#144,.T.);
#144 = LINE('',#145,#146);
#145 = CARTESIAN_POINT('',(0.,0.,0.));
#146 = VECTOR('',#147,1.);
#147 = DIRECTION('',(1.,0.,0.));
#148 = PLANE('',#149);
#149 = AXIS2_PLACEMENT_3D('',#150,#151,#152);
#150 = CARTESIAN_POINT('',(0.,0.,0.));
#151 = DIRECTION('',(0.,1.,0.));
#152 = DIRECTION('',(1.,0.,0.));
#153 = ADVANCED_FACE('',(#154),#179,.F.);
#154 = FACE_BOUND('',#155,.F.);
#155 = EDGE_LOOP('',(#156,#157,#165,#173));
#156 = ORIENTED_EDGE('',*,*,#135,.T.);
#157 = ORIENTED_EDGE('',*,*,#158,.T.);
#158 = EDGE_CURVE('',#128,#159,#161,.T.);
#159 = VERTEX_POINT('',#160);
#160 = CARTESIAN_POINT('',(57.,30.,0.41148));
#161 = LINE('',#162,#163);
#162 = CARTESIAN_POINT('',(57.,0.,0.41148));
#163 = VECTOR('',#164,1.);
#164 = DIRECTION('',(0.,1.,0.));
#165 = ORIENTED_EDGE('',*,*,#166,.F.);
#166 = EDGE_CURVE('',#167,#159,#169,.T.);
#167 = VERTEX_POINT('',#168);
#168 = CARTESIAN_POINT('',(57.,30.,0.));
#169 = LINE('',#170,#171);
#170 = CARTESIAN_POINT('',(57.,30.,0.));
#171 = VECTOR('',#172,1.);
#172 = DIRECTION('',(0.,0.,1.));
#173 = ORIENTED_EDGE('',*,*,#174,.F.);
#174 = EDGE_CURVE('',#136,#167,#175,.T.);
#175 = LINE('',#176,#177);
#176 = CARTESIAN_POINT('',(57.,0.,0.));
#177 = VECTOR('',#178,1.);
#178 = DIRECTION('',(0.,1.,0.));
#179 = PLANE('',#180);
#180 = AXIS2_PLACEMENT_3D('',#181,#182,#183);
#181 = CARTESIAN_POINT('',(57.,0.,0.));
#182 = DIRECTION('',(-1.,0.,0.));
#183 = DIRECTION('',(0.,1.,0.));
#184 = ADVANCED_FACE('',(#185),#210,.F.);
#185 = FACE_BOUND('',#186,.F.);
#186 = EDGE_LOOP('',(#187,#188,#196,#204));
#187 = ORIENTED_EDGE('',*,*,#166,.T.);
#188 = ORIENTED_EDGE('',*,*,#189,.T.);
#189 = EDGE_CURVE('',#159,#190,#192,.T.);
#190 = VERTEX_POINT('',#191);
#191 = CARTESIAN_POINT('',(0.,30.,0.41148));
#192 = LINE('',#193,#194);
#193 = CARTESIAN_POINT('',(57.,30.,0.41148));
#194 = VECTOR('',#195,1.);
#195 = DIRECTION('',(-1.,0.,0.));
#196 = ORIENTED_EDGE('',*,*,#197,.F.);
#197 = EDGE_CURVE('',#198,#190,#200,.T.);
#198 = VERTEX_POINT('',#199);
#199 = CARTESIAN_POINT('',(0.,30.,0.));
#200 = LINE('',#201,#202);
#201 = CARTESIAN_POINT('',(0.,30.,0.));
#202 = VECTOR('',#203,1.);
#203 = DIRECTION('',(0.,0.,1.));
#204 = ORIENTED_EDGE('',*,*,#205,.F.);
#205 = EDGE_CURVE('',#167,#198,#206,.T.);
#206 = LINE('',#207,#208);
#207 = CARTESIAN_POINT('',(57.,30.,0.));
#208 = VECTOR('',#209,1.);
#209 = DIRECTION('',(-1.,0.,0.));
#210 = PLANE('',#211);
#211 = AXIS2_PLACEMENT_3D('',#212,#213,#214);
#212 = CARTESIAN_POINT('',(57.,30.,0.));
#213 = DIRECTION('',(0.,-1.,0.));
#214 = DIRECTION('',(-1.,0.,0.));
#215 = ADVANCED_FACE('',(#216),#232,.F.);
#216 = FACE_BOUND('',#217,.F.);
#217 = EDGE_LOOP('',(#218,#219,#225,#226));
#218 = ORIENTED_EDGE('',*,*,#197,.T.);
#219 = ORIENTED_EDGE('',*,*,#220,.T.);
#220 = EDGE_CURVE('',#190,#120,#221,.T.);
#221 = LINE('',#222,#223);
#222 = CARTESIAN_POINT('',(0.,30.,0.41148));
#223 = VECTOR('',#224,1.);
#224 = DIRECTION('',(0.,-1.,0.));
#225 = ORIENTED_EDGE('',*,*,#117,.F.);
#226 = ORIENTED_EDGE('',*,*,#227,.F.);
#227 = EDGE_CURVE('',#198,#118,#228,.T.);
#228 = LINE('',#229,#230);
#229 = CARTESIAN_POINT('',(0.,30.,0.));
#230 = VECTOR('',#231,1.);
#231 = DIRECTION('',(0.,-1.,0.));
#232 = PLANE('',#233);
#233 = AXIS2_PLACEMENT_3D('',#234,#235,#236);
#234 = CARTESIAN_POINT('',(0.,30.,0.));
#235 = DIRECTION('',(1.,0.,-0.));
#236 = DIRECTION('',(0.,-1.,0.));
#237 = ADVANCED_FACE('',(#238),#265,.F.);
#238 = FACE_BOUND('',#239,.T.);
#239 = EDGE_LOOP('',(#240,#250,#257,#258));
#240 = ORIENTED_EDGE('',*,*,#241,.T.);
#241 = EDGE_CURVE('',#242,#244,#246,.T.);
#242 = VERTEX_POINT('',#243);
#243 = CARTESIAN_POINT('',(5.345,9.228,0.));
#244 = VERTEX_POINT('',#245);
#245 = CARTESIAN_POINT('',(5.345,9.228,0.41148));
#246 = LINE('',#247,#248);
#247 = CARTESIAN_POINT('',(5.345,9.228,0.));
#248 = VECTOR('',#249,1.);
#249 = DIRECTION('',(0.,0.,1.));
#250 = ORIENTED_EDGE('',*,*,#251,.T.);
#251 = EDGE_CURVE('',#244,#244,#252,.T.);
#252 = CIRCLE('',#253,0.425);
#253 = AXIS2_PLACEMENT_3D('',#254,#255,#256);
#254 = CARTESIAN_POINT('',(4.92,9.228,0.41148));
#255 = DIRECTION('',(0.,0.,1.));
#256 = DIRECTION('',(1.,0.,-0.));
#257 = ORIENTED_EDGE('',*,*,#241,.F.);
#258 = ORIENTED_EDGE('',*,*,#259,.F.);
#259 = EDGE_CURVE('',#242,#242,#260,.T.);
#260 = CIRCLE('',#261,0.425);
#261 = AXIS2_PLACEMENT_3D('',#262,#263,#264);
#262 = CARTESIAN_POINT('',(4.92,9.228,0.));
#263 = DIRECTION('',(0.,0.,1.));
#264 = DIRECTION('',(1.,0.,-0.));
#265 = CYLINDRICAL_SURFACE('',#266,0.425);
#266 = AXIS2_PLACEMENT_3D('',#267,#268,#269);
#267 = CARTESIAN_POINT('',(4.92,9.228,0.));
#268 = DIRECTION('',(-0.,-0.,-1.));
#269 = DIRECTION('',(1.,0.,-0.));
#270 = ADVANCED_FACE('',(#271),#298,.F.);
#271 = FACE_BOUND('',#272,.T.);
#272 = EDGE_LOOP('',(#273,#283,#290,#291));
#273 = ORIENTED_EDGE('',*,*,#274,.T.);
#274 = EDGE_CURVE('',#275,#277,#279,.T.);
#275 = VERTEX_POINT('',#276);
#276 = CARTESIAN_POINT('',(17.4,4.68,0.));
#277 = VERTEX_POINT('',#278);
#278 = CARTESIAN_POINT('',(17.4,4.68,0.41148));
#279 = LINE('',#280,#281);
#280 = CARTESIAN_POINT('',(17.4,4.68,0.));
#281 = VECTOR('',#282,1.);
#282 = DIRECTION('',(0.,0.,1.));
#283 = ORIENTED_EDGE('',*,*,#284,.T.);
#284 = EDGE_CURVE('',#277,#277,#285,.T.);
#285 = CIRCLE('',#286,0.33);
#286 = AXIS2_PLACEMENT_3D('',#287,#288,#289);
#287 = CARTESIAN_POINT('',(17.07,4.68,0.41148));
#288 = DIRECTION('',(0.,0.,1.));
#289 = DIRECTION('',(1.,0.,-0.));
#290 = ORIENTED_EDGE('',*,*,#274,.F.);
#291 = ORIENTED_EDGE('',*,*,#292,.F.);
#292 = EDGE_CURVE('',#275,#275,#293,.T.);
#293 = CIRCLE('',#294,0.33);
#294 = AXIS2_PLACEMENT_3D('',#295,#296,#297);
#295 = CARTESIAN_POINT('',(17.07,4.68,0.));
#296 = DIRECTION('',(0.,0.,1.));
#297 = DIRECTION('',(1.,0.,-0.));
#298 = CYLINDRICAL_SURFACE('',#299,0.33);
#299 = AXIS2_PLACEMENT_3D('',#300,#301,#302);
#300 = CARTESIAN_POINT('',(17.07,4.68,0.));
#301 = DIRECTION('',(-0.,-0.,-1.));
#302 = DIRECTION('',(1.,0.,-0.));
#303 = ADVANCED_FACE('',(#304),#331,.F.);
#304 = FACE_BOUND('',#305,.T.);
#305 = EDGE_LOOP('',(#306,#316,#323,#324));
#306 = ORIENTED_EDGE('',*,*,#307,.T.);
#307 = EDGE_CURVE('',#308,#310,#312,.T.);
#308 = VERTEX_POINT('',#309);
#309 = CARTESIAN_POINT('',(7.885,9.228,0.));
#310 = VERTEX_POINT('',#311);
#311 = CARTESIAN_POINT('',(7.885,9.228,0.41148));
#312 = LINE('',#313,#314);
#313 = CARTESIAN_POINT('',(7.885,9.228,0.));
#314 = VECTOR('',#315,1.);
#315 = DIRECTION('',(0.,0.,1.));
#316 = ORIENTED_EDGE('',*,*,#317,.T.);
#317 = EDGE_CURVE('',#310,#310,#318,.T.);
#318 = CIRCLE('',#319,0.425);
#319 = AXIS2_PLACEMENT_3D('',#320,#321,#322);
#320 = CARTESIAN_POINT('',(7.46,9.228,0.41148));
#321 = DIRECTION('',(0.,0.,1.));
#322 = DIRECTION('',(1.,0.,-0.));
#323 = ORIENTED_EDGE('',*,*,#307,.F.);
#324 = ORIENTED_EDGE('',*,*,#325,.F.);
#325 = EDGE_CURVE('',#308,#308,#326,.T.);
#326 = CIRCLE('',#327,0.425);
#327 = AXIS2_PLACEMENT_3D('',#328,#329,#330);
#328 = CARTESIAN_POINT('',(7.46,9.228,0.));
#329 = DIRECTION('',(0.,0.,1.));
#330 = DIRECTION('',(1.,0.,-0.));
#331 = CYLINDRICAL_SURFACE('',#332,0.425);
#332 = AXIS2_PLACEMENT_3D('',#333,#334,#335);
#333 = CARTESIAN_POINT('',(7.46,9.228,0.));
#334 = DIRECTION('',(-0.,-0.,-1.));
#335 = DIRECTION('',(1.,0.,-0.));
#336 = ADVANCED_FACE('',(#337),#364,.F.);
#337 = FACE_BOUND('',#338,.T.);
#338 = EDGE_LOOP('',(#339,#349,#356,#357));
#339 = ORIENTED_EDGE('',*,*,#340,.T.);
#340 = EDGE_CURVE('',#341,#343,#345,.T.);
#341 = VERTEX_POINT('',#342);
#342 = CARTESIAN_POINT('',(10.425,9.228,0.));
#343 = VERTEX_POINT('',#344);
#344 = CARTESIAN_POINT('',(10.425,9.228,0.41148));
#345 = LINE('',#346,#347);
#346 = CARTESIAN_POINT('',(10.425,9.228,0.));
#347 = VECTOR('',#348,1.);
#348 = DIRECTION('',(0.,0.,1.));
#349 = ORIENTED_EDGE('',*,*,#350,.T.);
#350 = EDGE_CURVE('',#343,#343,#351,.T.);
#351 = CIRCLE('',#352,0.425);
#352 = AXIS2_PLACEMENT_3D('',#353,#354,#355);
#353 = CARTESIAN_POINT('',(10.,9.228,0.41148));
#354 = DIRECTION('',(0.,0.,1.));
#355 = DIRECTION('',(1.,0.,-0.));
#356 = ORIENTED_EDGE('',*,*,#340,.F.);
#357 = ORIENTED_EDGE('',*,*,#358,.F.);
#358 = EDGE_CURVE('',#341,#341,#359,.T.);
#359 = CIRCLE('',#360,0.425);
#360 = AXIS2_PLACEMENT_3D('',#361,#362,#363);
#361 = CARTESIAN_POINT('',(10.,9.228,0.));
#362 = DIRECTION('',(0.,0.,1.));
#363 = DIRECTION('',(1.,0.,-0.));
#364 = CYLINDRICAL_SURFACE('',#365,0.425);
#365 = AXIS2_PLACEMENT_3D('',#366,#367,#368);
#366 = CARTESIAN_POINT('',(10.,9.228,0.));
#367 = DIRECTION('',(-0.,-0.,-1.));
#368 = DIRECTION('',(1.,0.,-0.));
#369 = ADVANCED_FACE('',(#370),#397,.F.);
#370 = FACE_BOUND('',#371,.T.);
#371 = EDGE_LOOP('',(#372,#382,#389,#390));
#372 = ORIENTED_EDGE('',*,*,#373,.T.);
#373 = EDGE_CURVE('',#374,#376,#378,.T.);
#374 = VERTEX_POINT('',#375);
#375 = CARTESIAN_POINT('',(4.335,13.011,0.));
#376 = VERTEX_POINT('',#377);
#377 = CARTESIAN_POINT('',(4.335,13.011,0.41148));
#378 = LINE('',#379,#380);
#379 = CARTESIAN_POINT('',(4.335,13.011,0.));
#380 = VECTOR('',#381,1.);
#381 = DIRECTION('',(0.,0.,1.));
#382 = ORIENTED_EDGE('',*,*,#383,.T.);
#383 = EDGE_CURVE('',#376,#376,#384,.T.);
#384 = CIRCLE('',#385,0.375);
#385 = AXIS2_PLACEMENT_3D('',#386,#387,#388);
#386 = CARTESIAN_POINT('',(3.96,13.011,0.41148));
#387 = DIRECTION('',(0.,0.,1.));
#388 = DIRECTION('',(1.,0.,-0.));
#389 = ORIENTED_EDGE('',*,*,#373,.F.);
#390 = ORIENTED_EDGE('',*,*,#391,.F.);
#391 = EDGE_CURVE('',#374,#374,#392,.T.);
#392 = CIRCLE('',#393,0.375);
#393 = AXIS2_PLACEMENT_3D('',#394,#395,#396);
#394 = CARTESIAN_POINT('',(3.96,13.011,0.));
#395 = DIRECTION('',(0.,0.,1.));
#396 = DIRECTION('',(1.,0.,-0.));
#397 = CYLINDRICAL_SURFACE('',#398,0.375);
#398 = AXIS2_PLACEMENT_3D('',#399,#400,#401);
#399 = CARTESIAN_POINT('',(3.96,13.011,0.));
#400 = DIRECTION('',(-0.,-0.,-1.));
#401 = DIRECTION('',(1.,0.,-0.));
#402 = ADVANCED_FACE('',(#403),#430,.F.);
#403 = FACE_BOUND('',#404,.T.);
#404 = EDGE_LOOP('',(#405,#415,#422,#423));
#405 = ORIENTED_EDGE('',*,*,#406,.T.);
#406 = EDGE_CURVE('',#407,#409,#411,.T.);
#407 = VERTEX_POINT('',#408);
#408 = CARTESIAN_POINT('',(17.4,9.76,0.));
#409 = VERTEX_POINT('',#410);
#410 = CARTESIAN_POINT('',(17.4,9.76,0.41148));
#411 = LINE('',#412,#413);
#412 = CARTESIAN_POINT('',(17.4,9.76,0.));
#413 = VECTOR('',#414,1.);
#414 = DIRECTION('',(0.,0.,1.));
#415 = ORIENTED_EDGE('',*,*,#416,.T.);
#416 = EDGE_CURVE('',#409,#409,#417,.T.);
#417 = CIRCLE('',#418,0.33);
#418 = AXIS2_PLACEMENT_3D('',#419,#420,#421);
#419 = CARTESIAN_POINT('',(17.07,9.76,0.41148));
#420 = DIRECTION('',(0.,0.,1.));
#421 = DIRECTION('',(1.,0.,-0.));
#422 = ORIENTED_EDGE('',*,*,#406,.F.);
#423 = ORIENTED_EDGE('',*,*,#424,.F.);
#424 = EDGE_CURVE('',#407,#407,#425,.T.);
#425 = CIRCLE('',#426,0.33);
#426 = AXIS2_PLACEMENT_3D('',#427,#428,#429);
#427 = CARTESIAN_POINT('',(17.07,9.76,0.));
#428 = DIRECTION('',(0.,0.,1.));
#429 = DIRECTION('',(1.,0.,-0.));
#430 = CYLINDRICAL_SURFACE('',#431,0.33);
#431 = AXIS2_PLACEMENT_3D('',#432,#433,#434);
#432 = CARTESIAN_POINT('',(17.07,9.76,0.));
#433 = DIRECTION('',(-0.,-0.,-1.));
#434 = DIRECTION('',(1.,0.,-0.));
#435 = ADVANCED_FACE('',(#436),#463,.F.);
#436 = FACE_BOUND('',#437,.T.);
#437 = EDGE_LOOP('',(#438,#448,#455,#456));
#438 = ORIENTED_EDGE('',*,*,#439,.T.);
#439 = EDGE_CURVE('',#440,#442,#444,.T.);
#440 = VERTEX_POINT('',#441);
#441 = CARTESIAN_POINT('',(11.335,13.011,0.));
#442 = VERTEX_POINT('',#443);
#443 = CARTESIAN_POINT('',(11.335,13.011,0.41148));
#444 = LINE('',#445,#446);
#445 = CARTESIAN_POINT('',(11.335,13.011,0.));
#446 = VECTOR('',#447,1.);
#447 = DIRECTION('',(0.,0.,1.));
#448 = ORIENTED_EDGE('',*,*,#449,.T.);
#449 = EDGE_CURVE('',#442,#442,#450,.T.);
#450 = CIRCLE('',#451,0.375);
#451 = AXIS2_PLACEMENT_3D('',#452,#453,#454);
#452 = CARTESIAN_POINT('',(10.96,13.011,0.41148));
#453 = DIRECTION('',(0.,0.,1.));
#454 = DIRECTION('',(1.,0.,-0.));
#455 = ORIENTED_EDGE('',*,*,#439,.F.);
#456 = ORIENTED_EDGE('',*,*,#457,.F.);
#457 = EDGE_CURVE('',#440,#440,#458,.T.);
#458 = CIRCLE('',#459,0.375);
#459 = AXIS2_PLACEMENT_3D('',#460,#461,#462);
#460 = CARTESIAN_POINT('',(10.96,13.011,0.));
#461 = DIRECTION('',(0.,0.,1.));
#462 = DIRECTION('',(1.,0.,-0.));
#463 = CYLINDRICAL_SURFACE('',#464,0.375);
#464 = AXIS2_PLACEMENT_3D('',#465,#466,#467);
#465 = CARTESIAN_POINT('',(10.96,13.011,0.));
#466 = DIRECTION('',(-0.,-0.,-1.));
#467 = DIRECTION('',(1.,0.,-0.));
#468 = ADVANCED_FACE('',(#469),#496,.F.);
#469 = FACE_BOUND('',#470,.T.);
#470 = EDGE_LOOP('',(#471,#481,#488,#489));
#471 = ORIENTED_EDGE('',*,*,#472,.T.);
#472 = EDGE_CURVE('',#473,#475,#477,.T.);
#473 = VERTEX_POINT('',#474);
#474 = CARTESIAN_POINT('',(17.4,7.22,0.));
#475 = VERTEX_POINT('',#476);
#476 = CARTESIAN_POINT('',(17.4,7.22,0.41148));
#477 = LINE('',#478,#479);
#478 = CARTESIAN_POINT('',(17.4,7.22,0.));
#479 = VECTOR('',#480,1.);
#480 = DIRECTION('',(0.,0.,1.));
#481 = ORIENTED_EDGE('',*,*,#482,.T.);
#482 = EDGE_CURVE('',#475,#475,#483,.T.);
#483 = CIRCLE('',#484,0.33);
#484 = AXIS2_PLACEMENT_3D('',#485,#486,#487);
#485 = CARTESIAN_POINT('',(17.07,7.22,0.41148));
#486 = DIRECTION('',(0.,0.,1.));
#487 = DIRECTION('',(1.,0.,-0.));
#488 = ORIENTED_EDGE('',*,*,#472,.F.);
#489 = ORIENTED_EDGE('',*,*,#490,.F.);
#490 = EDGE_CURVE('',#473,#473,#491,.T.);
#491 = CIRCLE('',#492,0.33);
#492 = AXIS2_PLACEMENT_3D('',#493,#494,#495);
#493 = CARTESIAN_POINT('',(17.07,7.22,0.));
#494 = DIRECTION('',(0.,0.,1.));
#495 = DIRECTION('',(1.,0.,-0.));
#496 = CYLINDRICAL_SURFACE('',#497,0.33);
#497 = AXIS2_PLACEMENT_3D('',#498,#499,#500);
#498 = CARTESIAN_POINT('',(17.07,7.22,0.));
#499 = DIRECTION('',(-0.,-0.,-1.));
#500 = DIRECTION('',(1.,0.,-0.));
#501 = ADVANCED_FACE('',(#502),#529,.F.);
#502 = FACE_BOUND('',#503,.T.);
#503 = EDGE_LOOP('',(#504,#514,#521,#522));
#504 = ORIENTED_EDGE('',*,*,#505,.T.);
#505 = EDGE_CURVE('',#506,#508,#510,.T.);
#506 = VERTEX_POINT('',#507);
#507 = CARTESIAN_POINT('',(25.439,4.68,0.));
#508 = VERTEX_POINT('',#509);
#509 = CARTESIAN_POINT('',(25.439,4.68,0.41148));
#510 = LINE('',#511,#512);
#511 = CARTESIAN_POINT('',(25.439,4.68,0.));
#512 = VECTOR('',#513,1.);
#513 = DIRECTION('',(0.,0.,1.));
#514 = ORIENTED_EDGE('',*,*,#515,.T.);
#515 = EDGE_CURVE('',#508,#508,#516,.T.);
#516 = CIRCLE('',#517,0.5);
#517 = AXIS2_PLACEMENT_3D('',#518,#519,#520);
#518 = CARTESIAN_POINT('',(24.939,4.68,0.41148));
#519 = DIRECTION('',(0.,0.,1.));
#520 = DIRECTION('',(1.,0.,-0.));
#521 = ORIENTED_EDGE('',*,*,#505,.F.);
#522 = ORIENTED_EDGE('',*,*,#523,.F.);
#523 = EDGE_CURVE('',#506,#506,#524,.T.);
#524 = CIRCLE('',#525,0.5);
#525 = AXIS2_PLACEMENT_3D('',#526,#527,#528);
#526 = CARTESIAN_POINT('',(24.939,4.68,0.));
#527 = DIRECTION('',(0.,0.,1.));
#528 = DIRECTION('',(1.,0.,-0.));
#529 = CYLINDRICAL_SURFACE('',#530,0.5);
#530 = AXIS2_PLACEMENT_3D('',#531,#532,#533);
#531 = CARTESIAN_POINT('',(24.939,4.68,0.));
#532 = DIRECTION('',(-0.,-0.,-1.));
#533 = DIRECTION('',(1.,0.,-0.));
#534 = ADVANCED_FACE('',(#535),#562,.F.);
#535 = FACE_BOUND('',#536,.T.);
#536 = EDGE_LOOP('',(#537,#547,#554,#555));
#537 = ORIENTED_EDGE('',*,*,#538,.T.);
#538 = EDGE_CURVE('',#539,#541,#543,.T.);
#539 = VERTEX_POINT('',#540);
#540 = CARTESIAN_POINT('',(22.899,4.68,0.));
#541 = VERTEX_POINT('',#542);
#542 = CARTESIAN_POINT('',(22.899,4.68,0.41148));
#543 = LINE('',#544,#545);
#544 = CARTESIAN_POINT('',(22.899,4.68,0.));
#545 = VECTOR('',#546,1.);
#546 = DIRECTION('',(0.,0.,1.));
#547 = ORIENTED_EDGE('',*,*,#548,.T.);
#548 = EDGE_CURVE('',#541,#541,#549,.T.);
#549 = CIRCLE('',#550,0.5);
#550 = AXIS2_PLACEMENT_3D('',#551,#552,#553);
#551 = CARTESIAN_POINT('',(22.399,4.68,0.41148));
#552 = DIRECTION('',(0.,0.,1.));
#553 = DIRECTION('',(1.,0.,-0.));
#554 = ORIENTED_EDGE('',*,*,#538,.F.);
#555 = ORIENTED_EDGE('',*,*,#556,.F.);
#556 = EDGE_CURVE('',#539,#539,#557,.T.);
#557 = CIRCLE('',#558,0.5);
#558 = AXIS2_PLACEMENT_3D('',#559,#560,#561);
#559 = CARTESIAN_POINT('',(22.399,4.68,0.));
#560 = DIRECTION('',(0.,0.,1.));
#561 = DIRECTION('',(1.,0.,-0.));
#562 = CYLINDRICAL_SURFACE('',#563,0.5);
#563 = AXIS2_PLACEMENT_3D('',#564,#565,#566);
#564 = CARTESIAN_POINT('',(22.399,4.68,0.));
#565 = DIRECTION('',(-0.,-0.,-1.));
#566 = DIRECTION('',(1.,0.,-0.));
#567 = ADVANCED_FACE('',(#568),#595,.F.);
#568 = FACE_BOUND('',#569,.T.);
#569 = EDGE_LOOP('',(#570,#580,#587,#588));
#570 = ORIENTED_EDGE('',*,*,#571,.T.);
#571 = EDGE_CURVE('',#572,#574,#576,.T.);
#572 = VERTEX_POINT('',#573);
#573 = CARTESIAN_POINT('',(21.082,9.76,0.));
#574 = VERTEX_POINT('',#575);
#575 = CARTESIAN_POINT('',(21.082,9.76,0.41148));
#576 = LINE('',#577,#578);
#577 = CARTESIAN_POINT('',(21.082,9.76,0.));
#578 = VECTOR('',#579,1.);
#579 = DIRECTION('',(0.,0.,1.));
#580 = ORIENTED_EDGE('',*,*,#581,.T.);
#581 = EDGE_CURVE('',#574,#574,#582,.T.);
#582 = CIRCLE('',#583,0.381);
#583 = AXIS2_PLACEMENT_3D('',#584,#585,#586);
#584 = CARTESIAN_POINT('',(20.701,9.76,0.41148));
#585 = DIRECTION('',(0.,0.,1.));
#586 = DIRECTION('',(1.,0.,-0.));
#587 = ORIENTED_EDGE('',*,*,#571,.F.);
#588 = ORIENTED_EDGE('',*,*,#589,.F.);
#589 = EDGE_CURVE('',#572,#572,#590,.T.);
#590 = CIRCLE('',#591,0.381);
#591 = AXIS2_PLACEMENT_3D('',#592,#593,#594);
#592 = CARTESIAN_POINT('',(20.701,9.76,0.));
#593 = DIRECTION('',(0.,0.,1.));
#594 = DIRECTION('',(1.,0.,-0.));
#595 = CYLINDRICAL_SURFACE('',#596,0.381);
#596 = AXIS2_PLACEMENT_3D('',#597,#598,#599);
#597 = CARTESIAN_POINT('',(20.701,9.76,0.));
#598 = DIRECTION('',(-0.,-0.,-1.));
#599 = DIRECTION('',(1.,0.,-0.));
#600 = ADVANCED_FACE('',(#601),#628,.F.);
#601 = FACE_BOUND('',#602,.T.);
#602 = EDGE_LOOP('',(#603,#613,#620,#621));
#603 = ORIENTED_EDGE('',*,*,#604,.T.);
#604 = EDGE_CURVE('',#605,#607,#609,.T.);
#605 = VERTEX_POINT('',#606);
#606 = CARTESIAN_POINT('',(17.4,12.3,0.));
#607 = VERTEX_POINT('',#608);
#608 = CARTESIAN_POINT('',(17.4,12.3,0.41148));
#609 = LINE('',#610,#611);
#610 = CARTESIAN_POINT('',(17.4,12.3,0.));
#611 = VECTOR('',#612,1.);
#612 = DIRECTION('',(0.,0.,1.));
#613 = ORIENTED_EDGE('',*,*,#614,.T.);
#614 = EDGE_CURVE('',#607,#607,#615,.T.);
#615 = CIRCLE('',#616,0.33);
#616 = AXIS2_PLACEMENT_3D('',#617,#618,#619);
#617 = CARTESIAN_POINT('',(17.07,12.3,0.41148));
#618 = DIRECTION('',(0.,0.,1.));
#619 = DIRECTION('',(1.,0.,-0.));
#620 = ORIENTED_EDGE('',*,*,#604,.F.);
#621 = ORIENTED_EDGE('',*,*,#622,.F.);
#622 = EDGE_CURVE('',#605,#605,#623,.T.);
#623 = CIRCLE('',#624,0.33);
#624 = AXIS2_PLACEMENT_3D('',#625,#626,#627);
#625 = CARTESIAN_POINT('',(17.07,12.3,0.));
#626 = DIRECTION('',(0.,0.,1.));
#627 = DIRECTION('',(1.,0.,-0.));
#628 = CYLINDRICAL_SURFACE('',#629,0.33);
#629 = AXIS2_PLACEMENT_3D('',#630,#631,#632);
#630 = CARTESIAN_POINT('',(17.07,12.3,0.));
#631 = DIRECTION('',(-0.,-0.,-1.));
#632 = DIRECTION('',(1.,0.,-0.));
#633 = ADVANCED_FACE('',(#634),#661,.F.);
#634 = FACE_BOUND('',#635,.T.);
#635 = EDGE_LOOP('',(#636,#646,#653,#654));
#636 = ORIENTED_EDGE('',*,*,#637,.T.);
#637 = EDGE_CURVE('',#638,#640,#642,.T.);
#638 = VERTEX_POINT('',#639);
#639 = CARTESIAN_POINT('',(21.082,12.3,0.));
#640 = VERTEX_POINT('',#641);
#641 = CARTESIAN_POINT('',(21.082,12.3,0.41148));
#642 = LINE('',#643,#644);
#643 = CARTESIAN_POINT('',(21.082,12.3,0.));
#644 = VECTOR('',#645,1.);
#645 = DIRECTION('',(0.,0.,1.));
#646 = ORIENTED_EDGE('',*,*,#647,.T.);
#647 = EDGE_CURVE('',#640,#640,#648,.T.);
#648 = CIRCLE('',#649,0.381);
#649 = AXIS2_PLACEMENT_3D('',#650,#651,#652);
#650 = CARTESIAN_POINT('',(20.701,12.3,0.41148));
#651 = DIRECTION('',(0.,0.,1.));
#652 = DIRECTION('',(1.,0.,-0.));
#653 = ORIENTED_EDGE('',*,*,#637,.F.);
#654 = ORIENTED_EDGE('',*,*,#655,.F.);
#655 = EDGE_CURVE('',#638,#638,#656,.T.);
#656 = CIRCLE('',#657,0.381);
#657 = AXIS2_PLACEMENT_3D('',#658,#659,#660);
#658 = CARTESIAN_POINT('',(20.701,12.3,0.));
#659 = DIRECTION('',(0.,0.,1.));
#660 = DIRECTION('',(1.,0.,-0.));
#661 = CYLINDRICAL_SURFACE('',#662,0.381);
#662 = AXIS2_PLACEMENT_3D('',#663,#664,#665);
#663 = CARTESIAN_POINT('',(20.701,12.3,0.));
#664 = DIRECTION('',(-0.,-0.,-1.));
#665 = DIRECTION('',(1.,0.,-0.));
#666 = ADVANCED_FACE('',(#667),#694,.F.);
#667 = FACE_BOUND('',#668,.T.);
#668 = EDGE_LOOP('',(#669,#679,#686,#687));
#669 = ORIENTED_EDGE('',*,*,#670,.T.);
#670 = EDGE_CURVE('',#671,#673,#675,.T.);
#671 = VERTEX_POINT('',#672);
#672 = CARTESIAN_POINT('',(21.082,14.84,0.));
#673 = VERTEX_POINT('',#674);
#674 = CARTESIAN_POINT('',(21.082,14.84,0.41148));
#675 = LINE('',#676,#677);
#676 = CARTESIAN_POINT('',(21.082,14.84,0.));
#677 = VECTOR('',#678,1.);
#678 = DIRECTION('',(0.,0.,1.));
#679 = ORIENTED_EDGE('',*,*,#680,.T.);
#680 = EDGE_CURVE('',#673,#673,#681,.T.);
#681 = CIRCLE('',#682,0.381);
#682 = AXIS2_PLACEMENT_3D('',#683,#684,#685);
#683 = CARTESIAN_POINT('',(20.701,14.84,0.41148));
#684 = DIRECTION('',(0.,0.,1.));
#685 = DIRECTION('',(1.,0.,-0.));
#686 = ORIENTED_EDGE('',*,*,#670,.F.);
#687 = ORIENTED_EDGE('',*,*,#688,.F.);
#688 = EDGE_CURVE('',#671,#671,#689,.T.);
#689 = CIRCLE('',#690,0.381);
#690 = AXIS2_PLACEMENT_3D('',#691,#692,#693);
#691 = CARTESIAN_POINT('',(20.701,14.84,0.));
#692 = DIRECTION('',(0.,0.,1.));
#693 = DIRECTION('',(1.,0.,-0.));
#694 = CYLINDRICAL_SURFACE('',#695,0.381);
#695 = AXIS2_PLACEMENT_3D('',#696,#697,#698);
#696 = CARTESIAN_POINT('',(20.701,14.84,0.));
#697 = DIRECTION('',(-0.,-0.,-1.));
#698 = DIRECTION('',(1.,0.,-0.));
#699 = ADVANCED_FACE('',(#700),#727,.F.);
#700 = FACE_BOUND('',#701,.T.);
#701 = EDGE_LOOP('',(#702,#712,#719,#720));
#702 = ORIENTED_EDGE('',*,*,#703,.T.);
#703 = EDGE_CURVE('',#704,#706,#708,.T.);
#704 = VERTEX_POINT('',#705);
#705 = CARTESIAN_POINT('',(4.335,17.37,0.));
#706 = VERTEX_POINT('',#707);
#707 = CARTESIAN_POINT('',(4.335,17.37,0.41148));
#708 = LINE('',#709,#710);
#709 = CARTESIAN_POINT('',(4.335,17.37,0.));
#710 = VECTOR('',#711,1.);
#711 = DIRECTION('',(0.,0.,1.));
#712 = ORIENTED_EDGE('',*,*,#713,.T.);
#713 = EDGE_CURVE('',#706,#706,#714,.T.);
#714 = CIRCLE('',#715,0.375);
#715 = AXIS2_PLACEMENT_3D('',#716,#717,#718);
#716 = CARTESIAN_POINT('',(3.96,17.37,0.41148));
#717 = DIRECTION('',(0.,0.,1.));
#718 = DIRECTION('',(1.,0.,-0.));
#719 = ORIENTED_EDGE('',*,*,#703,.F.);
#720 = ORIENTED_EDGE('',*,*,#721,.F.);
#721 = EDGE_CURVE('',#704,#704,#722,.T.);
#722 = CIRCLE('',#723,0.375);
#723 = AXIS2_PLACEMENT_3D('',#724,#725,#726);
#724 = CARTESIAN_POINT('',(3.96,17.37,0.));
#725 = DIRECTION('',(0.,0.,1.));
#726 = DIRECTION('',(1.,0.,-0.));
#727 = CYLINDRICAL_SURFACE('',#728,0.375);
#728 = AXIS2_PLACEMENT_3D('',#729,#730,#731);
#729 = CARTESIAN_POINT('',(3.96,17.37,0.));
#730 = DIRECTION('',(-0.,-0.,-1.));
#731 = DIRECTION('',(1.,0.,-0.));
#732 = ADVANCED_FACE('',(#733),#760,.F.);
#733 = FACE_BOUND('',#734,.T.);
#734 = EDGE_LOOP('',(#735,#745,#752,#753));
#735 = ORIENTED_EDGE('',*,*,#736,.T.);
#736 = EDGE_CURVE('',#737,#739,#741,.T.);
#737 = VERTEX_POINT('',#738);
#738 = CARTESIAN_POINT('',(11.335,17.37,0.));
#739 = VERTEX_POINT('',#740);
#740 = CARTESIAN_POINT('',(11.335,17.37,0.41148));
#741 = LINE('',#742,#743);
#742 = CARTESIAN_POINT('',(11.335,17.37,0.));
#743 = VECTOR('',#744,1.);
#744 = DIRECTION('',(0.,0.,1.));
#745 = ORIENTED_EDGE('',*,*,#746,.T.);
#746 = EDGE_CURVE('',#739,#739,#747,.T.);
#747 = CIRCLE('',#748,0.375);
#748 = AXIS2_PLACEMENT_3D('',#749,#750,#751);
#749 = CARTESIAN_POINT('',(10.96,17.37,0.41148));
#750 = DIRECTION('',(0.,0.,1.));
#751 = DIRECTION('',(1.,0.,-0.));
#752 = ORIENTED_EDGE('',*,*,#736,.F.);
#753 = ORIENTED_EDGE('',*,*,#754,.F.);
#754 = EDGE_CURVE('',#737,#737,#755,.T.);
#755 = CIRCLE('',#756,0.375);
#756 = AXIS2_PLACEMENT_3D('',#757,#758,#759);
#757 = CARTESIAN_POINT('',(10.96,17.37,0.));
#758 = DIRECTION('',(0.,0.,1.));
#759 = DIRECTION('',(1.,0.,-0.));
#760 = CYLINDRICAL_SURFACE('',#761,0.375);
#761 = AXIS2_PLACEMENT_3D('',#762,#763,#764);
#762 = CARTESIAN_POINT('',(10.96,17.37,0.));
#763 = DIRECTION('',(-0.,-0.,-1.));
#764 = DIRECTION('',(1.,0.,-0.));
#765 = ADVANCED_FACE('',(#766),#793,.F.);
#766 = FACE_BOUND('',#767,.T.);
#767 = EDGE_LOOP('',(#768,#778,#785,#786));
#768 = ORIENTED_EDGE('',*,*,#769,.T.);
#769 = EDGE_CURVE('',#770,#772,#774,.T.);
#770 = VERTEX_POINT('',#771);
#771 = CARTESIAN_POINT('',(17.4,17.38,0.));
#772 = VERTEX_POINT('',#773);
#773 = CARTESIAN_POINT('',(17.4,17.38,0.41148));
#774 = LINE('',#775,#776);
#775 = CARTESIAN_POINT('',(17.4,17.38,0.));
#776 = VECTOR('',#777,1.);
#777 = DIRECTION('',(0.,0.,1.));
#778 = ORIENTED_EDGE('',*,*,#779,.T.);
#779 = EDGE_CURVE('',#772,#772,#780,.T.);
#780 = CIRCLE('',#781,0.33);
#781 = AXIS2_PLACEMENT_3D('',#782,#783,#784);
#782 = CARTESIAN_POINT('',(17.07,17.38,0.41148));
#783 = DIRECTION('',(0.,0.,1.));
#784 = DIRECTION('',(1.,0.,-0.));
#785 = ORIENTED_EDGE('',*,*,#769,.F.);
#786 = ORIENTED_EDGE('',*,*,#787,.F.);
#787 = EDGE_CURVE('',#770,#770,#788,.T.);
#788 = CIRCLE('',#789,0.33);
#789 = AXIS2_PLACEMENT_3D('',#790,#791,#792);
#790 = CARTESIAN_POINT('',(17.07,17.38,0.));
#791 = DIRECTION('',(0.,0.,1.));
#792 = DIRECTION('',(1.,0.,-0.));
#793 = CYLINDRICAL_SURFACE('',#794,0.33);
#794 = AXIS2_PLACEMENT_3D('',#795,#796,#797);
#795 = CARTESIAN_POINT('',(17.07,17.38,0.));
#796 = DIRECTION('',(-0.,-0.,-1.));
#797 = DIRECTION('',(1.,0.,-0.));
#798 = ADVANCED_FACE('',(#799),#826,.F.);
#799 = FACE_BOUND('',#800,.T.);
#800 = EDGE_LOOP('',(#801,#811,#818,#819));
#801 = ORIENTED_EDGE('',*,*,#802,.T.);
#802 = EDGE_CURVE('',#803,#805,#807,.T.);
#803 = VERTEX_POINT('',#804);
#804 = CARTESIAN_POINT('',(7.885,22.305,0.));
#805 = VERTEX_POINT('',#806);
#806 = CARTESIAN_POINT('',(7.885,22.305,0.41148));
#807 = LINE('',#808,#809);
#808 = CARTESIAN_POINT('',(7.885,22.305,0.));
#809 = VECTOR('',#810,1.);
#810 = DIRECTION('',(0.,0.,1.));
#811 = ORIENTED_EDGE('',*,*,#812,.T.);
#812 = EDGE_CURVE('',#805,#805,#813,.T.);
#813 = CIRCLE('',#814,0.425);
#814 = AXIS2_PLACEMENT_3D('',#815,#816,#817);
#815 = CARTESIAN_POINT('',(7.46,22.305,0.41148));
#816 = DIRECTION('',(0.,0.,1.));
#817 = DIRECTION('',(1.,0.,-0.));
#818 = ORIENTED_EDGE('',*,*,#802,.F.);
#819 = ORIENTED_EDGE('',*,*,#820,.F.);
#820 = EDGE_CURVE('',#803,#803,#821,.T.);
#821 = CIRCLE('',#822,0.425);
#822 = AXIS2_PLACEMENT_3D('',#823,#824,#825);
#823 = CARTESIAN_POINT('',(7.46,22.305,0.));
#824 = DIRECTION('',(0.,0.,1.));
#825 = DIRECTION('',(1.,0.,-0.));
#826 = CYLINDRICAL_SURFACE('',#827,0.425);
#827 = AXIS2_PLACEMENT_3D('',#828,#829,#830);
#828 = CARTESIAN_POINT('',(7.46,22.305,0.));
#829 = DIRECTION('',(-0.,-0.,-1.));
#830 = DIRECTION('',(1.,0.,-0.));
#831 = ADVANCED_FACE('',(#832),#859,.F.);
#832 = FACE_BOUND('',#833,.T.);
#833 = EDGE_LOOP('',(#834,#844,#851,#852));
#834 = ORIENTED_EDGE('',*,*,#835,.T.);
#835 = EDGE_CURVE('',#836,#838,#840,.T.);
#836 = VERTEX_POINT('',#837);
#837 = CARTESIAN_POINT('',(5.345,22.305,0.));
#838 = VERTEX_POINT('',#839);
#839 = CARTESIAN_POINT('',(5.345,22.305,0.41148));
#840 = LINE('',#841,#842);
#841 = CARTESIAN_POINT('',(5.345,22.305,0.));
#842 = VECTOR('',#843,1.);
#843 = DIRECTION('',(0.,0.,1.));
#844 = ORIENTED_EDGE('',*,*,#845,.T.);
#845 = EDGE_CURVE('',#838,#838,#846,.T.);
#846 = CIRCLE('',#847,0.425);
#847 = AXIS2_PLACEMENT_3D('',#848,#849,#850);
#848 = CARTESIAN_POINT('',(4.92,22.305,0.41148));
#849 = DIRECTION('',(0.,0.,1.));
#850 = DIRECTION('',(1.,0.,-0.));
#851 = ORIENTED_EDGE('',*,*,#835,.F.);
#852 = ORIENTED_EDGE('',*,*,#853,.F.);
#853 = EDGE_CURVE('',#836,#836,#854,.T.);
#854 = CIRCLE('',#855,0.425);
#855 = AXIS2_PLACEMENT_3D('',#856,#857,#858);
#856 = CARTESIAN_POINT('',(4.92,22.305,0.));
#857 = DIRECTION('',(0.,0.,1.));
#858 = DIRECTION('',(1.,0.,-0.));
#859 = CYLINDRICAL_SURFACE('',#860,0.425);
#860 = AXIS2_PLACEMENT_3D('',#861,#862,#863);
#861 = CARTESIAN_POINT('',(4.92,22.305,0.));
#862 = DIRECTION('',(-0.,-0.,-1.));
#863 = DIRECTION('',(1.,0.,-0.));
#864 = ADVANCED_FACE('',(#865),#892,.F.);
#865 = FACE_BOUND('',#866,.T.);
#866 = EDGE_LOOP('',(#867,#877,#884,#885));
#867 = ORIENTED_EDGE('',*,*,#868,.T.);
#868 = EDGE_CURVE('',#869,#871,#873,.T.);
#869 = VERTEX_POINT('',#870);
#870 = CARTESIAN_POINT('',(17.4,19.92,0.));
#871 = VERTEX_POINT('',#872);
#872 = CARTESIAN_POINT('',(17.4,19.92,0.41148));
#873 = LINE('',#874,#875);
#874 = CARTESIAN_POINT('',(17.4,19.92,0.));
#875 = VECTOR('',#876,1.);
#876 = DIRECTION('',(0.,0.,1.));
#877 = ORIENTED_EDGE('',*,*,#878,.T.);
#878 = EDGE_CURVE('',#871,#871,#879,.T.);
#879 = CIRCLE('',#880,0.33);
#880 = AXIS2_PLACEMENT_3D('',#881,#882,#883);
#881 = CARTESIAN_POINT('',(17.07,19.92,0.41148));
#882 = DIRECTION('',(0.,0.,1.));
#883 = DIRECTION('',(1.,0.,-0.));
#884 = ORIENTED_EDGE('',*,*,#868,.F.);
#885 = ORIENTED_EDGE('',*,*,#886,.F.);
#886 = EDGE_CURVE('',#869,#869,#887,.T.);
#887 = CIRCLE('',#888,0.33);
#888 = AXIS2_PLACEMENT_3D('',#889,#890,#891);
#889 = CARTESIAN_POINT('',(17.07,19.92,0.));
#890 = DIRECTION('',(0.,0.,1.));
#891 = DIRECTION('',(1.,0.,-0.));
#892 = CYLINDRICAL_SURFACE('',#893,0.33);
#893 = AXIS2_PLACEMENT_3D('',#894,#895,#896);
#894 = CARTESIAN_POINT('',(17.07,19.92,0.));
#895 = DIRECTION('',(-0.,-0.,-1.));
#896 = DIRECTION('',(1.,0.,-0.));
#897 = ADVANCED_FACE('',(#898),#925,.F.);
#898 = FACE_BOUND('',#899,.T.);
#899 = EDGE_LOOP('',(#900,#910,#917,#918));
#900 = ORIENTED_EDGE('',*,*,#901,.T.);
#901 = EDGE_CURVE('',#902,#904,#906,.T.);
#902 = VERTEX_POINT('',#903);
#903 = CARTESIAN_POINT('',(10.425,22.305,0.));
#904 = VERTEX_POINT('',#905);
#905 = CARTESIAN_POINT('',(10.425,22.305,0.41148));
#906 = LINE('',#907,#908);
#907 = CARTESIAN_POINT('',(10.425,22.305,0.));
#908 = VECTOR('',#909,1.);
#909 = DIRECTION('',(0.,0.,1.));
#910 = ORIENTED_EDGE('',*,*,#911,.T.);
#911 = EDGE_CURVE('',#904,#904,#912,.T.);
#912 = CIRCLE('',#913,0.425);
#913 = AXIS2_PLACEMENT_3D('',#914,#915,#916);
#914 = CARTESIAN_POINT('',(10.,22.305,0.41148));
#915 = DIRECTION('',(0.,0.,1.));
#916 = DIRECTION('',(1.,0.,-0.));
#917 = ORIENTED_EDGE('',*,*,#901,.F.);
#918 = ORIENTED_EDGE('',*,*,#919,.F.);
#919 = EDGE_CURVE('',#902,#902,#920,.T.);
#920 = CIRCLE('',#921,0.425);
#921 = AXIS2_PLACEMENT_3D('',#922,#923,#924);
#922 = CARTESIAN_POINT('',(10.,22.305,0.));
#923 = DIRECTION('',(0.,0.,1.));
#924 = DIRECTION('',(1.,0.,-0.));
#925 = CYLINDRICAL_SURFACE('',#926,0.425);
#926 = AXIS2_PLACEMENT_3D('',#927,#928,#929);
#927 = CARTESIAN_POINT('',(10.,22.305,0.));
#928 = DIRECTION('',(-0.,-0.,-1.));
#929 = DIRECTION('',(1.,0.,-0.));
#930 = ADVANCED_FACE('',(#931),#958,.F.);
#931 = FACE_BOUND('',#932,.T.);
#932 = EDGE_LOOP('',(#933,#943,#950,#951));
#933 = ORIENTED_EDGE('',*,*,#934,.T.);
#934 = EDGE_CURVE('',#935,#937,#939,.T.);
#935 = VERTEX_POINT('',#936);
#936 = CARTESIAN_POINT('',(17.4,14.84,0.));
#937 = VERTEX_POINT('',#938);
#938 = CARTESIAN_POINT('',(17.4,14.84,0.41148));
#939 = LINE('',#940,#941);
#940 = CARTESIAN_POINT('',(17.4,14.84,0.));
#941 = VECTOR('',#942,1.);
#942 = DIRECTION('',(0.,0.,1.));
#943 = ORIENTED_EDGE('',*,*,#944,.T.);
#944 = EDGE_CURVE('',#937,#937,#945,.T.);
#945 = CIRCLE('',#946,0.33);
#946 = AXIS2_PLACEMENT_3D('',#947,#948,#949);
#947 = CARTESIAN_POINT('',(17.07,14.84,0.41148));
#948 = DIRECTION('',(0.,0.,1.));
#949 = DIRECTION('',(1.,0.,-0.));
#950 = ORIENTED_EDGE('',*,*,#934,.F.);
#951 = ORIENTED_EDGE('',*,*,#952,.F.);
#952 = EDGE_CURVE('',#935,#935,#953,.T.);
#953 = CIRCLE('',#954,0.33);
#954 = AXIS2_PLACEMENT_3D('',#955,#956,#957);
#955 = CARTESIAN_POINT('',(17.07,14.84,0.));
#956 = DIRECTION('',(0.,0.,1.));
#957 = DIRECTION('',(1.,0.,-0.));
#958 = CYLINDRICAL_SURFACE('',#959,0.33);
#959 = AXIS2_PLACEMENT_3D('',#960,#961,#962);
#960 = CARTESIAN_POINT('',(17.07,14.84,0.));
#961 = DIRECTION('',(-0.,-0.,-1.));
#962 = DIRECTION('',(1.,0.,-0.));
#963 = ADVANCED_FACE('',(#964),#991,.F.);
#964 = FACE_BOUND('',#965,.T.);
#965 = EDGE_LOOP('',(#966,#976,#983,#984));
#966 = ORIENTED_EDGE('',*,*,#967,.T.);
#967 = EDGE_CURVE('',#968,#970,#972,.T.);
#968 = VERTEX_POINT('',#969);
#969 = CARTESIAN_POINT('',(25.633,17.178,0.));
#970 = VERTEX_POINT('',#971);
#971 = CARTESIAN_POINT('',(25.633,17.178,0.41148));
#972 = LINE('',#973,#974);
#973 = CARTESIAN_POINT('',(25.633,17.178,0.));
#974 = VECTOR('',#975,1.);
#975 = DIRECTION('',(0.,0.,1.));
#976 = ORIENTED_EDGE('',*,*,#977,.T.);
#977 = EDGE_CURVE('',#970,#970,#978,.T.);
#978 = CIRCLE('',#979,0.375);
#979 = AXIS2_PLACEMENT_3D('',#980,#981,#982);
#980 = CARTESIAN_POINT('',(25.258,17.178,0.41148));
#981 = DIRECTION('',(0.,0.,1.));
#982 = DIRECTION('',(1.,0.,-0.));
#983 = ORIENTED_EDGE('',*,*,#967,.F.);
#984 = ORIENTED_EDGE('',*,*,#985,.F.);
#985 = EDGE_CURVE('',#968,#968,#986,.T.);
#986 = CIRCLE('',#987,0.375);
#987 = AXIS2_PLACEMENT_3D('',#988,#989,#990);
#988 = CARTESIAN_POINT('',(25.258,17.178,0.));
#989 = DIRECTION('',(0.,0.,1.));
#990 = DIRECTION('',(1.,0.,-0.));
#991 = CYLINDRICAL_SURFACE('',#992,0.375);
#992 = AXIS2_PLACEMENT_3D('',#993,#994,#995);
#993 = CARTESIAN_POINT('',(25.258,17.178,0.));
#994 = DIRECTION('',(-0.,-0.,-1.));
#995 = DIRECTION('',(1.,0.,-0.));
#996 = ADVANCED_FACE('',(#997),#1024,.F.);
#997 = FACE_BOUND('',#998,.T.);
#998 = EDGE_LOOP('',(#999,#1009,#1016,#1017));
#999 = ORIENTED_EDGE('',*,*,#1000,.T.);
#1000 = EDGE_CURVE('',#1001,#1003,#1005,.T.);
#1001 = VERTEX_POINT('',#1002);
#1002 = CARTESIAN_POINT('',(21.082,17.38,0.));
#1003 = VERTEX_POINT('',#1004);
#1004 = CARTESIAN_POINT('',(21.082,17.38,0.41148));
#1005 = LINE('',#1006,#1007);
#1006 = CARTESIAN_POINT('',(21.082,17.38,0.));
#1007 = VECTOR('',#1008,1.);
#1008 = DIRECTION('',(0.,0.,1.));
#1009 = ORIENTED_EDGE('',*,*,#1010,.T.);
#1010 = EDGE_CURVE('',#1003,#1003,#1011,.T.);
#1011 = CIRCLE('',#1012,0.381);
#1012 = AXIS2_PLACEMENT_3D('',#1013,#1014,#1015);
#1013 = CARTESIAN_POINT('',(20.701,17.38,0.41148));
#1014 = DIRECTION('',(0.,0.,1.));
#1015 = DIRECTION('',(1.,0.,-0.));
#1016 = ORIENTED_EDGE('',*,*,#1000,.F.);
#1017 = ORIENTED_EDGE('',*,*,#1018,.F.);
#1018 = EDGE_CURVE('',#1001,#1001,#1019,.T.);
#1019 = CIRCLE('',#1020,0.381);
#1020 = AXIS2_PLACEMENT_3D('',#1021,#1022,#1023);
#1021 = CARTESIAN_POINT('',(20.701,17.38,0.));
#1022 = DIRECTION('',(0.,0.,1.));
#1023 = DIRECTION('',(1.,0.,-0.));
#1024 = CYLINDRICAL_SURFACE('',#1025,0.381);
#1025 = AXIS2_PLACEMENT_3D('',#1026,#1027,#1028);
#1026 = CARTESIAN_POINT('',(20.701,17.38,0.));
#1027 = DIRECTION('',(-0.,-0.,-1.));
#1028 = DIRECTION('',(1.,0.,-0.));
#1029 = ADVANCED_FACE('',(#1030),#1057,.F.);
#1030 = FACE_BOUND('',#1031,.T.);
#1031 = EDGE_LOOP('',(#1032,#1042,#1049,#1050));
#1032 = ORIENTED_EDGE('',*,*,#1033,.T.);
#1033 = EDGE_CURVE('',#1034,#1036,#1038,.T.);
#1034 = VERTEX_POINT('',#1035);
#1035 = CARTESIAN_POINT('',(20.751,20.734,0.));
#1036 = VERTEX_POINT('',#1037);
#1037 = CARTESIAN_POINT('',(20.751,20.734,0.41148));
#1038 = LINE('',#1039,#1040);
#1039 = CARTESIAN_POINT('',(20.751,20.734,0.));
#1040 = VECTOR('',#1041,1.);
#1041 = DIRECTION('',(0.,0.,1.));
#1042 = ORIENTED_EDGE('',*,*,#1043,.T.);
#1043 = EDGE_CURVE('',#1036,#1036,#1044,.T.);
#1044 = CIRCLE('',#1045,0.375);
#1045 = AXIS2_PLACEMENT_3D('',#1046,#1047,#1048);
#1046 = CARTESIAN_POINT('',(20.376,20.734,0.41148));
#1047 = DIRECTION('',(0.,0.,1.));
#1048 = DIRECTION('',(1.,0.,-0.));
#1049 = ORIENTED_EDGE('',*,*,#1033,.F.);
#1050 = ORIENTED_EDGE('',*,*,#1051,.F.);
#1051 = EDGE_CURVE('',#1034,#1034,#1052,.T.);
#1052 = CIRCLE('',#1053,0.375);
#1053 = AXIS2_PLACEMENT_3D('',#1054,#1055,#1056);
#1054 = CARTESIAN_POINT('',(20.376,20.734,0.));
#1055 = DIRECTION('',(0.,0.,1.));
#1056 = DIRECTION('',(1.,0.,-0.));
#1057 = CYLINDRICAL_SURFACE('',#1058,0.375);
#1058 = AXIS2_PLACEMENT_3D('',#1059,#1060,#1061);
#1059 = CARTESIAN_POINT('',(20.376,20.734,0.));
#1060 = DIRECTION('',(-0.,-0.,-1.));
#1061 = DIRECTION('',(1.,0.,-0.));
#1062 = ADVANCED_FACE('',(#1063),#1090,.F.);
#1063 = FACE_BOUND('',#1064,.T.);
#1064 = EDGE_LOOP('',(#1065,#1075,#1082,#1083));
#1065 = ORIENTED_EDGE('',*,*,#1066,.T.);
#1066 = EDGE_CURVE('',#1067,#1069,#1071,.T.);
#1067 = VERTEX_POINT('',#1068);
#1068 = CARTESIAN_POINT('',(17.4,22.46,0.));
#1069 = VERTEX_POINT('',#1070);
#1070 = CARTESIAN_POINT('',(17.4,22.46,0.41148));
#1071 = LINE('',#1072,#1073);
#1072 = CARTESIAN_POINT('',(17.4,22.46,0.));
#1073 = VECTOR('',#1074,1.);
#1074 = DIRECTION('',(0.,0.,1.));
#1075 = ORIENTED_EDGE('',*,*,#1076,.T.);
#1076 = EDGE_CURVE('',#1069,#1069,#1077,.T.);
#1077 = CIRCLE('',#1078,0.33);
#1078 = AXIS2_PLACEMENT_3D('',#1079,#1080,#1081);
#1079 = CARTESIAN_POINT('',(17.07,22.46,0.41148));
#1080 = DIRECTION('',(0.,0.,1.));
#1081 = DIRECTION('',(1.,0.,-0.));
#1082 = ORIENTED_EDGE('',*,*,#1066,.F.);
#1083 = ORIENTED_EDGE('',*,*,#1084,.F.);
#1084 = EDGE_CURVE('',#1067,#1067,#1085,.T.);
#1085 = CIRCLE('',#1086,0.33);
#1086 = AXIS2_PLACEMENT_3D('',#1087,#1088,#1089);
#1087 = CARTESIAN_POINT('',(17.07,22.46,0.));
#1088 = DIRECTION('',(0.,0.,1.));
#1089 = DIRECTION('',(1.,0.,-0.));
#1090 = CYLINDRICAL_SURFACE('',#1091,0.33);
#1091 = AXIS2_PLACEMENT_3D('',#1092,#1093,#1094);
#1092 = CARTESIAN_POINT('',(17.07,22.46,0.));
#1093 = DIRECTION('',(-0.,-0.,-1.));
#1094 = DIRECTION('',(1.,0.,-0.));
#1095 = ADVANCED_FACE('',(#1096),#1123,.F.);
#1096 = FACE_BOUND('',#1097,.T.);
#1097 = EDGE_LOOP('',(#1098,#1108,#1115,#1116));
#1098 = ORIENTED_EDGE('',*,*,#1099,.T.);
#1099 = EDGE_CURVE('',#1100,#1102,#1104,.T.);
#1100 = VERTEX_POINT('',#1101);
#1101 = CARTESIAN_POINT('',(27.751,20.734,0.));
#1102 = VERTEX_POINT('',#1103);
#1103 = CARTESIAN_POINT('',(27.751,20.734,0.41148));
#1104 = LINE('',#1105,#1106);
#1105 = CARTESIAN_POINT('',(27.751,20.734,0.));
#1106 = VECTOR('',#1107,1.);
#1107 = DIRECTION('',(0.,0.,1.));
#1108 = ORIENTED_EDGE('',*,*,#1109,.T.);
#1109 = EDGE_CURVE('',#1102,#1102,#1110,.T.);
#1110 = CIRCLE('',#1111,0.375);
#1111 = AXIS2_PLACEMENT_3D('',#1112,#1113,#1114);
#1112 = CARTESIAN_POINT('',(27.376,20.734,0.41148));
#1113 = DIRECTION('',(0.,0.,1.));
#1114 = DIRECTION('',(1.,0.,-0.));
#1115 = ORIENTED_EDGE('',*,*,#1099,.F.);
#1116 = ORIENTED_EDGE('',*,*,#1117,.F.);
#1117 = EDGE_CURVE('',#1100,#1100,#1118,.T.);
#1118 = CIRCLE('',#1119,0.375);
#1119 = AXIS2_PLACEMENT_3D('',#1120,#1121,#1122);
#1120 = CARTESIAN_POINT('',(27.376,20.734,0.));
#1121 = DIRECTION('',(0.,0.,1.));
#1122 = DIRECTION('',(1.,0.,-0.));
#1123 = CYLINDRICAL_SURFACE('',#1124,0.375);
#1124 = AXIS2_PLACEMENT_3D('',#1125,#1126,#1127);
#1125 = CARTESIAN_POINT('',(27.376,20.734,0.));
#1126 = DIRECTION('',(-0.,-0.,-1.));
#1127 = DIRECTION('',(1.,0.,-0.));
#1128 = ADVANCED_FACE('',(#1129),#1156,.F.);
#1129 = FACE_BOUND('',#1130,.T.);
#1130 = EDGE_LOOP('',(#1131,#1141,#1148,#1149));
#1131 = ORIENTED_EDGE('',*,*,#1132,.T.);
#1132 = EDGE_CURVE('',#1133,#1135,#1137,.T.);
#1133 = VERTEX_POINT('',#1134);
#1134 = CARTESIAN_POINT('',(20.751,23.782,0.));
#1135 = VERTEX_POINT('',#1136);
#1136 = CARTESIAN_POINT('',(20.751,23.782,0.41148));
#1137 = LINE('',#1138,#1139);
#1138 = CARTESIAN_POINT('',(20.751,23.782,0.));
#1139 = VECTOR('',#1140,1.);
#1140 = DIRECTION('',(0.,0.,1.));
#1141 = ORIENTED_EDGE('',*,*,#1142,.T.);
#1142 = EDGE_CURVE('',#1135,#1135,#1143,.T.);
#1143 = CIRCLE('',#1144,0.375);
#1144 = AXIS2_PLACEMENT_3D('',#1145,#1146,#1147);
#1145 = CARTESIAN_POINT('',(20.376,23.782,0.41148));
#1146 = DIRECTION('',(0.,0.,1.));
#1147 = DIRECTION('',(1.,0.,-0.));
#1148 = ORIENTED_EDGE('',*,*,#1132,.F.);
#1149 = ORIENTED_EDGE('',*,*,#1150,.F.);
#1150 = EDGE_CURVE('',#1133,#1133,#1151,.T.);
#1151 = CIRCLE('',#1152,0.375);
#1152 = AXIS2_PLACEMENT_3D('',#1153,#1154,#1155);
#1153 = CARTESIAN_POINT('',(20.376,23.782,0.));
#1154 = DIRECTION('',(0.,0.,1.));
#1155 = DIRECTION('',(1.,0.,-0.));
#1156 = CYLINDRICAL_SURFACE('',#1157,0.375);
#1157 = AXIS2_PLACEMENT_3D('',#1158,#1159,#1160);
#1158 = CARTESIAN_POINT('',(20.376,23.782,0.));
#1159 = DIRECTION('',(-0.,-0.,-1.));
#1160 = DIRECTION('',(1.,0.,-0.));
#1161 = ADVANCED_FACE('',(#1162),#1189,.F.);
#1162 = FACE_BOUND('',#1163,.T.);
#1163 = EDGE_LOOP('',(#1164,#1174,#1181,#1182));
#1164 = ORIENTED_EDGE('',*,*,#1165,.T.);
#1165 = EDGE_CURVE('',#1166,#1168,#1170,.T.);
#1166 = VERTEX_POINT('',#1167);
#1167 = CARTESIAN_POINT('',(33.059,4.68,0.));
#1168 = VERTEX_POINT('',#1169);
#1169 = CARTESIAN_POINT('',(33.059,4.68,0.41148));
#1170 = LINE('',#1171,#1172);
#1171 = CARTESIAN_POINT('',(33.059,4.68,0.));
#1172 = VECTOR('',#1173,1.);
#1173 = DIRECTION('',(0.,0.,1.));
#1174 = ORIENTED_EDGE('',*,*,#1175,.T.);
#1175 = EDGE_CURVE('',#1168,#1168,#1176,.T.);
#1176 = CIRCLE('',#1177,0.5);
#1177 = AXIS2_PLACEMENT_3D('',#1178,#1179,#1180);
#1178 = CARTESIAN_POINT('',(32.559,4.68,0.41148));
#1179 = DIRECTION('',(0.,0.,1.));
#1180 = DIRECTION('',(1.,0.,-0.));
#1181 = ORIENTED_EDGE('',*,*,#1165,.F.);
#1182 = ORIENTED_EDGE('',*,*,#1183,.F.);
#1183 = EDGE_CURVE('',#1166,#1166,#1184,.T.);
#1184 = CIRCLE('',#1185,0.5);
#1185 = AXIS2_PLACEMENT_3D('',#1186,#1187,#1188);
#1186 = CARTESIAN_POINT('',(32.559,4.68,0.));
#1187 = DIRECTION('',(0.,0.,1.));
#1188 = DIRECTION('',(1.,0.,-0.));
#1189 = CYLINDRICAL_SURFACE('',#1190,0.5);
#1190 = AXIS2_PLACEMENT_3D('',#1191,#1192,#1193);
#1191 = CARTESIAN_POINT('',(32.559,4.68,0.));
#1192 = DIRECTION('',(-0.,-0.,-1.));
#1193 = DIRECTION('',(1.,0.,-0.));
#1194 = ADVANCED_FACE('',(#1195),#1222,.F.);
#1195 = FACE_BOUND('',#1196,.T.);
#1196 = EDGE_LOOP('',(#1197,#1207,#1214,#1215));
#1197 = ORIENTED_EDGE('',*,*,#1198,.T.);
#1198 = EDGE_CURVE('',#1199,#1201,#1203,.T.);
#1199 = VERTEX_POINT('',#1200);
#1200 = CARTESIAN_POINT('',(35.599,4.68,0.));
#1201 = VERTEX_POINT('',#1202);
#1202 = CARTESIAN_POINT('',(35.599,4.68,0.41148));
#1203 = LINE('',#1204,#1205);
#1204 = CARTESIAN_POINT('',(35.599,4.68,0.));
#1205 = VECTOR('',#1206,1.);
#1206 = DIRECTION('',(0.,0.,1.));
#1207 = ORIENTED_EDGE('',*,*,#1208,.T.);
#1208 = EDGE_CURVE('',#1201,#1201,#1209,.T.);
#1209 = CIRCLE('',#1210,0.5);
#1210 = AXIS2_PLACEMENT_3D('',#1211,#1212,#1213);
#1211 = CARTESIAN_POINT('',(35.099,4.68,0.41148));
#1212 = DIRECTION('',(0.,0.,1.));
#1213 = DIRECTION('',(1.,0.,-0.));
#1214 = ORIENTED_EDGE('',*,*,#1198,.F.);
#1215 = ORIENTED_EDGE('',*,*,#1216,.F.);
#1216 = EDGE_CURVE('',#1199,#1199,#1217,.T.);
#1217 = CIRCLE('',#1218,0.5);
#1218 = AXIS2_PLACEMENT_3D('',#1219,#1220,#1221);
#1219 = CARTESIAN_POINT('',(35.099,4.68,0.));
#1220 = DIRECTION('',(0.,0.,1.));
#1221 = DIRECTION('',(1.,0.,-0.));
#1222 = CYLINDRICAL_SURFACE('',#1223,0.5);
#1223 = AXIS2_PLACEMENT_3D('',#1224,#1225,#1226);
#1224 = CARTESIAN_POINT('',(35.099,4.68,0.));
#1225 = DIRECTION('',(-0.,-0.,-1.));
#1226 = DIRECTION('',(1.,0.,-0.));
#1227 = ADVANCED_FACE('',(#1228),#1255,.F.);
#1228 = FACE_BOUND('',#1229,.T.);
#1229 = EDGE_LOOP('',(#1230,#1240,#1247,#1248));
#1230 = ORIENTED_EDGE('',*,*,#1231,.T.);
#1231 = EDGE_CURVE('',#1232,#1234,#1236,.T.);
#1232 = VERTEX_POINT('',#1233);
#1233 = CARTESIAN_POINT('',(40.26,4.68,0.));
#1234 = VERTEX_POINT('',#1235);
#1235 = CARTESIAN_POINT('',(40.26,4.68,0.41148));
#1236 = LINE('',#1237,#1238);
#1237 = CARTESIAN_POINT('',(40.26,4.68,0.));
#1238 = VECTOR('',#1239,1.);
#1239 = DIRECTION('',(0.,0.,1.));
#1240 = ORIENTED_EDGE('',*,*,#1241,.T.);
#1241 = EDGE_CURVE('',#1234,#1234,#1242,.T.);
#1242 = CIRCLE('',#1243,0.33);
#1243 = AXIS2_PLACEMENT_3D('',#1244,#1245,#1246);
#1244 = CARTESIAN_POINT('',(39.93,4.68,0.41148));
#1245 = DIRECTION('',(0.,0.,1.));
#1246 = DIRECTION('',(1.,0.,-0.));
#1247 = ORIENTED_EDGE('',*,*,#1231,.F.);
#1248 = ORIENTED_EDGE('',*,*,#1249,.F.);
#1249 = EDGE_CURVE('',#1232,#1232,#1250,.T.);
#1250 = CIRCLE('',#1251,0.33);
#1251 = AXIS2_PLACEMENT_3D('',#1252,#1253,#1254);
#1252 = CARTESIAN_POINT('',(39.93,4.68,0.));
#1253 = DIRECTION('',(0.,0.,1.));
#1254 = DIRECTION('',(1.,0.,-0.));
#1255 = CYLINDRICAL_SURFACE('',#1256,0.33);
#1256 = AXIS2_PLACEMENT_3D('',#1257,#1258,#1259);
#1257 = CARTESIAN_POINT('',(39.93,4.68,0.));
#1258 = DIRECTION('',(-0.,-0.,-1.));
#1259 = DIRECTION('',(1.,0.,-0.));
#1260 = ADVANCED_FACE('',(#1261),#1288,.F.);
#1261 = FACE_BOUND('',#1262,.T.);
#1262 = EDGE_LOOP('',(#1263,#1273,#1280,#1281));
#1263 = ORIENTED_EDGE('',*,*,#1264,.T.);
#1264 = EDGE_CURVE('',#1265,#1267,#1269,.T.);
#1265 = VERTEX_POINT('',#1266);
#1266 = CARTESIAN_POINT('',(28.173,10.447,0.));
#1267 = VERTEX_POINT('',#1268);
#1268 = CARTESIAN_POINT('',(28.173,10.447,0.41148));
#1269 = LINE('',#1270,#1271);
#1270 = CARTESIAN_POINT('',(28.173,10.447,0.));
#1271 = VECTOR('',#1272,1.);
#1272 = DIRECTION('',(0.,0.,1.));
#1273 = ORIENTED_EDGE('',*,*,#1274,.T.);
#1274 = EDGE_CURVE('',#1267,#1267,#1275,.T.);
#1275 = CIRCLE('',#1276,0.375);
#1276 = AXIS2_PLACEMENT_3D('',#1277,#1278,#1279);
#1277 = CARTESIAN_POINT('',(27.798,10.447,0.41148));
#1278 = DIRECTION('',(0.,0.,1.));
#1279 = DIRECTION('',(1.,0.,-0.));
#1280 = ORIENTED_EDGE('',*,*,#1264,.F.);
#1281 = ORIENTED_EDGE('',*,*,#1282,.F.);
#1282 = EDGE_CURVE('',#1265,#1265,#1283,.T.);
#1283 = CIRCLE('',#1284,0.375);
#1284 = AXIS2_PLACEMENT_3D('',#1285,#1286,#1287);
#1285 = CARTESIAN_POINT('',(27.798,10.447,0.));
#1286 = DIRECTION('',(0.,0.,1.));
#1287 = DIRECTION('',(1.,0.,-0.));
#1288 = CYLINDRICAL_SURFACE('',#1289,0.375);
#1289 = AXIS2_PLACEMENT_3D('',#1290,#1291,#1292);
#1290 = CARTESIAN_POINT('',(27.798,10.447,0.));
#1291 = DIRECTION('',(-0.,-0.,-1.));
#1292 = DIRECTION('',(1.,0.,-0.));
#1293 = ADVANCED_FACE('',(#1294),#1321,.F.);
#1294 = FACE_BOUND('',#1295,.T.);
#1295 = EDGE_LOOP('',(#1296,#1306,#1313,#1314));
#1296 = ORIENTED_EDGE('',*,*,#1297,.T.);
#1297 = EDGE_CURVE('',#1298,#1300,#1302,.T.);
#1298 = VERTEX_POINT('',#1299);
#1299 = CARTESIAN_POINT('',(28.173,13.956,0.));
#1300 = VERTEX_POINT('',#1301);
#1301 = CARTESIAN_POINT('',(28.173,13.956,0.41148));
#1302 = LINE('',#1303,#1304);
#1303 = CARTESIAN_POINT('',(28.173,13.956,0.));
#1304 = VECTOR('',#1305,1.);
#1305 = DIRECTION('',(0.,0.,1.));
#1306 = ORIENTED_EDGE('',*,*,#1307,.T.);
#1307 = EDGE_CURVE('',#1300,#1300,#1308,.T.);
#1308 = CIRCLE('',#1309,0.375);
#1309 = AXIS2_PLACEMENT_3D('',#1310,#1311,#1312);
#1310 = CARTESIAN_POINT('',(27.798,13.956,0.41148));
#1311 = DIRECTION('',(0.,0.,1.));
#1312 = DIRECTION('',(1.,0.,-0.));
#1313 = ORIENTED_EDGE('',*,*,#1297,.F.);
#1314 = ORIENTED_EDGE('',*,*,#1315,.F.);
#1315 = EDGE_CURVE('',#1298,#1298,#1316,.T.);
#1316 = CIRCLE('',#1317,0.375);
#1317 = AXIS2_PLACEMENT_3D('',#1318,#1319,#1320);
#1318 = CARTESIAN_POINT('',(27.798,13.956,0.));
#1319 = DIRECTION('',(0.,0.,1.));
#1320 = DIRECTION('',(1.,0.,-0.));
#1321 = CYLINDRICAL_SURFACE('',#1322,0.375);
#1322 = AXIS2_PLACEMENT_3D('',#1323,#1324,#1325);
#1323 = CARTESIAN_POINT('',(27.798,13.956,0.));
#1324 = DIRECTION('',(-0.,-0.,-1.));
#1325 = DIRECTION('',(1.,0.,-0.));
#1326 = ADVANCED_FACE('',(#1327),#1354,.F.);
#1327 = FACE_BOUND('',#1328,.T.);
#1328 = EDGE_LOOP('',(#1329,#1339,#1346,#1347));
#1329 = ORIENTED_EDGE('',*,*,#1330,.T.);
#1330 = EDGE_CURVE('',#1331,#1333,#1335,.T.);
#1331 = VERTEX_POINT('',#1332);
#1332 = CARTESIAN_POINT('',(40.26,7.22,0.));
#1333 = VERTEX_POINT('',#1334);
#1334 = CARTESIAN_POINT('',(40.26,7.22,0.41148));
#1335 = LINE('',#1336,#1337);
#1336 = CARTESIAN_POINT('',(40.26,7.22,0.));
#1337 = VECTOR('',#1338,1.);
#1338 = DIRECTION('',(0.,0.,1.));
#1339 = ORIENTED_EDGE('',*,*,#1340,.T.);
#1340 = EDGE_CURVE('',#1333,#1333,#1341,.T.);
#1341 = CIRCLE('',#1342,0.33);
#1342 = AXIS2_PLACEMENT_3D('',#1343,#1344,#1345);
#1343 = CARTESIAN_POINT('',(39.93,7.22,0.41148));
#1344 = DIRECTION('',(0.,0.,1.));
#1345 = DIRECTION('',(1.,0.,-0.));
#1346 = ORIENTED_EDGE('',*,*,#1330,.F.);
#1347 = ORIENTED_EDGE('',*,*,#1348,.F.);
#1348 = EDGE_CURVE('',#1331,#1331,#1349,.T.);
#1349 = CIRCLE('',#1350,0.33);
#1350 = AXIS2_PLACEMENT_3D('',#1351,#1352,#1353);
#1351 = CARTESIAN_POINT('',(39.93,7.22,0.));
#1352 = DIRECTION('',(0.,0.,1.));
#1353 = DIRECTION('',(1.,0.,-0.));
#1354 = CYLINDRICAL_SURFACE('',#1355,0.33);
#1355 = AXIS2_PLACEMENT_3D('',#1356,#1357,#1358);
#1356 = CARTESIAN_POINT('',(39.93,7.22,0.));
#1357 = DIRECTION('',(-0.,-0.,-1.));
#1358 = DIRECTION('',(1.,0.,-0.));
#1359 = ADVANCED_FACE('',(#1360),#1387,.F.);
#1360 = FACE_BOUND('',#1361,.T.);
#1361 = EDGE_LOOP('',(#1362,#1372,#1379,#1380));
#1362 = ORIENTED_EDGE('',*,*,#1363,.T.);
#1363 = EDGE_CURVE('',#1364,#1366,#1368,.T.);
#1364 = VERTEX_POINT('',#1365);
#1365 = CARTESIAN_POINT('',(35.173,10.447,0.));
#1366 = VERTEX_POINT('',#1367);
#1367 = CARTESIAN_POINT('',(35.173,10.447,0.41148));
#1368 = LINE('',#1369,#1370);
#1369 = CARTESIAN_POINT('',(35.173,10.447,0.));
#1370 = VECTOR('',#1371,1.);
#1371 = DIRECTION('',(0.,0.,1.));
#1372 = ORIENTED_EDGE('',*,*,#1373,.T.);
#1373 = EDGE_CURVE('',#1366,#1366,#1374,.T.);
#1374 = CIRCLE('',#1375,0.375);
#1375 = AXIS2_PLACEMENT_3D('',#1376,#1377,#1378);
#1376 = CARTESIAN_POINT('',(34.798,10.447,0.41148));
#1377 = DIRECTION('',(0.,0.,1.));
#1378 = DIRECTION('',(1.,0.,-0.));
#1379 = ORIENTED_EDGE('',*,*,#1363,.F.);
#1380 = ORIENTED_EDGE('',*,*,#1381,.F.);
#1381 = EDGE_CURVE('',#1364,#1364,#1382,.T.);
#1382 = CIRCLE('',#1383,0.375);
#1383 = AXIS2_PLACEMENT_3D('',#1384,#1385,#1386);
#1384 = CARTESIAN_POINT('',(34.798,10.447,0.));
#1385 = DIRECTION('',(0.,0.,1.));
#1386 = DIRECTION('',(1.,0.,-0.));
#1387 = CYLINDRICAL_SURFACE('',#1388,0.375);
#1388 = AXIS2_PLACEMENT_3D('',#1389,#1390,#1391);
#1389 = CARTESIAN_POINT('',(34.798,10.447,0.));
#1390 = DIRECTION('',(-0.,-0.,-1.));
#1391 = DIRECTION('',(1.,0.,-0.));
#1392 = ADVANCED_FACE('',(#1393),#1420,.F.);
#1393 = FACE_BOUND('',#1394,.T.);
#1394 = EDGE_LOOP('',(#1395,#1405,#1412,#1413));
#1395 = ORIENTED_EDGE('',*,*,#1396,.T.);
#1396 = EDGE_CURVE('',#1397,#1399,#1401,.T.);
#1397 = VERTEX_POINT('',#1398);
#1398 = CARTESIAN_POINT('',(47.425,8.923,0.));
#1399 = VERTEX_POINT('',#1400);
#1400 = CARTESIAN_POINT('',(47.425,8.923,0.41148));
#1401 = LINE('',#1402,#1403);
#1402 = CARTESIAN_POINT('',(47.425,8.923,0.));
#1403 = VECTOR('',#1404,1.);
#1404 = DIRECTION('',(0.,0.,1.));
#1405 = ORIENTED_EDGE('',*,*,#1406,.T.);
#1406 = EDGE_CURVE('',#1399,#1399,#1407,.T.);
#1407 = CIRCLE('',#1408,0.425);
#1408 = AXIS2_PLACEMENT_3D('',#1409,#1410,#1411);
#1409 = CARTESIAN_POINT('',(47.,8.923,0.41148));
#1410 = DIRECTION('',(0.,0.,1.));
#1411 = DIRECTION('',(1.,0.,-0.));
#1412 = ORIENTED_EDGE('',*,*,#1396,.F.);
#1413 = ORIENTED_EDGE('',*,*,#1414,.F.);
#1414 = EDGE_CURVE('',#1397,#1397,#1415,.T.);
#1415 = CIRCLE('',#1416,0.425);
#1416 = AXIS2_PLACEMENT_3D('',#1417,#1418,#1419);
#1417 = CARTESIAN_POINT('',(47.,8.923,0.));
#1418 = DIRECTION('',(0.,0.,1.));
#1419 = DIRECTION('',(1.,0.,-0.));
#1420 = CYLINDRICAL_SURFACE('',#1421,0.425);
#1421 = AXIS2_PLACEMENT_3D('',#1422,#1423,#1424);
#1422 = CARTESIAN_POINT('',(47.,8.923,0.));
#1423 = DIRECTION('',(-0.,-0.,-1.));
#1424 = DIRECTION('',(1.,0.,-0.));
#1425 = ADVANCED_FACE('',(#1426),#1453,.F.);
#1426 = FACE_BOUND('',#1427,.T.);
#1427 = EDGE_LOOP('',(#1428,#1438,#1445,#1446));
#1428 = ORIENTED_EDGE('',*,*,#1429,.T.);
#1429 = EDGE_CURVE('',#1430,#1432,#1434,.T.);
#1430 = VERTEX_POINT('',#1431);
#1431 = CARTESIAN_POINT('',(52.505,8.923,0.));
#1432 = VERTEX_POINT('',#1433);
#1433 = CARTESIAN_POINT('',(52.505,8.923,0.41148));
#1434 = LINE('',#1435,#1436);
#1435 = CARTESIAN_POINT('',(52.505,8.923,0.));
#1436 = VECTOR('',#1437,1.);
#1437 = DIRECTION('',(0.,0.,1.));
#1438 = ORIENTED_EDGE('',*,*,#1439,.T.);
#1439 = EDGE_CURVE('',#1432,#1432,#1440,.T.);
#1440 = CIRCLE('',#1441,0.425);
#1441 = AXIS2_PLACEMENT_3D('',#1442,#1443,#1444);
#1442 = CARTESIAN_POINT('',(52.08,8.923,0.41148));
#1443 = DIRECTION('',(0.,0.,1.));
#1444 = DIRECTION('',(1.,0.,-0.));
#1445 = ORIENTED_EDGE('',*,*,#1429,.F.);
#1446 = ORIENTED_EDGE('',*,*,#1447,.F.);
#1447 = EDGE_CURVE('',#1430,#1430,#1448,.T.);
#1448 = CIRCLE('',#1449,0.425);
#1449 = AXIS2_PLACEMENT_3D('',#1450,#1451,#1452);
#1450 = CARTESIAN_POINT('',(52.08,8.923,0.));
#1451 = DIRECTION('',(0.,0.,1.));
#1452 = DIRECTION('',(1.,0.,-0.));
#1453 = CYLINDRICAL_SURFACE('',#1454,0.425);
#1454 = AXIS2_PLACEMENT_3D('',#1455,#1456,#1457);
#1455 = CARTESIAN_POINT('',(52.08,8.923,0.));
#1456 = DIRECTION('',(-0.,-0.,-1.));
#1457 = DIRECTION('',(1.,0.,-0.));
#1458 = ADVANCED_FACE('',(#1459),#1486,.F.);
#1459 = FACE_BOUND('',#1460,.T.);
#1460 = EDGE_LOOP('',(#1461,#1471,#1478,#1479));
#1461 = ORIENTED_EDGE('',*,*,#1462,.T.);
#1462 = EDGE_CURVE('',#1463,#1465,#1467,.T.);
#1463 = VERTEX_POINT('',#1464);
#1464 = CARTESIAN_POINT('',(49.965,8.923,0.));
#1465 = VERTEX_POINT('',#1466);
#1466 = CARTESIAN_POINT('',(49.965,8.923,0.41148));
#1467 = LINE('',#1468,#1469);
#1468 = CARTESIAN_POINT('',(49.965,8.923,0.));
#1469 = VECTOR('',#1470,1.);
#1470 = DIRECTION('',(0.,0.,1.));
#1471 = ORIENTED_EDGE('',*,*,#1472,.T.);
#1472 = EDGE_CURVE('',#1465,#1465,#1473,.T.);
#1473 = CIRCLE('',#1474,0.425);
#1474 = AXIS2_PLACEMENT_3D('',#1475,#1476,#1477);
#1475 = CARTESIAN_POINT('',(49.54,8.923,0.41148));
#1476 = DIRECTION('',(0.,0.,1.));
#1477 = DIRECTION('',(1.,0.,-0.));
#1478 = ORIENTED_EDGE('',*,*,#1462,.F.);
#1479 = ORIENTED_EDGE('',*,*,#1480,.F.);
#1480 = EDGE_CURVE('',#1463,#1463,#1481,.T.);
#1481 = CIRCLE('',#1482,0.425);
#1482 = AXIS2_PLACEMENT_3D('',#1483,#1484,#1485);
#1483 = CARTESIAN_POINT('',(49.54,8.923,0.));
#1484 = DIRECTION('',(0.,0.,1.));
#1485 = DIRECTION('',(1.,0.,-0.));
#1486 = CYLINDRICAL_SURFACE('',#1487,0.425);
#1487 = AXIS2_PLACEMENT_3D('',#1488,#1489,#1490);
#1488 = CARTESIAN_POINT('',(49.54,8.923,0.));
#1489 = DIRECTION('',(-0.,-0.,-1.));
#1490 = DIRECTION('',(1.,0.,-0.));
#1491 = ADVANCED_FACE('',(#1492),#1519,.F.);
#1492 = FACE_BOUND('',#1493,.T.);
#1493 = EDGE_LOOP('',(#1494,#1504,#1511,#1512));
#1494 = ORIENTED_EDGE('',*,*,#1495,.T.);
#1495 = EDGE_CURVE('',#1496,#1498,#1500,.T.);
#1496 = VERTEX_POINT('',#1497);
#1497 = CARTESIAN_POINT('',(40.26,9.76,0.));
#1498 = VERTEX_POINT('',#1499);
#1499 = CARTESIAN_POINT('',(40.26,9.76,0.41148));
#1500 = LINE('',#1501,#1502);
#1501 = CARTESIAN_POINT('',(40.26,9.76,0.));
#1502 = VECTOR('',#1503,1.);
#1503 = DIRECTION('',(0.,0.,1.));
#1504 = ORIENTED_EDGE('',*,*,#1505,.T.);
#1505 = EDGE_CURVE('',#1498,#1498,#1506,.T.);
#1506 = CIRCLE('',#1507,0.33);
#1507 = AXIS2_PLACEMENT_3D('',#1508,#1509,#1510);
#1508 = CARTESIAN_POINT('',(39.93,9.76,0.41148));
#1509 = DIRECTION('',(0.,0.,1.));
#1510 = DIRECTION('',(1.,0.,-0.));
#1511 = ORIENTED_EDGE('',*,*,#1495,.F.);
#1512 = ORIENTED_EDGE('',*,*,#1513,.F.);
#1513 = EDGE_CURVE('',#1496,#1496,#1514,.T.);
#1514 = CIRCLE('',#1515,0.33);
#1515 = AXIS2_PLACEMENT_3D('',#1516,#1517,#1518);
#1516 = CARTESIAN_POINT('',(39.93,9.76,0.));
#1517 = DIRECTION('',(0.,0.,1.));
#1518 = DIRECTION('',(1.,0.,-0.));
#1519 = CYLINDRICAL_SURFACE('',#1520,0.33);
#1520 = AXIS2_PLACEMENT_3D('',#1521,#1522,#1523);
#1521 = CARTESIAN_POINT('',(39.93,9.76,0.));
#1522 = DIRECTION('',(-0.,-0.,-1.));
#1523 = DIRECTION('',(1.,0.,-0.));
#1524 = ADVANCED_FACE('',(#1525),#1552,.F.);
#1525 = FACE_BOUND('',#1526,.T.);
#1526 = EDGE_LOOP('',(#1527,#1537,#1544,#1545));
#1527 = ORIENTED_EDGE('',*,*,#1528,.T.);
#1528 = EDGE_CURVE('',#1529,#1531,#1533,.T.);
#1529 = VERTEX_POINT('',#1530);
#1530 = CARTESIAN_POINT('',(40.26,12.3,0.));
#1531 = VERTEX_POINT('',#1532);
#1532 = CARTESIAN_POINT('',(40.26,12.3,0.41148));
#1533 = LINE('',#1534,#1535);
#1534 = CARTESIAN_POINT('',(40.26,12.3,0.));
#1535 = VECTOR('',#1536,1.);
#1536 = DIRECTION('',(0.,0.,1.));
#1537 = ORIENTED_EDGE('',*,*,#1538,.T.);
#1538 = EDGE_CURVE('',#1531,#1531,#1539,.T.);
#1539 = CIRCLE('',#1540,0.33);
#1540 = AXIS2_PLACEMENT_3D('',#1541,#1542,#1543);
#1541 = CARTESIAN_POINT('',(39.93,12.3,0.41148));
#1542 = DIRECTION('',(0.,0.,1.));
#1543 = DIRECTION('',(1.,0.,-0.));
#1544 = ORIENTED_EDGE('',*,*,#1528,.F.);
#1545 = ORIENTED_EDGE('',*,*,#1546,.F.);
#1546 = EDGE_CURVE('',#1529,#1529,#1547,.T.);
#1547 = CIRCLE('',#1548,0.33);
#1548 = AXIS2_PLACEMENT_3D('',#1549,#1550,#1551);
#1549 = CARTESIAN_POINT('',(39.93,12.3,0.));
#1550 = DIRECTION('',(0.,0.,1.));
#1551 = DIRECTION('',(1.,0.,-0.));
#1552 = CYLINDRICAL_SURFACE('',#1553,0.33);
#1553 = AXIS2_PLACEMENT_3D('',#1554,#1555,#1556);
#1554 = CARTESIAN_POINT('',(39.93,12.3,0.));
#1555 = DIRECTION('',(-0.,-0.,-1.));
#1556 = DIRECTION('',(1.,0.,-0.));
#1557 = ADVANCED_FACE('',(#1558),#1585,.F.);
#1558 = FACE_BOUND('',#1559,.T.);
#1559 = EDGE_LOOP('',(#1560,#1570,#1577,#1578));
#1560 = ORIENTED_EDGE('',*,*,#1561,.T.);
#1561 = EDGE_CURVE('',#1562,#1564,#1566,.T.);
#1562 = VERTEX_POINT('',#1563);
#1563 = CARTESIAN_POINT('',(53.415,13.011,0.));
#1564 = VERTEX_POINT('',#1565);
#1565 = CARTESIAN_POINT('',(53.415,13.011,0.41148));
#1566 = LINE('',#1567,#1568);
#1567 = CARTESIAN_POINT('',(53.415,13.011,0.));
#1568 = VECTOR('',#1569,1.);
#1569 = DIRECTION('',(0.,0.,1.));
#1570 = ORIENTED_EDGE('',*,*,#1571,.T.);
#1571 = EDGE_CURVE('',#1564,#1564,#1572,.T.);
#1572 = CIRCLE('',#1573,0.375);
#1573 = AXIS2_PLACEMENT_3D('',#1574,#1575,#1576);
#1574 = CARTESIAN_POINT('',(53.04,13.011,0.41148));
#1575 = DIRECTION('',(0.,0.,1.));
#1576 = DIRECTION('',(1.,0.,-0.));
#1577 = ORIENTED_EDGE('',*,*,#1561,.F.);
#1578 = ORIENTED_EDGE('',*,*,#1579,.F.);
#1579 = EDGE_CURVE('',#1562,#1562,#1580,.T.);
#1580 = CIRCLE('',#1581,0.375);
#1581 = AXIS2_PLACEMENT_3D('',#1582,#1583,#1584);
#1582 = CARTESIAN_POINT('',(53.04,13.011,0.));
#1583 = DIRECTION('',(0.,0.,1.));
#1584 = DIRECTION('',(1.,0.,-0.));
#1585 = CYLINDRICAL_SURFACE('',#1586,0.375);
#1586 = AXIS2_PLACEMENT_3D('',#1587,#1588,#1589);
#1587 = CARTESIAN_POINT('',(53.04,13.011,0.));
#1588 = DIRECTION('',(-0.,-0.,-1.));
#1589 = DIRECTION('',(1.,0.,-0.));
#1590 = ADVANCED_FACE('',(#1591),#1618,.F.);
#1591 = FACE_BOUND('',#1592,.T.);
#1592 = EDGE_LOOP('',(#1593,#1603,#1610,#1611));
#1593 = ORIENTED_EDGE('',*,*,#1594,.T.);
#1594 = EDGE_CURVE('',#1595,#1597,#1599,.T.);
#1595 = VERTEX_POINT('',#1596);
#1596 = CARTESIAN_POINT('',(46.415,13.011,0.));
#1597 = VERTEX_POINT('',#1598);
#1598 = CARTESIAN_POINT('',(46.415,13.011,0.41148));
#1599 = LINE('',#1600,#1601);
#1600 = CARTESIAN_POINT('',(46.415,13.011,0.));
#1601 = VECTOR('',#1602,1.);
#1602 = DIRECTION('',(0.,0.,1.));
#1603 = ORIENTED_EDGE('',*,*,#1604,.T.);
#1604 = EDGE_CURVE('',#1597,#1597,#1605,.T.);
#1605 = CIRCLE('',#1606,0.375);
#1606 = AXIS2_PLACEMENT_3D('',#1607,#1608,#1609);
#1607 = CARTESIAN_POINT('',(46.04,13.011,0.41148));
#1608 = DIRECTION('',(0.,0.,1.));
#1609 = DIRECTION('',(1.,0.,-0.));
#1610 = ORIENTED_EDGE('',*,*,#1594,.F.);
#1611 = ORIENTED_EDGE('',*,*,#1612,.F.);
#1612 = EDGE_CURVE('',#1595,#1595,#1613,.T.);
#1613 = CIRCLE('',#1614,0.375);
#1614 = AXIS2_PLACEMENT_3D('',#1615,#1616,#1617);
#1615 = CARTESIAN_POINT('',(46.04,13.011,0.));
#1616 = DIRECTION('',(0.,0.,1.));
#1617 = DIRECTION('',(1.,0.,-0.));
#1618 = CYLINDRICAL_SURFACE('',#1619,0.375);
#1619 = AXIS2_PLACEMENT_3D('',#1620,#1621,#1622);
#1620 = CARTESIAN_POINT('',(46.04,13.011,0.));
#1621 = DIRECTION('',(-0.,-0.,-1.));
#1622 = DIRECTION('',(1.,0.,-0.));
#1623 = ADVANCED_FACE('',(#1624),#1651,.F.);
#1624 = FACE_BOUND('',#1625,.T.);
#1625 = EDGE_LOOP('',(#1626,#1636,#1643,#1644));
#1626 = ORIENTED_EDGE('',*,*,#1627,.T.);
#1627 = EDGE_CURVE('',#1628,#1630,#1632,.T.);
#1628 = VERTEX_POINT('',#1629);
#1629 = CARTESIAN_POINT('',(32.633,17.178,0.));
#1630 = VERTEX_POINT('',#1631);
#1631 = CARTESIAN_POINT('',(32.633,17.178,0.41148));
#1632 = LINE('',#1633,#1634);
#1633 = CARTESIAN_POINT('',(32.633,17.178,0.));
#1634 = VECTOR('',#1635,1.);
#1635 = DIRECTION('',(0.,0.,1.));
#1636 = ORIENTED_EDGE('',*,*,#1637,.T.);
#1637 = EDGE_CURVE('',#1630,#1630,#1638,.T.);
#1638 = CIRCLE('',#1639,0.375);
#1639 = AXIS2_PLACEMENT_3D('',#1640,#1641,#1642);
#1640 = CARTESIAN_POINT('',(32.258,17.178,0.41148));
#1641 = DIRECTION('',(0.,0.,1.));
#1642 = DIRECTION('',(1.,0.,-0.));
#1643 = ORIENTED_EDGE('',*,*,#1627,.F.);
#1644 = ORIENTED_EDGE('',*,*,#1645,.F.);
#1645 = EDGE_CURVE('',#1628,#1628,#1646,.T.);
#1646 = CIRCLE('',#1647,0.375);
#1647 = AXIS2_PLACEMENT_3D('',#1648,#1649,#1650);
#1648 = CARTESIAN_POINT('',(32.258,17.178,0.));
#1649 = DIRECTION('',(0.,0.,1.));
#1650 = DIRECTION('',(1.,0.,-0.));
#1651 = CYLINDRICAL_SURFACE('',#1652,0.375);
#1652 = AXIS2_PLACEMENT_3D('',#1653,#1654,#1655);
#1653 = CARTESIAN_POINT('',(32.258,17.178,0.));
#1654 = DIRECTION('',(-0.,-0.,-1.));
#1655 = DIRECTION('',(1.,0.,-0.));
#1656 = ADVANCED_FACE('',(#1657),#1684,.F.);
#1657 = FACE_BOUND('',#1658,.T.);
#1658 = EDGE_LOOP('',(#1659,#1669,#1676,#1677));
#1659 = ORIENTED_EDGE('',*,*,#1660,.T.);
#1660 = EDGE_CURVE('',#1661,#1663,#1665,.T.);
#1661 = VERTEX_POINT('',#1662);
#1662 = CARTESIAN_POINT('',(35.173,13.956,0.));
#1663 = VERTEX_POINT('',#1664);
#1664 = CARTESIAN_POINT('',(35.173,13.956,0.41148));
#1665 = LINE('',#1666,#1667);
#1666 = CARTESIAN_POINT('',(35.173,13.956,0.));
#1667 = VECTOR('',#1668,1.);
#1668 = DIRECTION('',(0.,0.,1.));
#1669 = ORIENTED_EDGE('',*,*,#1670,.T.);
#1670 = EDGE_CURVE('',#1663,#1663,#1671,.T.);
#1671 = CIRCLE('',#1672,0.375);
#1672 = AXIS2_PLACEMENT_3D('',#1673,#1674,#1675);
#1673 = CARTESIAN_POINT('',(34.798,13.956,0.41148));
#1674 = DIRECTION('',(0.,0.,1.));
#1675 = DIRECTION('',(1.,0.,-0.));
#1676 = ORIENTED_EDGE('',*,*,#1660,.F.);
#1677 = ORIENTED_EDGE('',*,*,#1678,.F.);
#1678 = EDGE_CURVE('',#1661,#1661,#1679,.T.);
#1679 = CIRCLE('',#1680,0.375);
#1680 = AXIS2_PLACEMENT_3D('',#1681,#1682,#1683);
#1681 = CARTESIAN_POINT('',(34.798,13.956,0.));
#1682 = DIRECTION('',(0.,0.,1.));
#1683 = DIRECTION('',(1.,0.,-0.));
#1684 = CYLINDRICAL_SURFACE('',#1685,0.375);
#1685 = AXIS2_PLACEMENT_3D('',#1686,#1687,#1688);
#1686 = CARTESIAN_POINT('',(34.798,13.956,0.));
#1687 = DIRECTION('',(-0.,-0.,-1.));
#1688 = DIRECTION('',(1.,0.,-0.));
#1689 = ADVANCED_FACE('',(#1690),#1717,.F.);
#1690 = FACE_BOUND('',#1691,.T.);
#1691 = EDGE_LOOP('',(#1692,#1702,#1709,#1710));
#1692 = ORIENTED_EDGE('',*,*,#1693,.T.);
#1693 = EDGE_CURVE('',#1694,#1696,#1698,.T.);
#1694 = VERTEX_POINT('',#1695);
#1695 = CARTESIAN_POINT('',(40.26,17.38,0.));
#1696 = VERTEX_POINT('',#1697);
#1697 = CARTESIAN_POINT('',(40.26,17.38,0.41148));
#1698 = LINE('',#1699,#1700);
#1699 = CARTESIAN_POINT('',(40.26,17.38,0.));
#1700 = VECTOR('',#1701,1.);
#1701 = DIRECTION('',(0.,0.,1.));
#1702 = ORIENTED_EDGE('',*,*,#1703,.T.);
#1703 = EDGE_CURVE('',#1696,#1696,#1704,.T.);
#1704 = CIRCLE('',#1705,0.33);
#1705 = AXIS2_PLACEMENT_3D('',#1706,#1707,#1708);
#1706 = CARTESIAN_POINT('',(39.93,17.38,0.41148));
#1707 = DIRECTION('',(0.,0.,1.));
#1708 = DIRECTION('',(1.,0.,-0.));
#1709 = ORIENTED_EDGE('',*,*,#1693,.F.);
#1710 = ORIENTED_EDGE('',*,*,#1711,.F.);
#1711 = EDGE_CURVE('',#1694,#1694,#1712,.T.);
#1712 = CIRCLE('',#1713,0.33);
#1713 = AXIS2_PLACEMENT_3D('',#1714,#1715,#1716);
#1714 = CARTESIAN_POINT('',(39.93,17.38,0.));
#1715 = DIRECTION('',(0.,0.,1.));
#1716 = DIRECTION('',(1.,0.,-0.));
#1717 = CYLINDRICAL_SURFACE('',#1718,0.33);
#1718 = AXIS2_PLACEMENT_3D('',#1719,#1720,#1721);
#1719 = CARTESIAN_POINT('',(39.93,17.38,0.));
#1720 = DIRECTION('',(-0.,-0.,-1.));
#1721 = DIRECTION('',(1.,0.,-0.));
#1722 = ADVANCED_FACE('',(#1723),#1750,.F.);
#1723 = FACE_BOUND('',#1724,.T.);
#1724 = EDGE_LOOP('',(#1725,#1735,#1742,#1743));
#1725 = ORIENTED_EDGE('',*,*,#1726,.T.);
#1726 = EDGE_CURVE('',#1727,#1729,#1731,.T.);
#1727 = VERTEX_POINT('',#1728);
#1728 = CARTESIAN_POINT('',(32.758,21.623,0.));
#1729 = VERTEX_POINT('',#1730);
#1730 = CARTESIAN_POINT('',(32.758,21.623,0.41148));
#1731 = LINE('',#1732,#1733);
#1732 = CARTESIAN_POINT('',(32.758,21.623,0.));
#1733 = VECTOR('',#1734,1.);
#1734 = DIRECTION('',(0.,0.,1.));
#1735 = ORIENTED_EDGE('',*,*,#1736,.T.);
#1736 = EDGE_CURVE('',#1729,#1729,#1737,.T.);
#1737 = CIRCLE('',#1738,0.5);
#1738 = AXIS2_PLACEMENT_3D('',#1739,#1740,#1741);
#1739 = CARTESIAN_POINT('',(32.258,21.623,0.41148));
#1740 = DIRECTION('',(0.,0.,1.));
#1741 = DIRECTION('',(1.,0.,-0.));
#1742 = ORIENTED_EDGE('',*,*,#1726,.F.);
#1743 = ORIENTED_EDGE('',*,*,#1744,.F.);
#1744 = EDGE_CURVE('',#1727,#1727,#1745,.T.);
#1745 = CIRCLE('',#1746,0.5);
#1746 = AXIS2_PLACEMENT_3D('',#1747,#1748,#1749);
#1747 = CARTESIAN_POINT('',(32.258,21.623,0.));
#1748 = DIRECTION('',(0.,0.,1.));
#1749 = DIRECTION('',(1.,0.,-0.));
#1750 = CYLINDRICAL_SURFACE('',#1751,0.5);
#1751 = AXIS2_PLACEMENT_3D('',#1752,#1753,#1754);
#1752 = CARTESIAN_POINT('',(32.258,21.623,0.));
#1753 = DIRECTION('',(-0.,-0.,-1.));
#1754 = DIRECTION('',(1.,0.,-0.));
#1755 = ADVANCED_FACE('',(#1756),#1783,.F.);
#1756 = FACE_BOUND('',#1757,.T.);
#1757 = EDGE_LOOP('',(#1758,#1768,#1775,#1776));
#1758 = ORIENTED_EDGE('',*,*,#1759,.T.);
#1759 = EDGE_CURVE('',#1760,#1762,#1764,.T.);
#1760 = VERTEX_POINT('',#1761);
#1761 = CARTESIAN_POINT('',(27.751,23.782,0.));
#1762 = VERTEX_POINT('',#1763);
#1763 = CARTESIAN_POINT('',(27.751,23.782,0.41148));
#1764 = LINE('',#1765,#1766);
#1765 = CARTESIAN_POINT('',(27.751,23.782,0.));
#1766 = VECTOR('',#1767,1.);
#1767 = DIRECTION('',(0.,0.,1.));
#1768 = ORIENTED_EDGE('',*,*,#1769,.T.);
#1769 = EDGE_CURVE('',#1762,#1762,#1770,.T.);
#1770 = CIRCLE('',#1771,0.375);
#1771 = AXIS2_PLACEMENT_3D('',#1772,#1773,#1774);
#1772 = CARTESIAN_POINT('',(27.376,23.782,0.41148));
#1773 = DIRECTION('',(0.,0.,1.));
#1774 = DIRECTION('',(1.,0.,-0.));
#1775 = ORIENTED_EDGE('',*,*,#1759,.F.);
#1776 = ORIENTED_EDGE('',*,*,#1777,.F.);
#1777 = EDGE_CURVE('',#1760,#1760,#1778,.T.);
#1778 = CIRCLE('',#1779,0.375);
#1779 = AXIS2_PLACEMENT_3D('',#1780,#1781,#1782);
#1780 = CARTESIAN_POINT('',(27.376,23.782,0.));
#1781 = DIRECTION('',(0.,0.,1.));
#1782 = DIRECTION('',(1.,0.,-0.));
#1783 = CYLINDRICAL_SURFACE('',#1784,0.375);
#1784 = AXIS2_PLACEMENT_3D('',#1785,#1786,#1787);
#1785 = CARTESIAN_POINT('',(27.376,23.782,0.));
#1786 = DIRECTION('',(-0.,-0.,-1.));
#1787 = DIRECTION('',(1.,0.,-0.));
#1788 = ADVANCED_FACE('',(#1789),#1816,.F.);
#1789 = FACE_BOUND('',#1790,.T.);
#1790 = EDGE_LOOP('',(#1791,#1801,#1808,#1809));
#1791 = ORIENTED_EDGE('',*,*,#1792,.T.);
#1792 = EDGE_CURVE('',#1793,#1795,#1797,.T.);
#1793 = VERTEX_POINT('',#1794);
#1794 = CARTESIAN_POINT('',(35.298,21.623,0.));
#1795 = VERTEX_POINT('',#1796);
#1796 = CARTESIAN_POINT('',(35.298,21.623,0.41148));
#1797 = LINE('',#1798,#1799);
#1798 = CARTESIAN_POINT('',(35.298,21.623,0.));
#1799 = VECTOR('',#1800,1.);
#1800 = DIRECTION('',(0.,0.,1.));
#1801 = ORIENTED_EDGE('',*,*,#1802,.T.);
#1802 = EDGE_CURVE('',#1795,#1795,#1803,.T.);
#1803 = CIRCLE('',#1804,0.5);
#1804 = AXIS2_PLACEMENT_3D('',#1805,#1806,#1807);
#1805 = CARTESIAN_POINT('',(34.798,21.623,0.41148));
#1806 = DIRECTION('',(0.,0.,1.));
#1807 = DIRECTION('',(1.,0.,-0.));
#1808 = ORIENTED_EDGE('',*,*,#1792,.F.);
#1809 = ORIENTED_EDGE('',*,*,#1810,.F.);
#1810 = EDGE_CURVE('',#1793,#1793,#1811,.T.);
#1811 = CIRCLE('',#1812,0.5);
#1812 = AXIS2_PLACEMENT_3D('',#1813,#1814,#1815);
#1813 = CARTESIAN_POINT('',(34.798,21.623,0.));
#1814 = DIRECTION('',(0.,0.,1.));
#1815 = DIRECTION('',(1.,0.,-0.));
#1816 = CYLINDRICAL_SURFACE('',#1817,0.5);
#1817 = AXIS2_PLACEMENT_3D('',#1818,#1819,#1820);
#1818 = CARTESIAN_POINT('',(34.798,21.623,0.));
#1819 = DIRECTION('',(-0.,-0.,-1.));
#1820 = DIRECTION('',(1.,0.,-0.));
#1821 = ADVANCED_FACE('',(#1822),#1849,.F.);
#1822 = FACE_BOUND('',#1823,.T.);
#1823 = EDGE_LOOP('',(#1824,#1834,#1841,#1842));
#1824 = ORIENTED_EDGE('',*,*,#1825,.T.);
#1825 = EDGE_CURVE('',#1826,#1828,#1830,.T.);
#1826 = VERTEX_POINT('',#1827);
#1827 = CARTESIAN_POINT('',(40.26,22.46,0.));
#1828 = VERTEX_POINT('',#1829);
#1829 = CARTESIAN_POINT('',(40.26,22.46,0.41148));
#1830 = LINE('',#1831,#1832);
#1831 = CARTESIAN_POINT('',(40.26,22.46,0.));
#1832 = VECTOR('',#1833,1.);
#1833 = DIRECTION('',(0.,0.,1.));
#1834 = ORIENTED_EDGE('',*,*,#1835,.T.);
#1835 = EDGE_CURVE('',#1828,#1828,#1836,.T.);
#1836 = CIRCLE('',#1837,0.33);
#1837 = AXIS2_PLACEMENT_3D('',#1838,#1839,#1840);
#1838 = CARTESIAN_POINT('',(39.93,22.46,0.41148));
#1839 = DIRECTION('',(0.,0.,1.));
#1840 = DIRECTION('',(1.,0.,-0.));
#1841 = ORIENTED_EDGE('',*,*,#1825,.F.);
#1842 = ORIENTED_EDGE('',*,*,#1843,.F.);
#1843 = EDGE_CURVE('',#1826,#1826,#1844,.T.);
#1844 = CIRCLE('',#1845,0.33);
#1845 = AXIS2_PLACEMENT_3D('',#1846,#1847,#1848);
#1846 = CARTESIAN_POINT('',(39.93,22.46,0.));
#1847 = DIRECTION('',(0.,0.,1.));
#1848 = DIRECTION('',(1.,0.,-0.));
#1849 = CYLINDRICAL_SURFACE('',#1850,0.33);
#1850 = AXIS2_PLACEMENT_3D('',#1851,#1852,#1853);
#1851 = CARTESIAN_POINT('',(39.93,22.46,0.));
#1852 = DIRECTION('',(-0.,-0.,-1.));
#1853 = DIRECTION('',(1.,0.,-0.));
#1854 = ADVANCED_FACE('',(#1855),#1882,.F.);
#1855 = FACE_BOUND('',#1856,.T.);
#1856 = EDGE_LOOP('',(#1857,#1867,#1874,#1875));
#1857 = ORIENTED_EDGE('',*,*,#1858,.T.);
#1858 = EDGE_CURVE('',#1859,#1861,#1863,.T.);
#1859 = VERTEX_POINT('',#1860);
#1860 = CARTESIAN_POINT('',(40.26,14.84,0.));
#1861 = VERTEX_POINT('',#1862);
#1862 = CARTESIAN_POINT('',(40.26,14.84,0.41148));
#1863 = LINE('',#1864,#1865);
#1864 = CARTESIAN_POINT('',(40.26,14.84,0.));
#1865 = VECTOR('',#1866,1.);
#1866 = DIRECTION('',(0.,0.,1.));
#1867 = ORIENTED_EDGE('',*,*,#1868,.T.);
#1868 = EDGE_CURVE('',#1861,#1861,#1869,.T.);
#1869 = CIRCLE('',#1870,0.33);
#1870 = AXIS2_PLACEMENT_3D('',#1871,#1872,#1873);
#1871 = CARTESIAN_POINT('',(39.93,14.84,0.41148));
#1872 = DIRECTION('',(0.,0.,1.));
#1873 = DIRECTION('',(1.,0.,-0.));
#1874 = ORIENTED_EDGE('',*,*,#1858,.F.);
#1875 = ORIENTED_EDGE('',*,*,#1876,.F.);
#1876 = EDGE_CURVE('',#1859,#1859,#1877,.T.);
#1877 = CIRCLE('',#1878,0.33);
#1878 = AXIS2_PLACEMENT_3D('',#1879,#1880,#1881);
#1879 = CARTESIAN_POINT('',(39.93,14.84,0.));
#1880 = DIRECTION('',(0.,0.,1.));
#1881 = DIRECTION('',(1.,0.,-0.));
#1882 = CYLINDRICAL_SURFACE('',#1883,0.33);
#1883 = AXIS2_PLACEMENT_3D('',#1884,#1885,#1886);
#1884 = CARTESIAN_POINT('',(39.93,14.84,0.));
#1885 = DIRECTION('',(-0.,-0.,-1.));
#1886 = DIRECTION('',(1.,0.,-0.));
#1887 = ADVANCED_FACE('',(#1888),#1915,.F.);
#1888 = FACE_BOUND('',#1889,.T.);
#1889 = EDGE_LOOP('',(#1890,#1900,#1907,#1908));
#1890 = ORIENTED_EDGE('',*,*,#1891,.T.);
#1891 = EDGE_CURVE('',#1892,#1894,#1896,.T.);
#1892 = VERTEX_POINT('',#1893);
#1893 = CARTESIAN_POINT('',(53.415,17.37,0.));
#1894 = VERTEX_POINT('',#1895);
#1895 = CARTESIAN_POINT('',(53.415,17.37,0.41148));
#1896 = LINE('',#1897,#1898);
#1897 = CARTESIAN_POINT('',(53.415,17.37,0.));
#1898 = VECTOR('',#1899,1.);
#1899 = DIRECTION('',(0.,0.,1.));
#1900 = ORIENTED_EDGE('',*,*,#1901,.T.);
#1901 = EDGE_CURVE('',#1894,#1894,#1902,.T.);
#1902 = CIRCLE('',#1903,0.375);
#1903 = AXIS2_PLACEMENT_3D('',#1904,#1905,#1906);
#1904 = CARTESIAN_POINT('',(53.04,17.37,0.41148));
#1905 = DIRECTION('',(0.,0.,1.));
#1906 = DIRECTION('',(1.,0.,-0.));
#1907 = ORIENTED_EDGE('',*,*,#1891,.F.);
#1908 = ORIENTED_EDGE('',*,*,#1909,.F.);
#1909 = EDGE_CURVE('',#1892,#1892,#1910,.T.);
#1910 = CIRCLE('',#1911,0.375);
#1911 = AXIS2_PLACEMENT_3D('',#1912,#1913,#1914);
#1912 = CARTESIAN_POINT('',(53.04,17.37,0.));
#1913 = DIRECTION('',(0.,0.,1.));
#1914 = DIRECTION('',(1.,0.,-0.));
#1915 = CYLINDRICAL_SURFACE('',#1916,0.375);
#1916 = AXIS2_PLACEMENT_3D('',#1917,#1918,#1919);
#1917 = CARTESIAN_POINT('',(53.04,17.37,0.));
#1918 = DIRECTION('',(-0.,-0.,-1.));
#1919 = DIRECTION('',(1.,0.,-0.));
#1920 = ADVANCED_FACE('',(#1921),#1948,.F.);
#1921 = FACE_BOUND('',#1922,.T.);
#1922 = EDGE_LOOP('',(#1923,#1933,#1940,#1941));
#1923 = ORIENTED_EDGE('',*,*,#1924,.T.);
#1924 = EDGE_CURVE('',#1925,#1927,#1929,.T.);
#1925 = VERTEX_POINT('',#1926);
#1926 = CARTESIAN_POINT('',(46.415,17.37,0.));
#1927 = VERTEX_POINT('',#1928);
#1928 = CARTESIAN_POINT('',(46.415,17.37,0.41148));
#1929 = LINE('',#1930,#1931);
#1930 = CARTESIAN_POINT('',(46.415,17.37,0.));
#1931 = VECTOR('',#1932,1.);
#1932 = DIRECTION('',(0.,0.,1.));
#1933 = ORIENTED_EDGE('',*,*,#1934,.T.);
#1934 = EDGE_CURVE('',#1927,#1927,#1935,.T.);
#1935 = CIRCLE('',#1936,0.375);
#1936 = AXIS2_PLACEMENT_3D('',#1937,#1938,#1939);
#1937 = CARTESIAN_POINT('',(46.04,17.37,0.41148));
#1938 = DIRECTION('',(0.,0.,1.));
#1939 = DIRECTION('',(1.,0.,-0.));
#1940 = ORIENTED_EDGE('',*,*,#1924,.F.);
#1941 = ORIENTED_EDGE('',*,*,#1942,.F.);
#1942 = EDGE_CURVE('',#1925,#1925,#1943,.T.);
#1943 = CIRCLE('',#1944,0.375);
#1944 = AXIS2_PLACEMENT_3D('',#1945,#1946,#1947);
#1945 = CARTESIAN_POINT('',(46.04,17.37,0.));
#1946 = DIRECTION('',(0.,0.,1.));
#1947 = DIRECTION('',(1.,0.,-0.));
#1948 = CYLINDRICAL_SURFACE('',#1949,0.375);
#1949 = AXIS2_PLACEMENT_3D('',#1950,#1951,#1952);
#1950 = CARTESIAN_POINT('',(46.04,17.37,0.));
#1951 = DIRECTION('',(-0.,-0.,-1.));
#1952 = DIRECTION('',(1.,0.,-0.));
#1953 = ADVANCED_FACE('',(#1954),#1981,.F.);
#1954 = FACE_BOUND('',#1955,.T.);
#1955 = EDGE_LOOP('',(#1956,#1966,#1973,#1974));
#1956 = ORIENTED_EDGE('',*,*,#1957,.T.);
#1957 = EDGE_CURVE('',#1958,#1960,#1962,.T.);
#1958 = VERTEX_POINT('',#1959);
#1959 = CARTESIAN_POINT('',(40.26,19.92,0.));
#1960 = VERTEX_POINT('',#1961);
#1961 = CARTESIAN_POINT('',(40.26,19.92,0.41148));
#1962 = LINE('',#1963,#1964);
#1963 = CARTESIAN_POINT('',(40.26,19.92,0.));
#1964 = VECTOR('',#1965,1.);
#1965 = DIRECTION('',(0.,0.,1.));
#1966 = ORIENTED_EDGE('',*,*,#1967,.T.);
#1967 = EDGE_CURVE('',#1960,#1960,#1968,.T.);
#1968 = CIRCLE('',#1969,0.33);
#1969 = AXIS2_PLACEMENT_3D('',#1970,#1971,#1972);
#1970 = CARTESIAN_POINT('',(39.93,19.92,0.41148));
#1971 = DIRECTION('',(0.,0.,1.));
#1972 = DIRECTION('',(1.,0.,-0.));
#1973 = ORIENTED_EDGE('',*,*,#1957,.F.);
#1974 = ORIENTED_EDGE('',*,*,#1975,.F.);
#1975 = EDGE_CURVE('',#1958,#1958,#1976,.T.);
#1976 = CIRCLE('',#1977,0.33);
#1977 = AXIS2_PLACEMENT_3D('',#1978,#1979,#1980);
#1978 = CARTESIAN_POINT('',(39.93,19.92,0.));
#1979 = DIRECTION('',(0.,0.,1.));
#1980 = DIRECTION('',(1.,0.,-0.));
#1981 = CYLINDRICAL_SURFACE('',#1982,0.33);
#1982 = AXIS2_PLACEMENT_3D('',#1983,#1984,#1985);
#1983 = CARTESIAN_POINT('',(39.93,19.92,0.));
#1984 = DIRECTION('',(-0.,-0.,-1.));
#1985 = DIRECTION('',(1.,0.,-0.));
#1986 = ADVANCED_FACE('',(#1987),#2014,.F.);
#1987 = FACE_BOUND('',#1988,.T.);
#1988 = EDGE_LOOP('',(#1989,#1999,#2006,#2007));
#1989 = ORIENTED_EDGE('',*,*,#1990,.T.);
#1990 = EDGE_CURVE('',#1991,#1993,#1995,.T.);
#1991 = VERTEX_POINT('',#1992);
#1992 = CARTESIAN_POINT('',(47.425,22.,0.));
#1993 = VERTEX_POINT('',#1994);
#1994 = CARTESIAN_POINT('',(47.425,22.,0.41148));
#1995 = LINE('',#1996,#1997);
#1996 = CARTESIAN_POINT('',(47.425,22.,0.));
#1997 = VECTOR('',#1998,1.);
#1998 = DIRECTION('',(0.,0.,1.));
#1999 = ORIENTED_EDGE('',*,*,#2000,.T.);
#2000 = EDGE_CURVE('',#1993,#1993,#2001,.T.);
#2001 = CIRCLE('',#2002,0.425);
#2002 = AXIS2_PLACEMENT_3D('',#2003,#2004,#2005);
#2003 = CARTESIAN_POINT('',(47.,22.,0.41148));
#2004 = DIRECTION('',(0.,0.,1.));
#2005 = DIRECTION('',(1.,0.,-0.));
#2006 = ORIENTED_EDGE('',*,*,#1990,.F.);
#2007 = ORIENTED_EDGE('',*,*,#2008,.F.);
#2008 = EDGE_CURVE('',#1991,#1991,#2009,.T.);
#2009 = CIRCLE('',#2010,0.425);
#2010 = AXIS2_PLACEMENT_3D('',#2011,#2012,#2013);
#2011 = CARTESIAN_POINT('',(47.,22.,0.));
#2012 = DIRECTION('',(0.,0.,1.));
#2013 = DIRECTION('',(1.,0.,-0.));
#2014 = CYLINDRICAL_SURFACE('',#2015,0.425);
#2015 = AXIS2_PLACEMENT_3D('',#2016,#2017,#2018);
#2016 = CARTESIAN_POINT('',(47.,22.,0.));
#2017 = DIRECTION('',(-0.,-0.,-1.));
#2018 = DIRECTION('',(1.,0.,-0.));
#2019 = ADVANCED_FACE('',(#2020),#2047,.F.);
#2020 = FACE_BOUND('',#2021,.T.);
#2021 = EDGE_LOOP('',(#2022,#2032,#2039,#2040));
#2022 = ORIENTED_EDGE('',*,*,#2023,.T.);
#2023 = EDGE_CURVE('',#2024,#2026,#2028,.T.);
#2024 = VERTEX_POINT('',#2025);
#2025 = CARTESIAN_POINT('',(52.505,22.,0.));
#2026 = VERTEX_POINT('',#2027);
#2027 = CARTESIAN_POINT('',(52.505,22.,0.41148));
#2028 = LINE('',#2029,#2030);
#2029 = CARTESIAN_POINT('',(52.505,22.,0.));
#2030 = VECTOR('',#2031,1.);
#2031 = DIRECTION('',(0.,0.,1.));
#2032 = ORIENTED_EDGE('',*,*,#2033,.T.);
#2033 = EDGE_CURVE('',#2026,#2026,#2034,.T.);
#2034 = CIRCLE('',#2035,0.425);
#2035 = AXIS2_PLACEMENT_3D('',#2036,#2037,#2038);
#2036 = CARTESIAN_POINT('',(52.08,22.,0.41148));
#2037 = DIRECTION('',(0.,0.,1.));
#2038 = DIRECTION('',(1.,0.,-0.));
#2039 = ORIENTED_EDGE('',*,*,#2023,.F.);
#2040 = ORIENTED_EDGE('',*,*,#2041,.F.);
#2041 = EDGE_CURVE('',#2024,#2024,#2042,.T.);
#2042 = CIRCLE('',#2043,0.425);
#2043 = AXIS2_PLACEMENT_3D('',#2044,#2045,#2046);
#2044 = CARTESIAN_POINT('',(52.08,22.,0.));
#2045 = DIRECTION('',(0.,0.,1.));
#2046 = DIRECTION('',(1.,0.,-0.));
#2047 = CYLINDRICAL_SURFACE('',#2048,0.425);
#2048 = AXIS2_PLACEMENT_3D('',#2049,#2050,#2051);
#2049 = CARTESIAN_POINT('',(52.08,22.,0.));
#2050 = DIRECTION('',(-0.,-0.,-1.));
#2051 = DIRECTION('',(1.,0.,-0.));
#2052 = ADVANCED_FACE('',(#2053),#2080,.F.);
#2053 = FACE_BOUND('',#2054,.T.);
#2054 = EDGE_LOOP('',(#2055,#2065,#2072,#2073));
#2055 = ORIENTED_EDGE('',*,*,#2056,.T.);
#2056 = EDGE_CURVE('',#2057,#2059,#2061,.T.);
#2057 = VERTEX_POINT('',#2058);
#2058 = CARTESIAN_POINT('',(49.965,22.,0.));
#2059 = VERTEX_POINT('',#2060);
#2060 = CARTESIAN_POINT('',(49.965,22.,0.41148));
#2061 = LINE('',#2062,#2063);
#2062 = CARTESIAN_POINT('',(49.965,22.,0.));
#2063 = VECTOR('',#2064,1.);
#2064 = DIRECTION('',(0.,0.,1.));
#2065 = ORIENTED_EDGE('',*,*,#2066,.T.);
#2066 = EDGE_CURVE('',#2059,#2059,#2067,.T.);
#2067 = CIRCLE('',#2068,0.425);
#2068 = AXIS2_PLACEMENT_3D('',#2069,#2070,#2071);
#2069 = CARTESIAN_POINT('',(49.54,22.,0.41148));
#2070 = DIRECTION('',(0.,0.,1.));
#2071 = DIRECTION('',(1.,0.,-0.));
#2072 = ORIENTED_EDGE('',*,*,#2056,.F.);
#2073 = ORIENTED_EDGE('',*,*,#2074,.F.);
#2074 = EDGE_CURVE('',#2057,#2057,#2075,.T.);
#2075 = CIRCLE('',#2076,0.425);
#2076 = AXIS2_PLACEMENT_3D('',#2077,#2078,#2079);
#2077 = CARTESIAN_POINT('',(49.54,22.,0.));
#2078 = DIRECTION('',(0.,0.,1.));
#2079 = DIRECTION('',(1.,0.,-0.));
#2080 = CYLINDRICAL_SURFACE('',#2081,0.425);
#2081 = AXIS2_PLACEMENT_3D('',#2082,#2083,#2084);
#2082 = CARTESIAN_POINT('',(49.54,22.,0.));
#2083 = DIRECTION('',(-0.,-0.,-1.));
#2084 = DIRECTION('',(1.,0.,-0.));
#2085 = ADVANCED_FACE('',(#2086,#2092,#2095,#2098,#2101,#2104,#2107,
    #2110,#2113,#2116,#2119,#2122,#2125,#2128,#2131,#2134,#2137,#2140,
    #2143,#2146,#2149,#2152,#2155,#2158,#2161,#2164,#2167,#2170,#2173,
    #2176,#2179,#2182,#2185,#2188,#2191,#2194,#2197,#2200,#2203,#2206,
    #2209,#2212,#2215,#2218,#2221,#2224,#2227,#2230,#2233,#2236,#2239,
    #2242,#2245,#2248,#2251,#2254,#2257),#2260,.F.);
#2086 = FACE_BOUND('',#2087,.F.);
#2087 = EDGE_LOOP('',(#2088,#2089,#2090,#2091));
#2088 = ORIENTED_EDGE('',*,*,#143,.T.);
#2089 = ORIENTED_EDGE('',*,*,#174,.T.);
#2090 = ORIENTED_EDGE('',*,*,#205,.T.);
#2091 = ORIENTED_EDGE('',*,*,#227,.T.);
#2092 = FACE_BOUND('',#2093,.F.);
#2093 = EDGE_LOOP('',(#2094));
#2094 = ORIENTED_EDGE('',*,*,#259,.F.);
#2095 = FACE_BOUND('',#2096,.F.);
#2096 = EDGE_LOOP('',(#2097));
#2097 = ORIENTED_EDGE('',*,*,#292,.F.);
#2098 = FACE_BOUND('',#2099,.F.);
#2099 = EDGE_LOOP('',(#2100));
#2100 = ORIENTED_EDGE('',*,*,#325,.F.);
#2101 = FACE_BOUND('',#2102,.F.);
#2102 = EDGE_LOOP('',(#2103));
#2103 = ORIENTED_EDGE('',*,*,#358,.F.);
#2104 = FACE_BOUND('',#2105,.F.);
#2105 = EDGE_LOOP('',(#2106));
#2106 = ORIENTED_EDGE('',*,*,#391,.F.);
#2107 = FACE_BOUND('',#2108,.F.);
#2108 = EDGE_LOOP('',(#2109));
#2109 = ORIENTED_EDGE('',*,*,#424,.F.);
#2110 = FACE_BOUND('',#2111,.F.);
#2111 = EDGE_LOOP('',(#2112));
#2112 = ORIENTED_EDGE('',*,*,#457,.F.);
#2113 = FACE_BOUND('',#2114,.F.);
#2114 = EDGE_LOOP('',(#2115));
#2115 = ORIENTED_EDGE('',*,*,#490,.F.);
#2116 = FACE_BOUND('',#2117,.F.);
#2117 = EDGE_LOOP('',(#2118));
#2118 = ORIENTED_EDGE('',*,*,#523,.F.);
#2119 = FACE_BOUND('',#2120,.F.);
#2120 = EDGE_LOOP('',(#2121));
#2121 = ORIENTED_EDGE('',*,*,#556,.F.);
#2122 = FACE_BOUND('',#2123,.F.);
#2123 = EDGE_LOOP('',(#2124));
#2124 = ORIENTED_EDGE('',*,*,#589,.F.);
#2125 = FACE_BOUND('',#2126,.F.);
#2126 = EDGE_LOOP('',(#2127));
#2127 = ORIENTED_EDGE('',*,*,#622,.F.);
#2128 = FACE_BOUND('',#2129,.F.);
#2129 = EDGE_LOOP('',(#2130));
#2130 = ORIENTED_EDGE('',*,*,#655,.F.);
#2131 = FACE_BOUND('',#2132,.F.);
#2132 = EDGE_LOOP('',(#2133));
#2133 = ORIENTED_EDGE('',*,*,#688,.F.);
#2134 = FACE_BOUND('',#2135,.F.);
#2135 = EDGE_LOOP('',(#2136));
#2136 = ORIENTED_EDGE('',*,*,#721,.F.);
#2137 = FACE_BOUND('',#2138,.F.);
#2138 = EDGE_LOOP('',(#2139));
#2139 = ORIENTED_EDGE('',*,*,#754,.F.);
#2140 = FACE_BOUND('',#2141,.F.);
#2141 = EDGE_LOOP('',(#2142));
#2142 = ORIENTED_EDGE('',*,*,#787,.F.);
#2143 = FACE_BOUND('',#2144,.F.);
#2144 = EDGE_LOOP('',(#2145));
#2145 = ORIENTED_EDGE('',*,*,#820,.F.);
#2146 = FACE_BOUND('',#2147,.F.);
#2147 = EDGE_LOOP('',(#2148));
#2148 = ORIENTED_EDGE('',*,*,#853,.F.);
#2149 = FACE_BOUND('',#2150,.F.);
#2150 = EDGE_LOOP('',(#2151));
#2151 = ORIENTED_EDGE('',*,*,#886,.F.);
#2152 = FACE_BOUND('',#2153,.F.);
#2153 = EDGE_LOOP('',(#2154));
#2154 = ORIENTED_EDGE('',*,*,#919,.F.);
#2155 = FACE_BOUND('',#2156,.F.);
#2156 = EDGE_LOOP('',(#2157));
#2157 = ORIENTED_EDGE('',*,*,#952,.F.);
#2158 = FACE_BOUND('',#2159,.F.);
#2159 = EDGE_LOOP('',(#2160));
#2160 = ORIENTED_EDGE('',*,*,#985,.F.);
#2161 = FACE_BOUND('',#2162,.F.);
#2162 = EDGE_LOOP('',(#2163));
#2163 = ORIENTED_EDGE('',*,*,#1018,.F.);
#2164 = FACE_BOUND('',#2165,.F.);
#2165 = EDGE_LOOP('',(#2166));
#2166 = ORIENTED_EDGE('',*,*,#1051,.F.);
#2167 = FACE_BOUND('',#2168,.F.);
#2168 = EDGE_LOOP('',(#2169));
#2169 = ORIENTED_EDGE('',*,*,#1084,.F.);
#2170 = FACE_BOUND('',#2171,.F.);
#2171 = EDGE_LOOP('',(#2172));
#2172 = ORIENTED_EDGE('',*,*,#1117,.F.);
#2173 = FACE_BOUND('',#2174,.F.);
#2174 = EDGE_LOOP('',(#2175));
#2175 = ORIENTED_EDGE('',*,*,#1150,.F.);
#2176 = FACE_BOUND('',#2177,.F.);
#2177 = EDGE_LOOP('',(#2178));
#2178 = ORIENTED_EDGE('',*,*,#1183,.F.);
#2179 = FACE_BOUND('',#2180,.F.);
#2180 = EDGE_LOOP('',(#2181));
#2181 = ORIENTED_EDGE('',*,*,#1216,.F.);
#2182 = FACE_BOUND('',#2183,.F.);
#2183 = EDGE_LOOP('',(#2184));
#2184 = ORIENTED_EDGE('',*,*,#1249,.F.);
#2185 = FACE_BOUND('',#2186,.F.);
#2186 = EDGE_LOOP('',(#2187));
#2187 = ORIENTED_EDGE('',*,*,#1282,.F.);
#2188 = FACE_BOUND('',#2189,.F.);
#2189 = EDGE_LOOP('',(#2190));
#2190 = ORIENTED_EDGE('',*,*,#1315,.F.);
#2191 = FACE_BOUND('',#2192,.F.);
#2192 = EDGE_LOOP('',(#2193));
#2193 = ORIENTED_EDGE('',*,*,#1348,.F.);
#2194 = FACE_BOUND('',#2195,.F.);
#2195 = EDGE_LOOP('',(#2196));
#2196 = ORIENTED_EDGE('',*,*,#1381,.F.);
#2197 = FACE_BOUND('',#2198,.F.);
#2198 = EDGE_LOOP('',(#2199));
#2199 = ORIENTED_EDGE('',*,*,#1414,.F.);
#2200 = FACE_BOUND('',#2201,.F.);
#2201 = EDGE_LOOP('',(#2202));
#2202 = ORIENTED_EDGE('',*,*,#1447,.F.);
#2203 = FACE_BOUND('',#2204,.F.);
#2204 = EDGE_LOOP('',(#2205));
#2205 = ORIENTED_EDGE('',*,*,#1480,.F.);
#2206 = FACE_BOUND('',#2207,.F.);
#2207 = EDGE_LOOP('',(#2208));
#2208 = ORIENTED_EDGE('',*,*,#1513,.F.);
#2209 = FACE_BOUND('',#2210,.F.);
#2210 = EDGE_LOOP('',(#2211));
#2211 = ORIENTED_EDGE('',*,*,#1546,.F.);
#2212 = FACE_BOUND('',#2213,.F.);
#2213 = EDGE_LOOP('',(#2214));
#2214 = ORIENTED_EDGE('',*,*,#1579,.F.);
#2215 = FACE_BOUND('',#2216,.F.);
#2216 = EDGE_LOOP('',(#2217));
#2217 = ORIENTED_EDGE('',*,*,#1612,.F.);
#2218 = FACE_BOUND('',#2219,.F.);
#2219 = EDGE_LOOP('',(#2220));
#2220 = ORIENTED_EDGE('',*,*,#1645,.F.);
#2221 = FACE_BOUND('',#2222,.F.);
#2222 = EDGE_LOOP('',(#2223));
#2223 = ORIENTED_EDGE('',*,*,#1678,.F.);
#2224 = FACE_BOUND('',#2225,.F.);
#2225 = EDGE_LOOP('',(#2226));
#2226 = ORIENTED_EDGE('',*,*,#1711,.F.);
#2227 = FACE_BOUND('',#2228,.F.);
#2228 = EDGE_LOOP('',(#2229));
#2229 = ORIENTED_EDGE('',*,*,#1744,.F.);
#2230 = FACE_BOUND('',#2231,.F.);
#2231 = EDGE_LOOP('',(#2232));
#2232 = ORIENTED_EDGE('',*,*,#1777,.F.);
#2233 = FACE_BOUND('',#2234,.F.);
#2234 = EDGE_LOOP('',(#2235));
#2235 = ORIENTED_EDGE('',*,*,#1810,.F.);
#2236 = FACE_BOUND('',#2237,.F.);
#2237 = EDGE_LOOP('',(#2238));
#2238 = ORIENTED_EDGE('',*,*,#1843,.F.);
#2239 = FACE_BOUND('',#2240,.F.);
#2240 = EDGE_LOOP('',(#2241));
#2241 = ORIENTED_EDGE('',*,*,#1876,.F.);
#2242 = FACE_BOUND('',#2243,.F.);
#2243 = EDGE_LOOP('',(#2244));
#2244 = ORIENTED_EDGE('',*,*,#1909,.F.);
#2245 = FACE_BOUND('',#2246,.F.);
#2246 = EDGE_LOOP('',(#2247));
#2247 = ORIENTED_EDGE('',*,*,#1942,.F.);
#2248 = FACE_BOUND('',#2249,.F.);
#2249 = EDGE_LOOP('',(#2250));
#2250 = ORIENTED_EDGE('',*,*,#1975,.F.);
#2251 = FACE_BOUND('',#2252,.F.);
#2252 = EDGE_LOOP('',(#2253));
#2253 = ORIENTED_EDGE('',*,*,#2008,.F.);
#2254 = FACE_BOUND('',#2255,.F.);
#2255 = EDGE_LOOP('',(#2256));
#2256 = ORIENTED_EDGE('',*,*,#2041,.F.);
#2257 = FACE_BOUND('',#2258,.F.);
#2258 = EDGE_LOOP('',(#2259));
#2259 = ORIENTED_EDGE('',*,*,#2074,.F.);
#2260 = PLANE('',#2261);
#2261 = AXIS2_PLACEMENT_3D('',#2262,#2263,#2264);
#2262 = CARTESIAN_POINT('',(28.5,15.,0.));
#2263 = DIRECTION('',(0.,0.,1.));
#2264 = DIRECTION('',(1.,0.,-0.));
#2265 = ADVANCED_FACE('',(#2266,#2272,#2275,#2278,#2281,#2284,#2287,
    #2290,#2293,#2296,#2299,#2302,#2305,#2308,#2311,#2314,#2317,#2320,
    #2323,#2326,#2329,#2332,#2335,#2338,#2341,#2344,#2347,#2350,#2353,
    #2356,#2359,#2362,#2365,#2368,#2371,#2374,#2377,#2380,#2383,#2386,
    #2389,#2392,#2395,#2398,#2401,#2404,#2407,#2410,#2413,#2416,#2419,
    #2422,#2425,#2428,#2431,#2434,#2437),#2440,.T.);
#2266 = FACE_BOUND('',#2267,.T.);
#2267 = EDGE_LOOP('',(#2268,#2269,#2270,#2271));
#2268 = ORIENTED_EDGE('',*,*,#127,.T.);
#2269 = ORIENTED_EDGE('',*,*,#158,.T.);
#2270 = ORIENTED_EDGE('',*,*,#189,.T.);
#2271 = ORIENTED_EDGE('',*,*,#220,.T.);
#2272 = FACE_BOUND('',#2273,.T.);
#2273 = EDGE_LOOP('',(#2274));
#2274 = ORIENTED_EDGE('',*,*,#251,.F.);
#2275 = FACE_BOUND('',#2276,.T.);
#2276 = EDGE_LOOP('',(#2277));
#2277 = ORIENTED_EDGE('',*,*,#284,.F.);
#2278 = FACE_BOUND('',#2279,.T.);
#2279 = EDGE_LOOP('',(#2280));
#2280 = ORIENTED_EDGE('',*,*,#317,.F.);
#2281 = FACE_BOUND('',#2282,.T.);
#2282 = EDGE_LOOP('',(#2283));
#2283 = ORIENTED_EDGE('',*,*,#350,.F.);
#2284 = FACE_BOUND('',#2285,.T.);
#2285 = EDGE_LOOP('',(#2286));
#2286 = ORIENTED_EDGE('',*,*,#383,.F.);
#2287 = FACE_BOUND('',#2288,.T.);
#2288 = EDGE_LOOP('',(#2289));
#2289 = ORIENTED_EDGE('',*,*,#416,.F.);
#2290 = FACE_BOUND('',#2291,.T.);
#2291 = EDGE_LOOP('',(#2292));
#2292 = ORIENTED_EDGE('',*,*,#449,.F.);
#2293 = FACE_BOUND('',#2294,.T.);
#2294 = EDGE_LOOP('',(#2295));
#2295 = ORIENTED_EDGE('',*,*,#482,.F.);
#2296 = FACE_BOUND('',#2297,.T.);
#2297 = EDGE_LOOP('',(#2298));
#2298 = ORIENTED_EDGE('',*,*,#515,.F.);
#2299 = FACE_BOUND('',#2300,.T.);
#2300 = EDGE_LOOP('',(#2301));
#2301 = ORIENTED_EDGE('',*,*,#548,.F.);
#2302 = FACE_BOUND('',#2303,.T.);
#2303 = EDGE_LOOP('',(#2304));
#2304 = ORIENTED_EDGE('',*,*,#581,.F.);
#2305 = FACE_BOUND('',#2306,.T.);
#2306 = EDGE_LOOP('',(#2307));
#2307 = ORIENTED_EDGE('',*,*,#614,.F.);
#2308 = FACE_BOUND('',#2309,.T.);
#2309 = EDGE_LOOP('',(#2310));
#2310 = ORIENTED_EDGE('',*,*,#647,.F.);
#2311 = FACE_BOUND('',#2312,.T.);
#2312 = EDGE_LOOP('',(#2313));
#2313 = ORIENTED_EDGE('',*,*,#680,.F.);
#2314 = FACE_BOUND('',#2315,.T.);
#2315 = EDGE_LOOP('',(#2316));
#2316 = ORIENTED_EDGE('',*,*,#713,.F.);
#2317 = FACE_BOUND('',#2318,.T.);
#2318 = EDGE_LOOP('',(#2319));
#2319 = ORIENTED_EDGE('',*,*,#746,.F.);
#2320 = FACE_BOUND('',#2321,.T.);
#2321 = EDGE_LOOP('',(#2322));
#2322 = ORIENTED_EDGE('',*,*,#779,.F.);
#2323 = FACE_BOUND('',#2324,.T.);
#2324 = EDGE_LOOP('',(#2325));
#2325 = ORIENTED_EDGE('',*,*,#812,.F.);
#2326 = FACE_BOUND('',#2327,.T.);
#2327 = EDGE_LOOP('',(#2328));
#2328 = ORIENTED_EDGE('',*,*,#845,.F.);
#2329 = FACE_BOUND('',#2330,.T.);
#2330 = EDGE_LOOP('',(#2331));
#2331 = ORIENTED_EDGE('',*,*,#878,.F.);
#2332 = FACE_BOUND('',#2333,.T.);
#2333 = EDGE_LOOP('',(#2334));
#2334 = ORIENTED_EDGE('',*,*,#911,.F.);
#2335 = FACE_BOUND('',#2336,.T.);
#2336 = EDGE_LOOP('',(#2337));
#2337 = ORIENTED_EDGE('',*,*,#944,.F.);
#2338 = FACE_BOUND('',#2339,.T.);
#2339 = EDGE_LOOP('',(#2340));
#2340 = ORIENTED_EDGE('',*,*,#977,.F.);
#2341 = FACE_BOUND('',#2342,.T.);
#2342 = EDGE_LOOP('',(#2343));
#2343 = ORIENTED_EDGE('',*,*,#1010,.F.);
#2344 = FACE_BOUND('',#2345,.T.);
#2345 = EDGE_LOOP('',(#2346));
#2346 = ORIENTED_EDGE('',*,*,#1043,.F.);
#2347 = FACE_BOUND('',#2348,.T.);
#2348 = EDGE_LOOP('',(#2349));
#2349 = ORIENTED_EDGE('',*,*,#1076,.F.);
#2350 = FACE_BOUND('',#2351,.T.);
#2351 = EDGE_LOOP('',(#2352));
#2352 = ORIENTED_EDGE('',*,*,#1109,.F.);
#2353 = FACE_BOUND('',#2354,.T.);
#2354 = EDGE_LOOP('',(#2355));
#2355 = ORIENTED_EDGE('',*,*,#1142,.F.);
#2356 = FACE_BOUND('',#2357,.T.);
#2357 = EDGE_LOOP('',(#2358));
#2358 = ORIENTED_EDGE('',*,*,#1175,.F.);
#2359 = FACE_BOUND('',#2360,.T.);
#2360 = EDGE_LOOP('',(#2361));
#2361 = ORIENTED_EDGE('',*,*,#1208,.F.);
#2362 = FACE_BOUND('',#2363,.T.);
#2363 = EDGE_LOOP('',(#2364));
#2364 = ORIENTED_EDGE('',*,*,#1241,.F.);
#2365 = FACE_BOUND('',#2366,.T.);
#2366 = EDGE_LOOP('',(#2367));
#2367 = ORIENTED_EDGE('',*,*,#1274,.F.);
#2368 = FACE_BOUND('',#2369,.T.);
#2369 = EDGE_LOOP('',(#2370));
#2370 = ORIENTED_EDGE('',*,*,#1307,.F.);
#2371 = FACE_BOUND('',#2372,.T.);
#2372 = EDGE_LOOP('',(#2373));
#2373 = ORIENTED_EDGE('',*,*,#1340,.F.);
#2374 = FACE_BOUND('',#2375,.T.);
#2375 = EDGE_LOOP('',(#2376));
#2376 = ORIENTED_EDGE('',*,*,#1373,.F.);
#2377 = FACE_BOUND('',#2378,.T.);
#2378 = EDGE_LOOP('',(#2379));
#2379 = ORIENTED_EDGE('',*,*,#1406,.F.);
#2380 = FACE_BOUND('',#2381,.T.);
#2381 = EDGE_LOOP('',(#2382));
#2382 = ORIENTED_EDGE('',*,*,#1439,.F.);
#2383 = FACE_BOUND('',#2384,.T.);
#2384 = EDGE_LOOP('',(#2385));
#2385 = ORIENTED_EDGE('',*,*,#1472,.F.);
#2386 = FACE_BOUND('',#2387,.T.);
#2387 = EDGE_LOOP('',(#2388));
#2388 = ORIENTED_EDGE('',*,*,#1505,.F.);
#2389 = FACE_BOUND('',#2390,.T.);
#2390 = EDGE_LOOP('',(#2391));
#2391 = ORIENTED_EDGE('',*,*,#1538,.F.);
#2392 = FACE_BOUND('',#2393,.T.);
#2393 = EDGE_LOOP('',(#2394));
#2394 = ORIENTED_EDGE('',*,*,#1571,.F.);
#2395 = FACE_BOUND('',#2396,.T.);
#2396 = EDGE_LOOP('',(#2397));
#2397 = ORIENTED_EDGE('',*,*,#1604,.F.);
#2398 = FACE_BOUND('',#2399,.T.);
#2399 = EDGE_LOOP('',(#2400));
#2400 = ORIENTED_EDGE('',*,*,#1637,.F.);
#2401 = FACE_BOUND('',#2402,.T.);
#2402 = EDGE_LOOP('',(#2403));
#2403 = ORIENTED_EDGE('',*,*,#1670,.F.);
#2404 = FACE_BOUND('',#2405,.T.);
#2405 = EDGE_LOOP('',(#2406));
#2406 = ORIENTED_EDGE('',*,*,#1703,.F.);
#2407 = FACE_BOUND('',#2408,.T.);
#2408 = EDGE_LOOP('',(#2409));
#2409 = ORIENTED_EDGE('',*,*,#1736,.F.);
#2410 = FACE_BOUND('',#2411,.T.);
#2411 = EDGE_LOOP('',(#2412));
#2412 = ORIENTED_EDGE('',*,*,#1769,.F.);
#2413 = FACE_BOUND('',#2414,.T.);
#2414 = EDGE_LOOP('',(#2415));
#2415 = ORIENTED_EDGE('',*,*,#1802,.F.);
#2416 = FACE_BOUND('',#2417,.T.);
#2417 = EDGE_LOOP('',(#2418));
#2418 = ORIENTED_EDGE('',*,*,#1835,.F.);
#2419 = FACE_BOUND('',#2420,.T.);
#2420 = EDGE_LOOP('',(#2421));
#2421 = ORIENTED_EDGE('',*,*,#1868,.F.);
#2422 = FACE_BOUND('',#2423,.T.);
#2423 = EDGE_LOOP('',(#2424));
#2424 = ORIENTED_EDGE('',*,*,#1901,.F.);
#2425 = FACE_BOUND('',#2426,.T.);
#2426 = EDGE_LOOP('',(#2427));
#2427 = ORIENTED_EDGE('',*,*,#1934,.F.);
#2428 = FACE_BOUND('',#2429,.T.);
#2429 = EDGE_LOOP('',(#2430));
#2430 = ORIENTED_EDGE('',*,*,#1967,.F.);
#2431 = FACE_BOUND('',#2432,.T.);
#2432 = EDGE_LOOP('',(#2433));
#2433 = ORIENTED_EDGE('',*,*,#2000,.F.);
#2434 = FACE_BOUND('',#2435,.T.);
#2435 = EDGE_LOOP('',(#2436));
#2436 = ORIENTED_EDGE('',*,*,#2033,.F.);
#2437 = FACE_BOUND('',#2438,.T.);
#2438 = EDGE_LOOP('',(#2439));
#2439 = ORIENTED_EDGE('',*,*,#2066,.F.);
#2440 = PLANE('',#2441);
#2441 = AXIS2_PLACEMENT_3D('',#2442,#2443,#2444);
#2442 = CARTESIAN_POINT('',(28.5,15.,0.41148));
#2443 = DIRECTION('',(0.,0.,1.));
#2444 = DIRECTION('',(1.,0.,-0.));
#2445 = ( GEOMETRIC_REPRESENTATION_CONTEXT(3) 
GLOBAL_UNCERTAINTY_ASSIGNED_CONTEXT((#2449)) 
GLOBAL_UNIT_ASSIGNED_CONTEXT((#2446,#2447,#2448)) REPRESENTATION_CONTEXT
('Context #1','3D Context with UNIT and UNCERTAINTY') );
#2446 = ( LENGTH_UNIT() NAMED_UNIT(*) SI_UNIT(.MILLI.,.METRE.) );
#2447 = ( NAMED_UNIT(*) PLANE_ANGLE_UNIT() SI_UNIT($,.RADIAN.) );
#2448 = ( NAMED_UNIT(*) SI_UNIT($,.STERADIAN.) SOLID_ANGLE_UNIT() );
#2449 = UNCERTAINTY_MEASURE_WITH_UNIT(LENGTH_MEASURE(1.E-07),#2446,
  'distance_accuracy_value','confusion accuracy');
#2450 = SHAPE_DEFINITION_REPRESENTATION(#2451,#110);
#2451 = PRODUCT_DEFINITION_SHAPE('','',#2452);
#2452 = PRODUCT_DEFINITION('design','',#2453,#2456);
#2453 = PRODUCT_DEFINITION_FORMATION('','',#2454);
#2454 = PRODUCT('Open CASCADE STEP translator 7.5 1.1.1',
  'Open CASCADE STEP translator 7.5 1.1.1','',(#2455));
#2455 = PRODUCT_CONTEXT('',#2,'mechanical');
#2456 = PRODUCT_DEFINITION_CONTEXT('part definition',#2,'design');
#2457 = CONTEXT_DEPENDENT_SHAPE_REPRESENTATION(#2458,#2460);
#2458 = ( REPRESENTATION_RELATIONSHIP('','',#110,#100) 
REPRESENTATION_RELATIONSHIP_WITH_TRANSFORMATION(#2459) 
SHAPE_REPRESENTATION_RELATIONSHIP() );
#2459 = ITEM_DEFINED_TRANSFORMATION('','',#11,#101);
#2460 = PRODUCT_DEFINITION_SHAPE('Placement','Placement of an item',
  #2461);
#2461 = NEXT_ASSEMBLY_USAGE_OCCURRENCE('1','','',#95,#2452,$);
#2462 = PRODUCT_RELATED_PRODUCT_CATEGORY('part',$,(#2454));
#2463 = CONTEXT_DEPENDENT_SHAPE_REPRESENTATION(#2464,#2466);
#2464 = ( REPRESENTATION_RELATIONSHIP('','',#100,#10) 
REPRESENTATION_RELATIONSHIP_WITH_TRANSFORMATION(#2465) 
SHAPE_REPRESENTATION_RELATIONSHIP() );
#2465 = ITEM_DEFINED_TRANSFORMATION('','',#11,#15);
#2466 = PRODUCT_DEFINITION_SHAPE('Placement','Placement of an item',
  #2467);
#2467 = NEXT_ASSEMBLY_USAGE_OCCURRENCE('2','','',#5,#95,$);
#2468 = PRODUCT_RELATED_PRODUCT_CATEGORY('part',$,(#97));
#2469 = SHAPE_DEFINITION_REPRESENTATION(#2470,#2476);
#2470 = PRODUCT_DEFINITION_SHAPE('','',#2471);
#2471 = PRODUCT_DEFINITION('design','',#2472,#2475);
#2472 = PRODUCT_DEFINITION_FORMATION('','',#2473);
#2473 = PRODUCT('RD3','RD3','',(#2474));
#2474 = PRODUCT_CONTEXT('',#2,'mechanical');
#2475 = PRODUCT_DEFINITION_CONTEXT('part definition',#2,'design');
#2476 = SHAPE_REPRESENTATION('',(#11,#2477),#2481);
#2477 = AXIS2_PLACEMENT_3D('',#2478,#2479,#2480);
#2478 = CARTESIAN_POINT('',(28.757997611348,17.17799879499,0.));
#2479 = DIRECTION('',(-8.742277657348E-08,1.,-4.371138828674E-08));
#2480 = DIRECTION('',(-1.,-8.742277657348E-08,0.));
#2481 = ( GEOMETRIC_REPRESENTATION_CONTEXT(3) 
GLOBAL_UNCERTAINTY_ASSIGNED_CONTEXT((#2485)) 
GLOBAL_UNIT_ASSIGNED_CONTEXT((#2482,#2483,#2484)) REPRESENTATION_CONTEXT
('Context #1','3D Context with UNIT and UNCERTAINTY') );
#2482 = ( LENGTH_UNIT() NAMED_UNIT(*) SI_UNIT(.MILLI.,.METRE.) );
#2483 = ( NAMED_UNIT(*) PLANE_ANGLE_UNIT() SI_UNIT($,.RADIAN.) );
#2484 = ( NAMED_UNIT(*) SI_UNIT($,.STERADIAN.) SOLID_ANGLE_UNIT() );
#2485 = UNCERTAINTY_MEASURE_WITH_UNIT(LENGTH_MEASURE(1.E-07),#2482,
  'distance_accuracy_value','confusion accuracy');
#2486 = SHAPE_DEFINITION_REPRESENTATION(#2487,#2493);
#2487 = PRODUCT_DEFINITION_SHAPE('','',#2488);
#2488 = PRODUCT_DEFINITION('design','',#2489,#2492);
#2489 = PRODUCT_DEFINITION_FORMATION('','',#2490);
#2490 = PRODUCT('6770374800','6770374800','',(#2491));
#2491 = PRODUCT_CONTEXT('',#2,'mechanical');
#2492 = PRODUCT_DEFINITION_CONTEXT('part definition',#2,'design');
#2493 = SHAPE_REPRESENTATION('',(#11,#2494,#2498,#2502,#2506,#2510),
  #2514);
#2494 = AXIS2_PLACEMENT_3D('',#2495,#2496,#2497);
#2495 = CARTESIAN_POINT('',(0.,0.,0.));
#2496 = DIRECTION('',(0.,0.,1.));
#2497 = DIRECTION('',(1.,0.,0.));
#2498 = AXIS2_PLACEMENT_3D('',#2499,#2500,#2501);
#2499 = CARTESIAN_POINT('',(0.,0.,0.));
#2500 = DIRECTION('',(0.,0.,1.));
#2501 = DIRECTION('',(1.,0.,0.));
#2502 = AXIS2_PLACEMENT_3D('',#2503,#2504,#2505);
#2503 = CARTESIAN_POINT('',(0.,0.,0.));
#2504 = DIRECTION('',(0.,0.,1.));
#2505 = DIRECTION('',(1.,0.,0.));
#2506 = AXIS2_PLACEMENT_3D('',#2507,#2508,#2509);
#2507 = CARTESIAN_POINT('',(0.,0.,0.));
#2508 = DIRECTION('',(0.,0.,1.));
#2509 = DIRECTION('',(1.,0.,0.));
#2510 = AXIS2_PLACEMENT_3D('',#2511,#2512,#2513);
#2511 = CARTESIAN_POINT('',(0.,0.,0.));
#2512 = DIRECTION('',(0.,0.,1.));
#2513 = DIRECTION('',(1.,0.,0.));
#2514 = ( GEOMETRIC_REPRESENTATION_CONTEXT(3) 
GLOBAL_UNCERTAINTY_ASSIGNED_CONTEXT((#2518)) 
GLOBAL_UNIT_ASSIGNED_CONTEXT((#2515,#2516,#2517)) REPRESENTATION_CONTEXT
('Context #1','3D Context with UNIT and UNCERTAINTY') );
#2515 = ( LENGTH_UNIT() NAMED_UNIT(*) SI_UNIT(.MILLI.,.METRE.) );
#2516 = ( NAMED_UNIT(*) PLANE_ANGLE_UNIT() SI_UNIT($,.RADIAN.) );
#2517 = ( NAMED_UNIT(*) SI_UNIT($,.STERADIAN.) SOLID_ANGLE_UNIT() );
#2518 = UNCERTAINTY_MEASURE_WITH_UNIT(LENGTH_MEASURE(1.E-07),#2515,
  'distance_accuracy_value','confusion accuracy');
#2519 = ADVANCED_BREP_SHAPE_REPRESENTATION('',(#11,#2520),#2624);
#2520 = MANIFOLD_SOLID_BREP('',#2521);
#2521 = CLOSED_SHELL('',(#2522,#2539,#2564,#2590,#2615));
#2522 = ADVANCED_FACE('',(#2523),#2534,.F.);
#2523 = FACE_BOUND('',#2524,.F.);
#2524 = EDGE_LOOP('',(#2525));
#2525 = ORIENTED_EDGE('',*,*,#2526,.T.);
#2526 = EDGE_CURVE('',#2527,#2527,#2529,.T.);
#2527 = VERTEX_POINT('',#2528);
#2528 = CARTESIAN_POINT('',(-1.75,0.7,0.));
#2529 = CIRCLE('',#2530,0.225);
#2530 = AXIS2_PLACEMENT_3D('',#2531,#2532,#2533);
#2531 = CARTESIAN_POINT('',(-1.75,0.925,0.));
#2532 = DIRECTION('',(-1.,0.,0.));
#2533 = DIRECTION('',(0.,-1.,0.));
#2534 = PLANE('',#2535);
#2535 = AXIS2_PLACEMENT_3D('',#2536,#2537,#2538);
#2536 = CARTESIAN_POINT('',(-1.75,0.925,2.6852890458E-18));
#2537 = DIRECTION('',(-1.,-0.,-0.));
#2538 = DIRECTION('',(0.,0.,-1.));
#2539 = ADVANCED_FACE('',(#2540),#2559,.T.);
#2540 = FACE_BOUND('',#2541,.T.);
#2541 = EDGE_LOOP('',(#2542,#2550,#2557,#2558));
#2542 = ORIENTED_EDGE('',*,*,#2543,.T.);
#2543 = EDGE_CURVE('',#2527,#2544,#2546,.T.);
#2544 = VERTEX_POINT('',#2545);
#2545 = CARTESIAN_POINT('',(-3.,0.7,0.));
#2546 = LINE('',#2547,#2548);
#2547 = CARTESIAN_POINT('',(-1.75,0.7,0.));
#2548 = VECTOR('',#2549,1.);
#2549 = DIRECTION('',(-1.,0.,0.));
#2550 = ORIENTED_EDGE('',*,*,#2551,.F.);
#2551 = EDGE_CURVE('',#2544,#2544,#2552,.T.);
#2552 = CIRCLE('',#2553,0.225);
#2553 = AXIS2_PLACEMENT_3D('',#2554,#2555,#2556);
#2554 = CARTESIAN_POINT('',(-3.,0.925,0.));
#2555 = DIRECTION('',(-1.,0.,0.));
#2556 = DIRECTION('',(0.,-1.,0.));
#2557 = ORIENTED_EDGE('',*,*,#2543,.F.);
#2558 = ORIENTED_EDGE('',*,*,#2526,.T.);
#2559 = CYLINDRICAL_SURFACE('',#2560,0.225);
#2560 = AXIS2_PLACEMENT_3D('',#2561,#2562,#2563);
#2561 = CARTESIAN_POINT('',(-1.75,0.925,0.));
#2562 = DIRECTION('',(-1.,0.,0.));
#2563 = DIRECTION('',(0.,-1.,0.));
#2564 = ADVANCED_FACE('',(#2565),#2585,.T.);
#2565 = FACE_BOUND('',#2566,.T.);
#2566 = EDGE_LOOP('',(#2567,#2576,#2583,#2584));
#2567 = ORIENTED_EDGE('',*,*,#2568,.T.);
#2568 = EDGE_CURVE('',#2544,#2569,#2571,.T.);
#2569 = VERTEX_POINT('',#2570);
#2570 = CARTESIAN_POINT('',(-3.275,0.425,0.));
#2571 = CIRCLE('',#2572,0.275);
#2572 = AXIS2_PLACEMENT_3D('',#2573,#2574,#2575);
#2573 = CARTESIAN_POINT('',(-3.,0.425,8.266365894245E-17));
#2574 = DIRECTION('',(0.,0.,1.));
#2575 = DIRECTION('',(1.,0.,-0.));
#2576 = ORIENTED_EDGE('',*,*,#2577,.T.);
#2577 = EDGE_CURVE('',#2569,#2569,#2578,.T.);
#2578 = CIRCLE('',#2579,0.225);
#2579 = AXIS2_PLACEMENT_3D('',#2580,#2581,#2582);
#2580 = CARTESIAN_POINT('',(-3.5,0.425,0.));
#2581 = DIRECTION('',(1.224646799147E-16,1.,-0.));
#2582 = DIRECTION('',(-1.,1.224646799147E-16,0.));
#2583 = ORIENTED_EDGE('',*,*,#2568,.F.);
#2584 = ORIENTED_EDGE('',*,*,#2551,.T.);
#2585 = TOROIDAL_SURFACE('',#2586,0.5,0.225);
#2586 = AXIS2_PLACEMENT_3D('',#2587,#2588,#2589);
#2587 = CARTESIAN_POINT('',(-3.,0.425,0.));
#2588 = DIRECTION('',(0.,0.,1.));
#2589 = DIRECTION('',(1.,0.,-0.));
#2590 = ADVANCED_FACE('',(#2591),#2610,.T.);
#2591 = FACE_BOUND('',#2592,.T.);
#2592 = EDGE_LOOP('',(#2593,#2601,#2608,#2609));
#2593 = ORIENTED_EDGE('',*,*,#2594,.T.);
#2594 = EDGE_CURVE('',#2569,#2595,#2597,.T.);
#2595 = VERTEX_POINT('',#2596);
#2596 = CARTESIAN_POINT('',(-3.275,-3.6,0.));
#2597 = LINE('',#2598,#2599);
#2598 = CARTESIAN_POINT('',(-3.275,0.425,0.));
#2599 = VECTOR('',#2600,1.);
#2600 = DIRECTION('',(0.,-1.,0.));
#2601 = ORIENTED_EDGE('',*,*,#2602,.F.);
#2602 = EDGE_CURVE('',#2595,#2595,#2603,.T.);
#2603 = CIRCLE('',#2604,0.225);
#2604 = AXIS2_PLACEMENT_3D('',#2605,#2606,#2607);
#2605 = CARTESIAN_POINT('',(-3.5,-3.6,0.));
#2606 = DIRECTION('',(0.,-1.,0.));
#2607 = DIRECTION('',(1.,0.,0.));
#2608 = ORIENTED_EDGE('',*,*,#2594,.F.);
#2609 = ORIENTED_EDGE('',*,*,#2577,.F.);
#2610 = CYLINDRICAL_SURFACE('',#2611,0.225);
#2611 = AXIS2_PLACEMENT_3D('',#2612,#2613,#2614);
#2612 = CARTESIAN_POINT('',(-3.5,0.425,0.));
#2613 = DIRECTION('',(0.,-1.,0.));
#2614 = DIRECTION('',(1.,0.,0.));
#2615 = ADVANCED_FACE('',(#2616),#2619,.T.);
#2616 = FACE_BOUND('',#2617,.T.);
#2617 = EDGE_LOOP('',(#2618));
#2618 = ORIENTED_EDGE('',*,*,#2602,.T.);
#2619 = PLANE('',#2620);
#2620 = AXIS2_PLACEMENT_3D('',#2621,#2622,#2623);
#2621 = CARTESIAN_POINT('',(-3.5,-3.6,-9.184850993605E-18));
#2622 = DIRECTION('',(-0.,-1.,-0.));
#2623 = DIRECTION('',(0.,0.,-1.));
#2624 = ( GEOMETRIC_REPRESENTATION_CONTEXT(3) 
GLOBAL_UNCERTAINTY_ASSIGNED_CONTEXT((#2628)) 
GLOBAL_UNIT_ASSIGNED_CONTEXT((#2625,#2626,#2627)) REPRESENTATION_CONTEXT
('Context #1','3D Context with UNIT and UNCERTAINTY') );
#2625 = ( LENGTH_UNIT() NAMED_UNIT(*) SI_UNIT(.MILLI.,.METRE.) );
#2626 = ( NAMED_UNIT(*) PLANE_ANGLE_UNIT() SI_UNIT($,.RADIAN.) );
#2627 = ( NAMED_UNIT(*) SI_UNIT($,.STERADIAN.) SOLID_ANGLE_UNIT() );
#2628 = UNCERTAINTY_MEASURE_WITH_UNIT(LENGTH_MEASURE(1.E-07),#2625,
  'distance_accuracy_value','confusion accuracy');
#2629 = SHAPE_DEFINITION_REPRESENTATION(#2630,#2519);
#2630 = PRODUCT_DEFINITION_SHAPE('','',#2631);
#2631 = PRODUCT_DEFINITION('design','',#2632,#2635);
#2632 = PRODUCT_DEFINITION_FORMATION('','',#2633);
#2633 = PRODUCT('Body002','Body002','',(#2634));
#2634 = PRODUCT_CONTEXT('',#2,'mechanical');
#2635 = PRODUCT_DEFINITION_CONTEXT('part definition',#2,'design');
#2636 = CONTEXT_DEPENDENT_SHAPE_REPRESENTATION(#2637,#2639);
#2637 = ( REPRESENTATION_RELATIONSHIP('','',#2519,#2493) 
REPRESENTATION_RELATIONSHIP_WITH_TRANSFORMATION(#2638) 
SHAPE_REPRESENTATION_RELATIONSHIP() );
#2638 = ITEM_DEFINED_TRANSFORMATION('','',#11,#2494);
#2639 = PRODUCT_DEFINITION_SHAPE('Placement','Placement of an item',
  #2640);
#2640 = NEXT_ASSEMBLY_USAGE_OCCURRENCE('3','Body002','',#2488,#2631,$);
#2641 = PRODUCT_RELATED_PRODUCT_CATEGORY('part',$,(#2633));
#2642 = ADVANCED_BREP_SHAPE_REPRESENTATION('',(#11,#2643),#2747);
#2643 = MANIFOLD_SOLID_BREP('',#2644);
#2644 = CLOSED_SHELL('',(#2645,#2662,#2687,#2713,#2738));
#2645 = ADVANCED_FACE('',(#2646),#2657,.F.);
#2646 = FACE_BOUND('',#2647,.T.);
#2647 = EDGE_LOOP('',(#2648));
#2648 = ORIENTED_EDGE('',*,*,#2649,.T.);
#2649 = EDGE_CURVE('',#2650,#2650,#2652,.T.);
#2650 = VERTEX_POINT('',#2651);
#2651 = CARTESIAN_POINT('',(1.75,0.7,0.));
#2652 = CIRCLE('',#2653,0.225);
#2653 = AXIS2_PLACEMENT_3D('',#2654,#2655,#2656);
#2654 = CARTESIAN_POINT('',(1.75,0.925,0.));
#2655 = DIRECTION('',(-1.,0.,0.));
#2656 = DIRECTION('',(-0.,-1.,-0.));
#2657 = PLANE('',#2658);
#2658 = AXIS2_PLACEMENT_3D('',#2659,#2660,#2661);
#2659 = CARTESIAN_POINT('',(1.75,0.925,2.6852890458E-18));
#2660 = DIRECTION('',(1.,-0.,-0.));
#2661 = DIRECTION('',(0.,0.,1.));
#2662 = ADVANCED_FACE('',(#2663),#2682,.T.);
#2663 = FACE_BOUND('',#2664,.T.);
#2664 = EDGE_LOOP('',(#2665,#2666,#2674,#2681));
#2665 = ORIENTED_EDGE('',*,*,#2649,.F.);
#2666 = ORIENTED_EDGE('',*,*,#2667,.T.);
#2667 = EDGE_CURVE('',#2650,#2668,#2670,.T.);
#2668 = VERTEX_POINT('',#2669);
#2669 = CARTESIAN_POINT('',(3.,0.7,0.));
#2670 = LINE('',#2671,#2672);
#2671 = CARTESIAN_POINT('',(1.75,0.7,0.));
#2672 = VECTOR('',#2673,1.);
#2673 = DIRECTION('',(1.,-0.,-0.));
#2674 = ORIENTED_EDGE('',*,*,#2675,.T.);
#2675 = EDGE_CURVE('',#2668,#2668,#2676,.T.);
#2676 = CIRCLE('',#2677,0.225);
#2677 = AXIS2_PLACEMENT_3D('',#2678,#2679,#2680);
#2678 = CARTESIAN_POINT('',(3.,0.925,0.));
#2679 = DIRECTION('',(-1.,0.,0.));
#2680 = DIRECTION('',(-0.,-1.,-0.));
#2681 = ORIENTED_EDGE('',*,*,#2667,.F.);
#2682 = CYLINDRICAL_SURFACE('',#2683,0.225);
#2683 = AXIS2_PLACEMENT_3D('',#2684,#2685,#2686);
#2684 = CARTESIAN_POINT('',(1.75,0.925,0.));
#2685 = DIRECTION('',(1.,-0.,-0.));
#2686 = DIRECTION('',(0.,-1.,0.));
#2687 = ADVANCED_FACE('',(#2688),#2708,.T.);
#2688 = FACE_BOUND('',#2689,.T.);
#2689 = EDGE_LOOP('',(#2690,#2699,#2706,#2707));
#2690 = ORIENTED_EDGE('',*,*,#2691,.T.);
#2691 = EDGE_CURVE('',#2668,#2692,#2694,.T.);
#2692 = VERTEX_POINT('',#2693);
#2693 = CARTESIAN_POINT('',(3.275,0.425,0.));
#2694 = CIRCLE('',#2695,0.275);
#2695 = AXIS2_PLACEMENT_3D('',#2696,#2697,#2698);
#2696 = CARTESIAN_POINT('',(3.,0.425,8.266365894245E-17));
#2697 = DIRECTION('',(0.,0.,-1.));
#2698 = DIRECTION('',(-1.,-0.,-0.));
#2699 = ORIENTED_EDGE('',*,*,#2700,.F.);
#2700 = EDGE_CURVE('',#2692,#2692,#2701,.T.);
#2701 = CIRCLE('',#2702,0.225);
#2702 = AXIS2_PLACEMENT_3D('',#2703,#2704,#2705);
#2703 = CARTESIAN_POINT('',(3.5,0.425,0.));
#2704 = DIRECTION('',(1.224646799147E-16,-1.,0.));
#2705 = DIRECTION('',(1.,1.224646799147E-16,0.));
#2706 = ORIENTED_EDGE('',*,*,#2691,.F.);
#2707 = ORIENTED_EDGE('',*,*,#2675,.F.);
#2708 = TOROIDAL_SURFACE('',#2709,0.5,0.225);
#2709 = AXIS2_PLACEMENT_3D('',#2710,#2711,#2712);
#2710 = CARTESIAN_POINT('',(3.,0.425,0.));
#2711 = DIRECTION('',(-0.,-0.,1.));
#2712 = DIRECTION('',(-1.,0.,0.));
#2713 = ADVANCED_FACE('',(#2714),#2733,.T.);
#2714 = FACE_BOUND('',#2715,.T.);
#2715 = EDGE_LOOP('',(#2716,#2717,#2725,#2732));
#2716 = ORIENTED_EDGE('',*,*,#2700,.T.);
#2717 = ORIENTED_EDGE('',*,*,#2718,.T.);
#2718 = EDGE_CURVE('',#2692,#2719,#2721,.T.);
#2719 = VERTEX_POINT('',#2720);
#2720 = CARTESIAN_POINT('',(3.275,-3.6,0.));
#2721 = LINE('',#2722,#2723);
#2722 = CARTESIAN_POINT('',(3.275,0.425,0.));
#2723 = VECTOR('',#2724,1.);
#2724 = DIRECTION('',(-0.,-1.,-0.));
#2725 = ORIENTED_EDGE('',*,*,#2726,.T.);
#2726 = EDGE_CURVE('',#2719,#2719,#2727,.T.);
#2727 = CIRCLE('',#2728,0.225);
#2728 = AXIS2_PLACEMENT_3D('',#2729,#2730,#2731);
#2729 = CARTESIAN_POINT('',(3.5,-3.6,0.));
#2730 = DIRECTION('',(0.,1.,0.));
#2731 = DIRECTION('',(-1.,0.,-0.));
#2732 = ORIENTED_EDGE('',*,*,#2718,.F.);
#2733 = CYLINDRICAL_SURFACE('',#2734,0.225);
#2734 = AXIS2_PLACEMENT_3D('',#2735,#2736,#2737);
#2735 = CARTESIAN_POINT('',(3.5,0.425,0.));
#2736 = DIRECTION('',(-0.,-1.,-0.));
#2737 = DIRECTION('',(-1.,0.,0.));
#2738 = ADVANCED_FACE('',(#2739),#2742,.T.);
#2739 = FACE_BOUND('',#2740,.F.);
#2740 = EDGE_LOOP('',(#2741));
#2741 = ORIENTED_EDGE('',*,*,#2726,.T.);
#2742 = PLANE('',#2743);
#2743 = AXIS2_PLACEMENT_3D('',#2744,#2745,#2746);
#2744 = CARTESIAN_POINT('',(3.5,-3.6,-9.184850993605E-18));
#2745 = DIRECTION('',(0.,-1.,-0.));
#2746 = DIRECTION('',(0.,0.,1.));
#2747 = ( GEOMETRIC_REPRESENTATION_CONTEXT(3) 
GLOBAL_UNCERTAINTY_ASSIGNED_CONTEXT((#2751)) 
GLOBAL_UNIT_ASSIGNED_CONTEXT((#2748,#2749,#2750)) REPRESENTATION_CONTEXT
('Context #1','3D Context with UNIT and UNCERTAINTY') );
#2748 = ( LENGTH_UNIT() NAMED_UNIT(*) SI_UNIT(.MILLI.,.METRE.) );
#2749 = ( NAMED_UNIT(*) PLANE_ANGLE_UNIT() SI_UNIT($,.RADIAN.) );
#2750 = ( NAMED_UNIT(*) SI_UNIT($,.STERADIAN.) SOLID_ANGLE_UNIT() );
#2751 = UNCERTAINTY_MEASURE_WITH_UNIT(LENGTH_MEASURE(1.E-07),#2748,
  'distance_accuracy_value','confusion accuracy');
#2752 = SHAPE_DEFINITION_REPRESENTATION(#2753,#2642);
#2753 = PRODUCT_DEFINITION_SHAPE('','',#2754);
#2754 = PRODUCT_DEFINITION('design','',#2755,#2758);
#2755 = PRODUCT_DEFINITION_FORMATION('','',#2756);
#2756 = PRODUCT('Body002 (Mirror #2)','Body002 (Mirror #2)','',(#2757));
#2757 = PRODUCT_CONTEXT('',#2,'mechanical');
#2758 = PRODUCT_DEFINITION_CONTEXT('part definition',#2,'design');
#2759 = CONTEXT_DEPENDENT_SHAPE_REPRESENTATION(#2760,#2762);
#2760 = ( REPRESENTATION_RELATIONSHIP('','',#2642,#2493) 
REPRESENTATION_RELATIONSHIP_WITH_TRANSFORMATION(#2761) 
SHAPE_REPRESENTATION_RELATIONSHIP() );
#2761 = ITEM_DEFINED_TRANSFORMATION('','',#11,#2498);
#2762 = PRODUCT_DEFINITION_SHAPE('Placement','Placement of an item',
  #2763);
#2763 = NEXT_ASSEMBLY_USAGE_OCCURRENCE('4','Body002 (Mirror #2)','',
  #2488,#2754,$);
#2764 = PRODUCT_RELATED_PRODUCT_CATEGORY('part',$,(#2756));
#2765 = ADVANCED_BREP_SHAPE_REPRESENTATION('',(#11,#2766),#2819);
#2766 = MANIFOLD_SOLID_BREP('',#2767);
#2767 = CLOSED_SHELL('',(#2768,#2801,#2810));
#2768 = ADVANCED_FACE('',(#2769),#2796,.T.);
#2769 = FACE_BOUND('',#2770,.T.);
#2770 = EDGE_LOOP('',(#2771,#2781,#2788,#2789));
#2771 = ORIENTED_EDGE('',*,*,#2772,.T.);
#2772 = EDGE_CURVE('',#2773,#2775,#2777,.T.);
#2773 = VERTEX_POINT('',#2774);
#2774 = CARTESIAN_POINT('',(-1.,1.8,0.));
#2775 = VERTEX_POINT('',#2776);
#2776 = CARTESIAN_POINT('',(1.,1.8,0.));
#2777 = LINE('',#2778,#2779);
#2778 = CARTESIAN_POINT('',(-1.,1.8,0.));
#2779 = VECTOR('',#2780,1.);
#2780 = DIRECTION('',(1.,0.,0.));
#2781 = ORIENTED_EDGE('',*,*,#2782,.T.);
#2782 = EDGE_CURVE('',#2775,#2775,#2783,.T.);
#2783 = CIRCLE('',#2784,0.875);
#2784 = AXIS2_PLACEMENT_3D('',#2785,#2786,#2787);
#2785 = CARTESIAN_POINT('',(1.,0.925,0.));
#2786 = DIRECTION('',(-1.,0.,0.));
#2787 = DIRECTION('',(0.,1.,0.));
#2788 = ORIENTED_EDGE('',*,*,#2772,.F.);
#2789 = ORIENTED_EDGE('',*,*,#2790,.T.);
#2790 = EDGE_CURVE('',#2773,#2773,#2791,.T.);
#2791 = CIRCLE('',#2792,0.875);
#2792 = AXIS2_PLACEMENT_3D('',#2793,#2794,#2795);
#2793 = CARTESIAN_POINT('',(-1.,0.925,0.));
#2794 = DIRECTION('',(1.,0.,0.));
#2795 = DIRECTION('',(-0.,1.,0.));
#2796 = CYLINDRICAL_SURFACE('',#2797,0.875);
#2797 = AXIS2_PLACEMENT_3D('',#2798,#2799,#2800);
#2798 = CARTESIAN_POINT('',(-1.,0.925,0.));
#2799 = DIRECTION('',(-1.,-0.,-0.));
#2800 = DIRECTION('',(0.,1.,0.));
#2801 = ADVANCED_FACE('',(#2802),#2805,.F.);
#2802 = FACE_BOUND('',#2803,.F.);
#2803 = EDGE_LOOP('',(#2804));
#2804 = ORIENTED_EDGE('',*,*,#2790,.T.);
#2805 = PLANE('',#2806);
#2806 = AXIS2_PLACEMENT_3D('',#2807,#2808,#2809);
#2807 = CARTESIAN_POINT('',(-1.,0.925,-4.E-17));
#2808 = DIRECTION('',(1.,0.,0.));
#2809 = DIRECTION('',(0.,0.,1.));
#2810 = ADVANCED_FACE('',(#2811),#2814,.T.);
#2811 = FACE_BOUND('',#2812,.F.);
#2812 = EDGE_LOOP('',(#2813));
#2813 = ORIENTED_EDGE('',*,*,#2782,.T.);
#2814 = PLANE('',#2815);
#2815 = AXIS2_PLACEMENT_3D('',#2816,#2817,#2818);
#2816 = CARTESIAN_POINT('',(1.,0.925,0.));
#2817 = DIRECTION('',(1.,0.,0.));
#2818 = DIRECTION('',(-0.,1.,0.));
#2819 = ( GEOMETRIC_REPRESENTATION_CONTEXT(3) 
GLOBAL_UNCERTAINTY_ASSIGNED_CONTEXT((#2823)) 
GLOBAL_UNIT_ASSIGNED_CONTEXT((#2820,#2821,#2822)) REPRESENTATION_CONTEXT
('Context #1','3D Context with UNIT and UNCERTAINTY') );
#2820 = ( LENGTH_UNIT() NAMED_UNIT(*) SI_UNIT(.MILLI.,.METRE.) );
#2821 = ( NAMED_UNIT(*) PLANE_ANGLE_UNIT() SI_UNIT($,.RADIAN.) );
#2822 = ( NAMED_UNIT(*) SI_UNIT($,.STERADIAN.) SOLID_ANGLE_UNIT() );
#2823 = UNCERTAINTY_MEASURE_WITH_UNIT(LENGTH_MEASURE(1.E-07),#2820,
  'distance_accuracy_value','confusion accuracy');
#2824 = SHAPE_DEFINITION_REPRESENTATION(#2825,#2765);
#2825 = PRODUCT_DEFINITION_SHAPE('','',#2826);
#2826 = PRODUCT_DEFINITION('design','',#2827,#2830);
#2827 = PRODUCT_DEFINITION_FORMATION('','',#2828);
#2828 = PRODUCT('Body001','Body001','',(#2829));
#2829 = PRODUCT_CONTEXT('',#2,'mechanical');
#2830 = PRODUCT_DEFINITION_CONTEXT('part definition',#2,'design');
#2831 = CONTEXT_DEPENDENT_SHAPE_REPRESENTATION(#2832,#2834);
#2832 = ( REPRESENTATION_RELATIONSHIP('','',#2765,#2493) 
REPRESENTATION_RELATIONSHIP_WITH_TRANSFORMATION(#2833) 
SHAPE_REPRESENTATION_RELATIONSHIP() );
#2833 = ITEM_DEFINED_TRANSFORMATION('','',#11,#2502);
#2834 = PRODUCT_DEFINITION_SHAPE('Placement','Placement of an item',
  #2835);
#2835 = NEXT_ASSEMBLY_USAGE_OCCURRENCE('5','Body001','',#2488,#2826,$);
#2836 = PRODUCT_RELATED_PRODUCT_CATEGORY('part',$,(#2828));
#2837 = ADVANCED_BREP_SHAPE_REPRESENTATION('',(#11,#2838),#2943);
#2838 = MANIFOLD_SOLID_BREP('',#2839);
#2839 = CLOSED_SHELL('',(#2840,#2857,#2883,#2908,#2934));
#2840 = ADVANCED_FACE('',(#2841),#2852,.T.);
#2841 = FACE_BOUND('',#2842,.F.);
#2842 = EDGE_LOOP('',(#2843));
#2843 = ORIENTED_EDGE('',*,*,#2844,.F.);
#2844 = EDGE_CURVE('',#2845,#2845,#2847,.T.);
#2845 = VERTEX_POINT('',#2846);
#2846 = CARTESIAN_POINT('',(-1.75,5.E-02,0.));
#2847 = CIRCLE('',#2848,0.875);
#2848 = AXIS2_PLACEMENT_3D('',#2849,#2850,#2851);
#2849 = CARTESIAN_POINT('',(-1.75,0.925,0.));
#2850 = DIRECTION('',(-1.,0.,0.));
#2851 = DIRECTION('',(0.,-1.,0.));
#2852 = PLANE('',#2853);
#2853 = AXIS2_PLACEMENT_3D('',#2854,#2855,#2856);
#2854 = CARTESIAN_POINT('',(-1.75,0.925,0.));
#2855 = DIRECTION('',(-1.,-0.,-0.));
#2856 = DIRECTION('',(0.,-1.,0.));
#2857 = ADVANCED_FACE('',(#2858),#2878,.T.);
#2858 = FACE_BOUND('',#2859,.T.);
#2859 = EDGE_LOOP('',(#2860,#2869,#2870,#2871));
#2860 = ORIENTED_EDGE('',*,*,#2861,.F.);
#2861 = EDGE_CURVE('',#2845,#2862,#2864,.T.);
#2862 = VERTEX_POINT('',#2863);
#2863 = CARTESIAN_POINT('',(-1.7,0.,0.));
#2864 = CIRCLE('',#2865,5.E-02);
#2865 = AXIS2_PLACEMENT_3D('',#2866,#2867,#2868);
#2866 = CARTESIAN_POINT('',(-1.7,5.E-02,0.));
#2867 = DIRECTION('',(-0.,0.,1.));
#2868 = DIRECTION('',(0.,-1.,0.));
#2869 = ORIENTED_EDGE('',*,*,#2844,.F.);
#2870 = ORIENTED_EDGE('',*,*,#2861,.T.);
#2871 = ORIENTED_EDGE('',*,*,#2872,.T.);
#2872 = EDGE_CURVE('',#2862,#2862,#2873,.T.);
#2873 = CIRCLE('',#2874,0.925);
#2874 = AXIS2_PLACEMENT_3D('',#2875,#2876,#2877);
#2875 = CARTESIAN_POINT('',(-1.7,0.925,0.));
#2876 = DIRECTION('',(-1.,0.,0.));
#2877 = DIRECTION('',(0.,-1.,0.));
#2878 = TOROIDAL_SURFACE('',#2879,0.875,5.E-02);
#2879 = AXIS2_PLACEMENT_3D('',#2880,#2881,#2882);
#2880 = CARTESIAN_POINT('',(-1.7,0.925,0.));
#2881 = DIRECTION('',(1.,0.,0.));
#2882 = DIRECTION('',(0.,-1.,0.));
#2883 = ADVANCED_FACE('',(#2884),#2903,.T.);
#2884 = FACE_BOUND('',#2885,.T.);
#2885 = EDGE_LOOP('',(#2886,#2895,#2901,#2902));
#2886 = ORIENTED_EDGE('',*,*,#2887,.T.);
#2887 = EDGE_CURVE('',#2888,#2888,#2890,.T.);
#2888 = VERTEX_POINT('',#2889);
#2889 = CARTESIAN_POINT('',(-1.05,0.,0.));
#2890 = CIRCLE('',#2891,0.925);
#2891 = AXIS2_PLACEMENT_3D('',#2892,#2893,#2894);
#2892 = CARTESIAN_POINT('',(-1.05,0.925,0.));
#2893 = DIRECTION('',(-1.,0.,0.));
#2894 = DIRECTION('',(0.,-1.,0.));
#2895 = ORIENTED_EDGE('',*,*,#2896,.F.);
#2896 = EDGE_CURVE('',#2862,#2888,#2897,.T.);
#2897 = LINE('',#2898,#2899);
#2898 = CARTESIAN_POINT('',(-1.75,0.,0.));
#2899 = VECTOR('',#2900,1.);
#2900 = DIRECTION('',(1.,0.,0.));
#2901 = ORIENTED_EDGE('',*,*,#2872,.F.);
#2902 = ORIENTED_EDGE('',*,*,#2896,.T.);
#2903 = CYLINDRICAL_SURFACE('',#2904,0.925);
#2904 = AXIS2_PLACEMENT_3D('',#2905,#2906,#2907);
#2905 = CARTESIAN_POINT('',(-1.75,0.925,0.));
#2906 = DIRECTION('',(1.,0.,0.));
#2907 = DIRECTION('',(0.,-1.,0.));
#2908 = ADVANCED_FACE('',(#2909),#2929,.T.);
#2909 = FACE_BOUND('',#2910,.T.);
#2910 = EDGE_LOOP('',(#2911,#2920,#2921,#2922));
#2911 = ORIENTED_EDGE('',*,*,#2912,.F.);
#2912 = EDGE_CURVE('',#2888,#2913,#2915,.T.);
#2913 = VERTEX_POINT('',#2914);
#2914 = CARTESIAN_POINT('',(-1.,5.E-02,0.));
#2915 = CIRCLE('',#2916,5.E-02);
#2916 = AXIS2_PLACEMENT_3D('',#2917,#2918,#2919);
#2917 = CARTESIAN_POINT('',(-1.05,5.E-02,0.));
#2918 = DIRECTION('',(-0.,0.,1.));
#2919 = DIRECTION('',(0.,-1.,0.));
#2920 = ORIENTED_EDGE('',*,*,#2887,.F.);
#2921 = ORIENTED_EDGE('',*,*,#2912,.T.);
#2922 = ORIENTED_EDGE('',*,*,#2923,.T.);
#2923 = EDGE_CURVE('',#2913,#2913,#2924,.T.);
#2924 = CIRCLE('',#2925,0.875);
#2925 = AXIS2_PLACEMENT_3D('',#2926,#2927,#2928);
#2926 = CARTESIAN_POINT('',(-1.,0.925,0.));
#2927 = DIRECTION('',(-1.,0.,0.));
#2928 = DIRECTION('',(0.,-1.,0.));
#2929 = TOROIDAL_SURFACE('',#2930,0.875,5.E-02);
#2930 = AXIS2_PLACEMENT_3D('',#2931,#2932,#2933);
#2931 = CARTESIAN_POINT('',(-1.05,0.925,0.));
#2932 = DIRECTION('',(1.,0.,0.));
#2933 = DIRECTION('',(0.,-1.,0.));
#2934 = ADVANCED_FACE('',(#2935),#2938,.F.);
#2935 = FACE_BOUND('',#2936,.F.);
#2936 = EDGE_LOOP('',(#2937));
#2937 = ORIENTED_EDGE('',*,*,#2923,.T.);
#2938 = PLANE('',#2939);
#2939 = AXIS2_PLACEMENT_3D('',#2940,#2941,#2942);
#2940 = CARTESIAN_POINT('',(-1.,0.925,0.));
#2941 = DIRECTION('',(-1.,-0.,-0.));
#2942 = DIRECTION('',(0.,-1.,0.));
#2943 = ( GEOMETRIC_REPRESENTATION_CONTEXT(3) 
GLOBAL_UNCERTAINTY_ASSIGNED_CONTEXT((#2947)) 
GLOBAL_UNIT_ASSIGNED_CONTEXT((#2944,#2945,#2946)) REPRESENTATION_CONTEXT
('Context #1','3D Context with UNIT and UNCERTAINTY') );
#2944 = ( LENGTH_UNIT() NAMED_UNIT(*) SI_UNIT(.MILLI.,.METRE.) );
#2945 = ( NAMED_UNIT(*) PLANE_ANGLE_UNIT() SI_UNIT($,.RADIAN.) );
#2946 = ( NAMED_UNIT(*) SI_UNIT($,.STERADIAN.) SOLID_ANGLE_UNIT() );
#2947 = UNCERTAINTY_MEASURE_WITH_UNIT(LENGTH_MEASURE(1.E-07),#2944,
  'distance_accuracy_value','confusion accuracy');
#2948 = SHAPE_DEFINITION_REPRESENTATION(#2949,#2837);
#2949 = PRODUCT_DEFINITION_SHAPE('','',#2950);
#2950 = PRODUCT_DEFINITION('design','',#2951,#2954);
#2951 = PRODUCT_DEFINITION_FORMATION('','',#2952);
#2952 = PRODUCT('Body','Body','',(#2953));
#2953 = PRODUCT_CONTEXT('',#2,'mechanical');
#2954 = PRODUCT_DEFINITION_CONTEXT('part definition',#2,'design');
#2955 = CONTEXT_DEPENDENT_SHAPE_REPRESENTATION(#2956,#2958);
#2956 = ( REPRESENTATION_RELATIONSHIP('','',#2837,#2493) 
REPRESENTATION_RELATIONSHIP_WITH_TRANSFORMATION(#2957) 
SHAPE_REPRESENTATION_RELATIONSHIP() );
#2957 = ITEM_DEFINED_TRANSFORMATION('','',#11,#2506);
#2958 = PRODUCT_DEFINITION_SHAPE('Placement','Placement of an item',
  #2959);
#2959 = NEXT_ASSEMBLY_USAGE_OCCURRENCE('6','Body','',#2488,#2950,$);
#2960 = PRODUCT_RELATED_PRODUCT_CATEGORY('part',$,(#2952));
#2961 = ADVANCED_BREP_SHAPE_REPRESENTATION('',(#11,#2962),#3067);
#2962 = MANIFOLD_SOLID_BREP('',#2963);
#2963 = CLOSED_SHELL('',(#2964,#2981,#3007,#3032,#3058));
#2964 = ADVANCED_FACE('',(#2965),#2976,.T.);
#2965 = FACE_BOUND('',#2966,.T.);
#2966 = EDGE_LOOP('',(#2967));
#2967 = ORIENTED_EDGE('',*,*,#2968,.F.);
#2968 = EDGE_CURVE('',#2969,#2969,#2971,.T.);
#2969 = VERTEX_POINT('',#2970);
#2970 = CARTESIAN_POINT('',(1.75,5.E-02,0.));
#2971 = CIRCLE('',#2972,0.875);
#2972 = AXIS2_PLACEMENT_3D('',#2973,#2974,#2975);
#2973 = CARTESIAN_POINT('',(1.75,0.925,0.));
#2974 = DIRECTION('',(-1.,0.,0.));
#2975 = DIRECTION('',(-0.,-1.,-0.));
#2976 = PLANE('',#2977);
#2977 = AXIS2_PLACEMENT_3D('',#2978,#2979,#2980);
#2978 = CARTESIAN_POINT('',(1.75,0.925,0.));
#2979 = DIRECTION('',(1.,0.,0.));
#2980 = DIRECTION('',(-0.,1.,0.));
#2981 = ADVANCED_FACE('',(#2982),#3002,.T.);
#2982 = FACE_BOUND('',#2983,.T.);
#2983 = EDGE_LOOP('',(#2984,#2993,#2994,#2995));
#2984 = ORIENTED_EDGE('',*,*,#2985,.F.);
#2985 = EDGE_CURVE('',#2969,#2986,#2988,.T.);
#2986 = VERTEX_POINT('',#2987);
#2987 = CARTESIAN_POINT('',(1.7,0.,0.));
#2988 = CIRCLE('',#2989,5.E-02);
#2989 = AXIS2_PLACEMENT_3D('',#2990,#2991,#2992);
#2990 = CARTESIAN_POINT('',(1.7,5.E-02,0.));
#2991 = DIRECTION('',(0.,0.,-1.));
#2992 = DIRECTION('',(0.,-1.,0.));
#2993 = ORIENTED_EDGE('',*,*,#2968,.T.);
#2994 = ORIENTED_EDGE('',*,*,#2985,.T.);
#2995 = ORIENTED_EDGE('',*,*,#2996,.F.);
#2996 = EDGE_CURVE('',#2986,#2986,#2997,.T.);
#2997 = CIRCLE('',#2998,0.925);
#2998 = AXIS2_PLACEMENT_3D('',#2999,#3000,#3001);
#2999 = CARTESIAN_POINT('',(1.7,0.925,0.));
#3000 = DIRECTION('',(-1.,0.,0.));
#3001 = DIRECTION('',(-0.,-1.,-0.));
#3002 = TOROIDAL_SURFACE('',#3003,0.875,5.E-02);
#3003 = AXIS2_PLACEMENT_3D('',#3004,#3005,#3006);
#3004 = CARTESIAN_POINT('',(1.7,0.925,0.));
#3005 = DIRECTION('',(-1.,-0.,-0.));
#3006 = DIRECTION('',(0.,-1.,0.));
#3007 = ADVANCED_FACE('',(#3008),#3027,.T.);
#3008 = FACE_BOUND('',#3009,.T.);
#3009 = EDGE_LOOP('',(#3010,#3018,#3019,#3020));
#3010 = ORIENTED_EDGE('',*,*,#3011,.F.);
#3011 = EDGE_CURVE('',#2986,#3012,#3014,.T.);
#3012 = VERTEX_POINT('',#3013);
#3013 = CARTESIAN_POINT('',(1.05,0.,0.));
#3014 = LINE('',#3015,#3016);
#3015 = CARTESIAN_POINT('',(1.75,0.,0.));
#3016 = VECTOR('',#3017,1.);
#3017 = DIRECTION('',(-1.,-0.,-0.));
#3018 = ORIENTED_EDGE('',*,*,#2996,.T.);
#3019 = ORIENTED_EDGE('',*,*,#3011,.T.);
#3020 = ORIENTED_EDGE('',*,*,#3021,.F.);
#3021 = EDGE_CURVE('',#3012,#3012,#3022,.T.);
#3022 = CIRCLE('',#3023,0.925);
#3023 = AXIS2_PLACEMENT_3D('',#3024,#3025,#3026);
#3024 = CARTESIAN_POINT('',(1.05,0.925,0.));
#3025 = DIRECTION('',(-1.,0.,0.));
#3026 = DIRECTION('',(-0.,-1.,-0.));
#3027 = CYLINDRICAL_SURFACE('',#3028,0.925);
#3028 = AXIS2_PLACEMENT_3D('',#3029,#3030,#3031);
#3029 = CARTESIAN_POINT('',(1.75,0.925,0.));
#3030 = DIRECTION('',(-1.,-0.,-0.));
#3031 = DIRECTION('',(0.,-1.,0.));
#3032 = ADVANCED_FACE('',(#3033),#3053,.T.);
#3033 = FACE_BOUND('',#3034,.T.);
#3034 = EDGE_LOOP('',(#3035,#3044,#3045,#3046));
#3035 = ORIENTED_EDGE('',*,*,#3036,.F.);
#3036 = EDGE_CURVE('',#3012,#3037,#3039,.T.);
#3037 = VERTEX_POINT('',#3038);
#3038 = CARTESIAN_POINT('',(1.,5.E-02,0.));
#3039 = CIRCLE('',#3040,5.E-02);
#3040 = AXIS2_PLACEMENT_3D('',#3041,#3042,#3043);
#3041 = CARTESIAN_POINT('',(1.05,5.E-02,0.));
#3042 = DIRECTION('',(0.,0.,-1.));
#3043 = DIRECTION('',(0.,-1.,0.));
#3044 = ORIENTED_EDGE('',*,*,#3021,.T.);
#3045 = ORIENTED_EDGE('',*,*,#3036,.T.);
#3046 = ORIENTED_EDGE('',*,*,#3047,.F.);
#3047 = EDGE_CURVE('',#3037,#3037,#3048,.T.);
#3048 = CIRCLE('',#3049,0.875);
#3049 = AXIS2_PLACEMENT_3D('',#3050,#3051,#3052);
#3050 = CARTESIAN_POINT('',(1.,0.925,0.));
#3051 = DIRECTION('',(-1.,0.,0.));
#3052 = DIRECTION('',(-0.,-1.,-0.));
#3053 = TOROIDAL_SURFACE('',#3054,0.875,5.E-02);
#3054 = AXIS2_PLACEMENT_3D('',#3055,#3056,#3057);
#3055 = CARTESIAN_POINT('',(1.05,0.925,0.));
#3056 = DIRECTION('',(-1.,-0.,-0.));
#3057 = DIRECTION('',(0.,-1.,0.));
#3058 = ADVANCED_FACE('',(#3059),#3062,.F.);
#3059 = FACE_BOUND('',#3060,.T.);
#3060 = EDGE_LOOP('',(#3061));
#3061 = ORIENTED_EDGE('',*,*,#3047,.T.);
#3062 = PLANE('',#3063);
#3063 = AXIS2_PLACEMENT_3D('',#3064,#3065,#3066);
#3064 = CARTESIAN_POINT('',(1.,0.925,0.));
#3065 = DIRECTION('',(1.,0.,0.));
#3066 = DIRECTION('',(-0.,1.,0.));
#3067 = ( GEOMETRIC_REPRESENTATION_CONTEXT(3) 
GLOBAL_UNCERTAINTY_ASSIGNED_CONTEXT((#3071)) 
GLOBAL_UNIT_ASSIGNED_CONTEXT((#3068,#3069,#3070)) REPRESENTATION_CONTEXT
('Context #1','3D Context with UNIT and UNCERTAINTY') );
#3068 = ( LENGTH_UNIT() NAMED_UNIT(*) SI_UNIT(.MILLI.,.METRE.) );
#3069 = ( NAMED_UNIT(*) PLANE_ANGLE_UNIT() SI_UNIT($,.RADIAN.) );
#3070 = ( NAMED_UNIT(*) SI_UNIT($,.STERADIAN.) SOLID_ANGLE_UNIT() );
#3071 = UNCERTAINTY_MEASURE_WITH_UNIT(LENGTH_MEASURE(1.E-07),#3068,
  'distance_accuracy_value','confusion accuracy');
#3072 = SHAPE_DEFINITION_REPRESENTATION(#3073,#2961);
#3073 = PRODUCT_DEFINITION_SHAPE('','',#3074);
#3074 = PRODUCT_DEFINITION('design','',#3075,#3078);
#3075 = PRODUCT_DEFINITION_FORMATION('','',#3076);
#3076 = PRODUCT('Body (Mirror #1)','Body (Mirror #1)','',(#3077));
#3077 = PRODUCT_CONTEXT('',#2,'mechanical');
#3078 = PRODUCT_DEFINITION_CONTEXT('part definition',#2,'design');
#3079 = CONTEXT_DEPENDENT_SHAPE_REPRESENTATION(#3080,#3082);
#3080 = ( REPRESENTATION_RELATIONSHIP('','',#2961,#2493) 
REPRESENTATION_RELATIONSHIP_WITH_TRANSFORMATION(#3081) 
SHAPE_REPRESENTATION_RELATIONSHIP() );
#3081 = ITEM_DEFINED_TRANSFORMATION('','',#11,#2510);
#3082 = PRODUCT_DEFINITION_SHAPE('Placement','Placement of an item',
  #3083);
#3083 = NEXT_ASSEMBLY_USAGE_OCCURRENCE('7','Body (Mirror #1)','',#2488,
  #3074,$);
#3084 = PRODUCT_RELATED_PRODUCT_CATEGORY('part',$,(#3076));
#3085 = CONTEXT_DEPENDENT_SHAPE_REPRESENTATION(#3086,#3088);
#3086 = ( REPRESENTATION_RELATIONSHIP('','',#2493,#2476) 
REPRESENTATION_RELATIONSHIP_WITH_TRANSFORMATION(#3087) 
SHAPE_REPRESENTATION_RELATIONSHIP() );
#3087 = ITEM_DEFINED_TRANSFORMATION('','',#11,#2477);
#3088 = PRODUCT_DEFINITION_SHAPE('Placement','Placement of an item',
  #3089);
#3089 = NEXT_ASSEMBLY_USAGE_OCCURRENCE('8','','',#2471,#2488,$);
#3090 = PRODUCT_RELATED_PRODUCT_CATEGORY('part',$,(#2490));
#3091 = CONTEXT_DEPENDENT_SHAPE_REPRESENTATION(#3092,#3094);
#3092 = ( REPRESENTATION_RELATIONSHIP('','',#2476,#10) 
REPRESENTATION_RELATIONSHIP_WITH_TRANSFORMATION(#3093) 
SHAPE_REPRESENTATION_RELATIONSHIP() );
#3093 = ITEM_DEFINED_TRANSFORMATION('','',#11,#19);
#3094 = PRODUCT_DEFINITION_SHAPE('Placement','Placement of an item',
  #3095);
#3095 = NEXT_ASSEMBLY_USAGE_OCCURRENCE('9','','',#5,#2471,$);
#3096 = PRODUCT_RELATED_PRODUCT_CATEGORY('part',$,(#2473));
#3097 = SHAPE_DEFINITION_REPRESENTATION(#3098,#3104);
#3098 = PRODUCT_DEFINITION_SHAPE('','',#3099);
#3099 = PRODUCT_DEFINITION('design','',#3100,#3103);
#3100 = PRODUCT_DEFINITION_FORMATION('','',#3101);
#3101 = PRODUCT('Q4','Q4','',(#3102));
#3102 = PRODUCT_CONTEXT('',#2,'mechanical');
#3103 = PRODUCT_DEFINITION_CONTEXT('part definition',#2,'design');
#3104 = SHAPE_REPRESENTATION('',(#11,#3105),#3109);
#3105 = AXIS2_PLACEMENT_3D('',#3106,#3107,#3108);
#3106 = CARTESIAN_POINT('',(7.278663733784,22.17791487165,9.652000427246
    ));
#3107 = DIRECTION('',(-8.742277657348E-08,1.,-4.371138828674E-08));
#3108 = DIRECTION('',(-1.,-8.742277657348E-08,0.));
#3109 = ( GEOMETRIC_REPRESENTATION_CONTEXT(3) 
GLOBAL_UNCERTAINTY_ASSIGNED_CONTEXT((#3113)) 
GLOBAL_UNIT_ASSIGNED_CONTEXT((#3110,#3111,#3112)) REPRESENTATION_CONTEXT
('Context #1','3D Context with UNIT and UNCERTAINTY') );
#3110 = ( LENGTH_UNIT() NAMED_UNIT(*) SI_UNIT(.MILLI.,.METRE.) );
#3111 = ( NAMED_UNIT(*) PLANE_ANGLE_UNIT() SI_UNIT($,.RADIAN.) );
#3112 = ( NAMED_UNIT(*) SI_UNIT($,.STERADIAN.) SOLID_ANGLE_UNIT() );
#3113 = UNCERTAINTY_MEASURE_WITH_UNIT(LENGTH_MEASURE(1.E-07),#3110,
  'distance_accuracy_value','confusion accuracy');
#3114 = SHAPE_DEFINITION_REPRESENTATION(#3115,#3121);
#3115 = PRODUCT_DEFINITION_SHAPE('','',#3116);
#3116 = PRODUCT_DEFINITION('design','',#3117,#3120);
#3117 = PRODUCT_DEFINITION_FORMATION('','',#3118);
#3118 = PRODUCT('to220','to220','',(#3119));
#3119 = PRODUCT_CONTEXT('',#2,'mechanical');
#3120 = PRODUCT_DEFINITION_CONTEXT('part definition',#2,'design');
#3121 = SHAPE_REPRESENTATION('',(#11,#3122,#3126,#3130,#3134,#3138),
  #3142);
#3122 = AXIS2_PLACEMENT_3D('',#3123,#3124,#3125);
#3123 = CARTESIAN_POINT('',(-3.359354875617,-4.727055674681,
    -0.49878202513));
#3124 = DIRECTION('',(-0.,6.975647374413E-02,0.99756405026));
#3125 = DIRECTION('',(1.,0.,0.));
#3126 = AXIS2_PLACEMENT_3D('',#3127,#3128,#3129);
#3127 = CARTESIAN_POINT('',(-5.134354875617,-4.692177437809,0.));
#3128 = DIRECTION('',(0.,0.,1.));
#3129 = DIRECTION('',(1.,0.,0.));
#3130 = AXIS2_PLACEMENT_3D('',#3131,#3132,#3133);
#3131 = CARTESIAN_POINT('',(1.720645124383,-4.727055674681,
    -0.49878202513));
#3132 = DIRECTION('',(-0.,6.975647374413E-02,0.99756405026));
#3133 = DIRECTION('',(1.,0.,0.));
#3134 = AXIS2_PLACEMENT_3D('',#3135,#3136,#3137);
#3135 = CARTESIAN_POINT('',(-5.134354875617,4.507822562191,-2.25));
#3136 = DIRECTION('',(0.,0.,1.));
#3137 = DIRECTION('',(1.,0.,0.));
#3138 = AXIS2_PLACEMENT_3D('',#3139,#3140,#3141);
#3139 = CARTESIAN_POINT('',(-0.819354875617,-4.727055674681,
    -0.49878202513));
#3140 = DIRECTION('',(-0.,6.975647374413E-02,0.99756405026));
#3141 = DIRECTION('',(1.,0.,0.));
#3142 = ( GEOMETRIC_REPRESENTATION_CONTEXT(3) 
GLOBAL_UNCERTAINTY_ASSIGNED_CONTEXT((#3146)) 
GLOBAL_UNIT_ASSIGNED_CONTEXT((#3143,#3144,#3145)) REPRESENTATION_CONTEXT
('Context #1','3D Context with UNIT and UNCERTAINTY') );
#3143 = ( LENGTH_UNIT() NAMED_UNIT(*) SI_UNIT(.MILLI.,.METRE.) );
#3144 = ( NAMED_UNIT(*) PLANE_ANGLE_UNIT() SI_UNIT($,.RADIAN.) );
#3145 = ( NAMED_UNIT(*) SI_UNIT($,.STERADIAN.) SOLID_ANGLE_UNIT() );
#3146 = UNCERTAINTY_MEASURE_WITH_UNIT(LENGTH_MEASURE(1.E-07),#3143,
  'distance_accuracy_value','confusion accuracy');
#3147 = ADVANCED_BREP_SHAPE_REPRESENTATION('',(#11,#3148),#3430);
#3148 = MANIFOLD_SOLID_BREP('',#3149);
#3149 = CLOSED_SHELL('',(#3150,#3190,#3221,#3252,#3283,#3314,#3345,#3376
    ,#3398,#3414));
#3150 = ADVANCED_FACE('',(#3151),#3185,.F.);
#3151 = FACE_BOUND('',#3152,.T.);
#3152 = EDGE_LOOP('',(#3153,#3163,#3171,#3179));
#3153 = ORIENTED_EDGE('',*,*,#3154,.T.);
#3154 = EDGE_CURVE('',#3155,#3157,#3159,.T.);
#3155 = VERTEX_POINT('',#3156);
#3156 = CARTESIAN_POINT('',(0.,0.,0.));
#3157 = VERTEX_POINT('',#3158);
#3158 = CARTESIAN_POINT('',(4.024077464425E-17,-2.765,0.));
#3159 = LINE('',#3160,#3161);
#3160 = CARTESIAN_POINT('',(0.,0.,0.));
#3161 = VECTOR('',#3162,1.);
#3162 = DIRECTION('',(1.455362554946E-17,-1.,0.));
#3163 = ORIENTED_EDGE('',*,*,#3164,.F.);
#3164 = EDGE_CURVE('',#3165,#3157,#3167,.T.);
#3165 = VERTEX_POINT('',#3166);
#3166 = CARTESIAN_POINT('',(4.024077464425E-17,-2.765,0.5));
#3167 = LINE('',#3168,#3169);
#3168 = CARTESIAN_POINT('',(4.024077464425E-17,-2.765,0.5));
#3169 = VECTOR('',#3170,1.);
#3170 = DIRECTION('',(-0.,-0.,-1.));
#3171 = ORIENTED_EDGE('',*,*,#3172,.F.);
#3172 = EDGE_CURVE('',#3173,#3165,#3175,.T.);
#3173 = VERTEX_POINT('',#3174);
#3174 = CARTESIAN_POINT('',(0.,0.,0.5));
#3175 = LINE('',#3176,#3177);
#3176 = CARTESIAN_POINT('',(0.,0.,0.5));
#3177 = VECTOR('',#3178,1.);
#3178 = DIRECTION('',(1.455362554946E-17,-1.,0.));
#3179 = ORIENTED_EDGE('',*,*,#3180,.T.);
#3180 = EDGE_CURVE('',#3173,#3155,#3181,.T.);
#3181 = LINE('',#3182,#3183);
#3182 = CARTESIAN_POINT('',(0.,0.,0.5));
#3183 = VECTOR('',#3184,1.);
#3184 = DIRECTION('',(-0.,-0.,-1.));
#3185 = PLANE('',#3186);
#3186 = AXIS2_PLACEMENT_3D('',#3187,#3188,#3189);
#3187 = CARTESIAN_POINT('',(0.,0.,0.5));
#3188 = DIRECTION('',(1.,1.455362554946E-17,-0.));
#3189 = DIRECTION('',(-1.455362554946E-17,1.,0.));
#3190 = ADVANCED_FACE('',(#3191),#3216,.F.);
#3191 = FACE_BOUND('',#3192,.T.);
#3192 = EDGE_LOOP('',(#3193,#3201,#3209,#3215));
#3193 = ORIENTED_EDGE('',*,*,#3194,.T.);
#3194 = EDGE_CURVE('',#3157,#3195,#3197,.T.);
#3195 = VERTEX_POINT('',#3196);
#3196 = CARTESIAN_POINT('',(0.235,-3.,0.));
#3197 = LINE('',#3198,#3199);
#3198 = CARTESIAN_POINT('',(0.235,-3.,0.));
#3199 = VECTOR('',#3200,1.);
#3200 = DIRECTION('',(0.707106781187,-0.707106781187,-0.));
#3201 = ORIENTED_EDGE('',*,*,#3202,.F.);
#3202 = EDGE_CURVE('',#3203,#3195,#3205,.T.);
#3203 = VERTEX_POINT('',#3204);
#3204 = CARTESIAN_POINT('',(0.235,-3.,0.5));
#3205 = LINE('',#3206,#3207);
#3206 = CARTESIAN_POINT('',(0.235,-3.,0.5));
#3207 = VECTOR('',#3208,1.);
#3208 = DIRECTION('',(-0.,-0.,-1.));
#3209 = ORIENTED_EDGE('',*,*,#3210,.F.);
#3210 = EDGE_CURVE('',#3165,#3203,#3211,.T.);
#3211 = LINE('',#3212,#3213);
#3212 = CARTESIAN_POINT('',(0.235,-3.,0.5));
#3213 = VECTOR('',#3214,1.);
#3214 = DIRECTION('',(0.707106781187,-0.707106781187,-0.));
#3215 = ORIENTED_EDGE('',*,*,#3164,.T.);
#3216 = PLANE('',#3217);
#3217 = AXIS2_PLACEMENT_3D('',#3218,#3219,#3220);
#3218 = CARTESIAN_POINT('',(0.235,-3.,0.5));
#3219 = DIRECTION('',(0.707106781187,0.707106781187,-0.));
#3220 = DIRECTION('',(-0.707106781187,0.707106781187,0.));
#3221 = ADVANCED_FACE('',(#3222),#3247,.F.);
#3222 = FACE_BOUND('',#3223,.T.);
#3223 = EDGE_LOOP('',(#3224,#3232,#3240,#3246));
#3224 = ORIENTED_EDGE('',*,*,#3225,.T.);
#3225 = EDGE_CURVE('',#3195,#3226,#3228,.T.);
#3226 = VERTEX_POINT('',#3227);
#3227 = CARTESIAN_POINT('',(0.235,-6.,0.));
#3228 = LINE('',#3229,#3230);
#3229 = CARTESIAN_POINT('',(0.235,-3.,0.));
#3230 = VECTOR('',#3231,1.);
#3231 = DIRECTION('',(-1.626303258728E-16,-1.,0.));
#3232 = ORIENTED_EDGE('',*,*,#3233,.F.);
#3233 = EDGE_CURVE('',#3234,#3226,#3236,.T.);
#3234 = VERTEX_POINT('',#3235);
#3235 = CARTESIAN_POINT('',(0.235,-6.,0.5));
#3236 = LINE('',#3237,#3238);
#3237 = CARTESIAN_POINT('',(0.235,-6.,0.5));
#3238 = VECTOR('',#3239,1.);
#3239 = DIRECTION('',(-0.,-0.,-1.));
#3240 = ORIENTED_EDGE('',*,*,#3241,.F.);
#3241 = EDGE_CURVE('',#3203,#3234,#3242,.T.);
#3242 = LINE('',#3243,#3244);
#3243 = CARTESIAN_POINT('',(0.235,-3.,0.5));
#3244 = VECTOR('',#3245,1.);
#3245 = DIRECTION('',(-1.626303258728E-16,-1.,0.));
#3246 = ORIENTED_EDGE('',*,*,#3202,.T.);
#3247 = PLANE('',#3248);
#3248 = AXIS2_PLACEMENT_3D('',#3249,#3250,#3251);
#3249 = CARTESIAN_POINT('',(0.235,-3.,0.5));
#3250 = DIRECTION('',(1.,-1.626303258728E-16,0.));
#3251 = DIRECTION('',(1.626303258728E-16,1.,0.));
#3252 = ADVANCED_FACE('',(#3253),#3278,.F.);
#3253 = FACE_BOUND('',#3254,.T.);
#3254 = EDGE_LOOP('',(#3255,#3263,#3271,#3277));
#3255 = ORIENTED_EDGE('',*,*,#3256,.T.);
#3256 = EDGE_CURVE('',#3226,#3257,#3259,.T.);
#3257 = VERTEX_POINT('',#3258);
#3258 = CARTESIAN_POINT('',(1.035,-6.,0.));
#3259 = LINE('',#3260,#3261);
#3260 = CARTESIAN_POINT('',(0.235,-6.,0.));
#3261 = VECTOR('',#3262,1.);
#3262 = DIRECTION('',(1.,0.,0.));
#3263 = ORIENTED_EDGE('',*,*,#3264,.F.);
#3264 = EDGE_CURVE('',#3265,#3257,#3267,.T.);
#3265 = VERTEX_POINT('',#3266);
#3266 = CARTESIAN_POINT('',(1.035,-6.,0.5));
#3267 = LINE('',#3268,#3269);
#3268 = CARTESIAN_POINT('',(1.035,-6.,0.5));
#3269 = VECTOR('',#3270,1.);
#3270 = DIRECTION('',(-0.,-0.,-1.));
#3271 = ORIENTED_EDGE('',*,*,#3272,.F.);
#3272 = EDGE_CURVE('',#3234,#3265,#3273,.T.);
#3273 = LINE('',#3274,#3275);
#3274 = CARTESIAN_POINT('',(0.235,-6.,0.5));
#3275 = VECTOR('',#3276,1.);
#3276 = DIRECTION('',(1.,0.,0.));
#3277 = ORIENTED_EDGE('',*,*,#3233,.T.);
#3278 = PLANE('',#3279);
#3279 = AXIS2_PLACEMENT_3D('',#3280,#3281,#3282);
#3280 = CARTESIAN_POINT('',(0.235,-6.,0.5));
#3281 = DIRECTION('',(0.,1.,0.));
#3282 = DIRECTION('',(0.,-0.,1.));
#3283 = ADVANCED_FACE('',(#3284),#3309,.F.);
#3284 = FACE_BOUND('',#3285,.T.);
#3285 = EDGE_LOOP('',(#3286,#3294,#3302,#3308));
#3286 = ORIENTED_EDGE('',*,*,#3287,.T.);
#3287 = EDGE_CURVE('',#3257,#3288,#3290,.T.);
#3288 = VERTEX_POINT('',#3289);
#3289 = CARTESIAN_POINT('',(1.035,-3.,0.));
#3290 = LINE('',#3291,#3292);
#3291 = CARTESIAN_POINT('',(1.035,-3.,0.));
#3292 = VECTOR('',#3293,1.);
#3293 = DIRECTION('',(-0.,1.,-0.));
#3294 = ORIENTED_EDGE('',*,*,#3295,.F.);
#3295 = EDGE_CURVE('',#3296,#3288,#3298,.T.);
#3296 = VERTEX_POINT('',#3297);
#3297 = CARTESIAN_POINT('',(1.035,-3.,0.5));
#3298 = LINE('',#3299,#3300);
#3299 = CARTESIAN_POINT('',(1.035,-3.,0.5));
#3300 = VECTOR('',#3301,1.);
#3301 = DIRECTION('',(-0.,-0.,-1.));
#3302 = ORIENTED_EDGE('',*,*,#3303,.F.);
#3303 = EDGE_CURVE('',#3265,#3296,#3304,.T.);
#3304 = LINE('',#3305,#3306);
#3305 = CARTESIAN_POINT('',(1.035,-3.,0.5));
#3306 = VECTOR('',#3307,1.);
#3307 = DIRECTION('',(-0.,1.,-0.));
#3308 = ORIENTED_EDGE('',*,*,#3264,.T.);
#3309 = PLANE('',#3310);
#3310 = AXIS2_PLACEMENT_3D('',#3311,#3312,#3313);
#3311 = CARTESIAN_POINT('',(1.035,-3.,0.5));
#3312 = DIRECTION('',(-1.,0.,0.));
#3313 = DIRECTION('',(0.,0.,1.));
#3314 = ADVANCED_FACE('',(#3315),#3340,.F.);
#3315 = FACE_BOUND('',#3316,.T.);
#3316 = EDGE_LOOP('',(#3317,#3325,#3333,#3339));
#3317 = ORIENTED_EDGE('',*,*,#3318,.T.);
#3318 = EDGE_CURVE('',#3288,#3319,#3321,.T.);
#3319 = VERTEX_POINT('',#3320);
#3320 = CARTESIAN_POINT('',(1.27,-2.765,0.));
#3321 = LINE('',#3322,#3323);
#3322 = CARTESIAN_POINT('',(1.035,-3.,0.));
#3323 = VECTOR('',#3324,1.);
#3324 = DIRECTION('',(0.707106781187,0.707106781187,0.));
#3325 = ORIENTED_EDGE('',*,*,#3326,.F.);
#3326 = EDGE_CURVE('',#3327,#3319,#3329,.T.);
#3327 = VERTEX_POINT('',#3328);
#3328 = CARTESIAN_POINT('',(1.27,-2.765,0.5));
#3329 = LINE('',#3330,#3331);
#3330 = CARTESIAN_POINT('',(1.27,-2.765,0.5));
#3331 = VECTOR('',#3332,1.);
#3332 = DIRECTION('',(-0.,-0.,-1.));
#3333 = ORIENTED_EDGE('',*,*,#3334,.F.);
#3334 = EDGE_CURVE('',#3296,#3327,#3335,.T.);
#3335 = LINE('',#3336,#3337);
#3336 = CARTESIAN_POINT('',(1.035,-3.,0.5));
#3337 = VECTOR('',#3338,1.);
#3338 = DIRECTION('',(0.707106781187,0.707106781187,0.));
#3339 = ORIENTED_EDGE('',*,*,#3295,.T.);
#3340 = PLANE('',#3341);
#3341 = AXIS2_PLACEMENT_3D('',#3342,#3343,#3344);
#3342 = CARTESIAN_POINT('',(1.035,-3.,0.5));
#3343 = DIRECTION('',(-0.707106781187,0.707106781187,0.));
#3344 = DIRECTION('',(-0.707106781187,-0.707106781187,0.));
#3345 = ADVANCED_FACE('',(#3346),#3371,.F.);
#3346 = FACE_BOUND('',#3347,.T.);
#3347 = EDGE_LOOP('',(#3348,#3356,#3364,#3370));
#3348 = ORIENTED_EDGE('',*,*,#3349,.T.);
#3349 = EDGE_CURVE('',#3319,#3350,#3352,.T.);
#3350 = VERTEX_POINT('',#3351);
#3351 = CARTESIAN_POINT('',(1.27,0.,0.));
#3352 = LINE('',#3353,#3354);
#3353 = CARTESIAN_POINT('',(1.27,0.,0.));
#3354 = VECTOR('',#3355,1.);
#3355 = DIRECTION('',(-1.568466072312E-16,1.,-0.));
#3356 = ORIENTED_EDGE('',*,*,#3357,.F.);
#3357 = EDGE_CURVE('',#3358,#3350,#3360,.T.);
#3358 = VERTEX_POINT('',#3359);
#3359 = CARTESIAN_POINT('',(1.27,0.,0.5));
#3360 = LINE('',#3361,#3362);
#3361 = CARTESIAN_POINT('',(1.27,0.,0.5));
#3362 = VECTOR('',#3363,1.);
#3363 = DIRECTION('',(-0.,-0.,-1.));
#3364 = ORIENTED_EDGE('',*,*,#3365,.F.);
#3365 = EDGE_CURVE('',#3327,#3358,#3366,.T.);
#3366 = LINE('',#3367,#3368);
#3367 = CARTESIAN_POINT('',(1.27,0.,0.5));
#3368 = VECTOR('',#3369,1.);
#3369 = DIRECTION('',(-1.568466072312E-16,1.,-0.));
#3370 = ORIENTED_EDGE('',*,*,#3326,.T.);
#3371 = PLANE('',#3372);
#3372 = AXIS2_PLACEMENT_3D('',#3373,#3374,#3375);
#3373 = CARTESIAN_POINT('',(1.27,0.,0.5));
#3374 = DIRECTION('',(-1.,-1.568466072312E-16,0.));
#3375 = DIRECTION('',(1.568466072312E-16,-1.,0.));
#3376 = ADVANCED_FACE('',(#3377),#3393,.F.);
#3377 = FACE_BOUND('',#3378,.T.);
#3378 = EDGE_LOOP('',(#3379,#3385,#3386,#3392));
#3379 = ORIENTED_EDGE('',*,*,#3380,.T.);
#3380 = EDGE_CURVE('',#3350,#3155,#3381,.T.);
#3381 = LINE('',#3382,#3383);
#3382 = CARTESIAN_POINT('',(0.,0.,0.));
#3383 = VECTOR('',#3384,1.);
#3384 = DIRECTION('',(-1.,-0.,-0.));
#3385 = ORIENTED_EDGE('',*,*,#3180,.F.);
#3386 = ORIENTED_EDGE('',*,*,#3387,.F.);
#3387 = EDGE_CURVE('',#3358,#3173,#3388,.T.);
#3388 = LINE('',#3389,#3390);
#3389 = CARTESIAN_POINT('',(0.,0.,0.5));
#3390 = VECTOR('',#3391,1.);
#3391 = DIRECTION('',(-1.,-0.,-0.));
#3392 = ORIENTED_EDGE('',*,*,#3357,.T.);
#3393 = PLANE('',#3394);
#3394 = AXIS2_PLACEMENT_3D('',#3395,#3396,#3397);
#3395 = CARTESIAN_POINT('',(0.,0.,0.5));
#3396 = DIRECTION('',(0.,-1.,0.));
#3397 = DIRECTION('',(0.,-0.,-1.));
#3398 = ADVANCED_FACE('',(#3399),#3409,.T.);
#3399 = FACE_BOUND('',#3400,.T.);
#3400 = EDGE_LOOP('',(#3401,#3402,#3403,#3404,#3405,#3406,#3407,#3408));
#3401 = ORIENTED_EDGE('',*,*,#3172,.T.);
#3402 = ORIENTED_EDGE('',*,*,#3210,.T.);
#3403 = ORIENTED_EDGE('',*,*,#3241,.T.);
#3404 = ORIENTED_EDGE('',*,*,#3272,.T.);
#3405 = ORIENTED_EDGE('',*,*,#3303,.T.);
#3406 = ORIENTED_EDGE('',*,*,#3334,.T.);
#3407 = ORIENTED_EDGE('',*,*,#3365,.T.);
#3408 = ORIENTED_EDGE('',*,*,#3387,.T.);
#3409 = PLANE('',#3410);
#3410 = AXIS2_PLACEMENT_3D('',#3411,#3412,#3413);
#3411 = CARTESIAN_POINT('',(8.131516293641E-17,-6.,0.5));
#3412 = DIRECTION('',(-0.,0.,1.));
#3413 = DIRECTION('',(1.,0.,0.));
#3414 = ADVANCED_FACE('',(#3415),#3425,.F.);
#3415 = FACE_BOUND('',#3416,.T.);
#3416 = EDGE_LOOP('',(#3417,#3418,#3419,#3420,#3421,#3422,#3423,#3424));
#3417 = ORIENTED_EDGE('',*,*,#3154,.F.);
#3418 = ORIENTED_EDGE('',*,*,#3380,.F.);
#3419 = ORIENTED_EDGE('',*,*,#3349,.F.);
#3420 = ORIENTED_EDGE('',*,*,#3318,.F.);
#3421 = ORIENTED_EDGE('',*,*,#3287,.F.);
#3422 = ORIENTED_EDGE('',*,*,#3256,.F.);
#3423 = ORIENTED_EDGE('',*,*,#3225,.F.);
#3424 = ORIENTED_EDGE('',*,*,#3194,.F.);
#3425 = PLANE('',#3426);
#3426 = AXIS2_PLACEMENT_3D('',#3427,#3428,#3429);
#3427 = CARTESIAN_POINT('',(8.131516293641E-17,-6.,0.));
#3428 = DIRECTION('',(-0.,0.,1.));
#3429 = DIRECTION('',(1.,0.,0.));
#3430 = ( GEOMETRIC_REPRESENTATION_CONTEXT(3) 
GLOBAL_UNCERTAINTY_ASSIGNED_CONTEXT((#3434)) 
GLOBAL_UNIT_ASSIGNED_CONTEXT((#3431,#3432,#3433)) REPRESENTATION_CONTEXT
('Context #1','3D Context with UNIT and UNCERTAINTY') );
#3431 = ( LENGTH_UNIT() NAMED_UNIT(*) SI_UNIT(.MILLI.,.METRE.) );
#3432 = ( NAMED_UNIT(*) PLANE_ANGLE_UNIT() SI_UNIT($,.RADIAN.) );
#3433 = ( NAMED_UNIT(*) SI_UNIT($,.STERADIAN.) SOLID_ANGLE_UNIT() );
#3434 = UNCERTAINTY_MEASURE_WITH_UNIT(LENGTH_MEASURE(1.E-07),#3431,
  'distance_accuracy_value','confusion accuracy');
#3435 = SHAPE_DEFINITION_REPRESENTATION(#3436,#3147);
#3436 = PRODUCT_DEFINITION_SHAPE('','',#3437);
#3437 = PRODUCT_DEFINITION('design','',#3438,#3441);
#3438 = PRODUCT_DEFINITION_FORMATION('','',#3439);
#3439 = PRODUCT('lead_to220','lead_to220','',(#3440));
#3440 = PRODUCT_CONTEXT('',#2,'mechanical');
#3441 = PRODUCT_DEFINITION_CONTEXT('part definition',#2,'design');
#3442 = CONTEXT_DEPENDENT_SHAPE_REPRESENTATION(#3443,#3445);
#3443 = ( REPRESENTATION_RELATIONSHIP('','',#3147,#3121) 
REPRESENTATION_RELATIONSHIP_WITH_TRANSFORMATION(#3444) 
SHAPE_REPRESENTATION_RELATIONSHIP() );
#3444 = ITEM_DEFINED_TRANSFORMATION('','',#11,#3122);
#3445 = PRODUCT_DEFINITION_SHAPE('Placement','Placement of an item',
  #3446);
#3446 = NEXT_ASSEMBLY_USAGE_OCCURRENCE('10','NAUO1','',#3116,#3437,$);
#3447 = PRODUCT_RELATED_PRODUCT_CATEGORY('part',$,(#3439));
#3448 = ADVANCED_BREP_SHAPE_REPRESENTATION('',(#11,#3449),#3775);
#3449 = MANIFOLD_SOLID_BREP('',#3450);
#3450 = CLOSED_SHELL('',(#3451,#3493,#3533,#3564,#3595,#3617,#3629,#3660
    ,#3684,#3708,#3725,#3747,#3765));
#3451 = ADVANCED_FACE('',(#3452),#3488,.F.);
#3452 = FACE_BOUND('',#3453,.F.);
#3453 = EDGE_LOOP('',(#3454,#3464,#3473,#3481));
#3454 = ORIENTED_EDGE('',*,*,#3455,.T.);
#3455 = EDGE_CURVE('',#3456,#3458,#3460,.T.);
#3456 = VERTEX_POINT('',#3457);
#3457 = CARTESIAN_POINT('',(6.307335326873,4.442664673127,2.05));
#3458 = VERTEX_POINT('',#3459);
#3459 = CARTESIAN_POINT('',(6.307335326873,4.442664673127,2.25));
#3460 = LINE('',#3461,#3462);
#3461 = CARTESIAN_POINT('',(6.307335326873,4.442664673127,2.05));
#3462 = VECTOR('',#3463,1.);
#3463 = DIRECTION('',(-0.,-0.,1.));
#3464 = ORIENTED_EDGE('',*,*,#3465,.F.);
#3465 = EDGE_CURVE('',#3466,#3458,#3468,.T.);
#3466 = VERTEX_POINT('',#3467);
#3467 = CARTESIAN_POINT('',(3.907335326873,4.442664673127,2.25));
#3468 = CIRCLE('',#3469,1.2);
#3469 = AXIS2_PLACEMENT_3D('',#3470,#3471,#3472);
#3470 = CARTESIAN_POINT('',(5.107335326873,4.442664673127,2.25));
#3471 = DIRECTION('',(0.,0.,1.));
#3472 = DIRECTION('',(1.,0.,-0.));
#3473 = ORIENTED_EDGE('',*,*,#3474,.F.);
#3474 = EDGE_CURVE('',#3475,#3466,#3477,.T.);
#3475 = VERTEX_POINT('',#3476);
#3476 = CARTESIAN_POINT('',(3.907335326873,4.442664673127,2.05));
#3477 = LINE('',#3478,#3479);
#3478 = CARTESIAN_POINT('',(3.907335326873,4.442664673127,2.05));
#3479 = VECTOR('',#3480,1.);
#3480 = DIRECTION('',(-0.,-0.,1.));
#3481 = ORIENTED_EDGE('',*,*,#3482,.T.);
#3482 = EDGE_CURVE('',#3475,#3456,#3483,.T.);
#3483 = CIRCLE('',#3484,1.2);
#3484 = AXIS2_PLACEMENT_3D('',#3485,#3486,#3487);
#3485 = CARTESIAN_POINT('',(5.107335326873,4.442664673127,2.05));
#3486 = DIRECTION('',(0.,0.,1.));
#3487 = DIRECTION('',(1.,0.,-0.));
#3488 = CYLINDRICAL_SURFACE('',#3489,1.2);
#3489 = AXIS2_PLACEMENT_3D('',#3490,#3491,#3492);
#3490 = CARTESIAN_POINT('',(5.107335326873,4.442664673127,2.05));
#3491 = DIRECTION('',(-0.,-0.,1.));
#3492 = DIRECTION('',(1.,0.,0.));
#3493 = ADVANCED_FACE('',(#3494),#3528,.T.);
#3494 = FACE_BOUND('',#3495,.T.);
#3495 = EDGE_LOOP('',(#3496,#3506,#3514,#3522));
#3496 = ORIENTED_EDGE('',*,*,#3497,.F.);
#3497 = EDGE_CURVE('',#3498,#3500,#3502,.T.);
#3498 = VERTEX_POINT('',#3499);
#3499 = CARTESIAN_POINT('',(0.,9.2,0.));
#3500 = VERTEX_POINT('',#3501);
#3501 = CARTESIAN_POINT('',(0.,0.,0.));
#3502 = LINE('',#3503,#3504);
#3503 = CARTESIAN_POINT('',(0.,0.,0.));
#3504 = VECTOR('',#3505,1.);
#3505 = DIRECTION('',(-0.,-1.,-0.));
#3506 = ORIENTED_EDGE('',*,*,#3507,.F.);
#3507 = EDGE_CURVE('',#3508,#3498,#3510,.T.);
#3508 = VERTEX_POINT('',#3509);
#3509 = CARTESIAN_POINT('',(0.,9.2,-2.25));
#3510 = LINE('',#3511,#3512);
#3511 = CARTESIAN_POINT('',(0.,9.2,-2.25));
#3512 = VECTOR('',#3513,1.);
#3513 = DIRECTION('',(0.,0.,1.));
#3514 = ORIENTED_EDGE('',*,*,#3515,.T.);
#3515 = EDGE_CURVE('',#3508,#3516,#3518,.T.);
#3516 = VERTEX_POINT('',#3517);
#3517 = CARTESIAN_POINT('',(0.,0.,-2.25));
#3518 = LINE('',#3519,#3520);
#3519 = CARTESIAN_POINT('',(0.,0.,-2.25));
#3520 = VECTOR('',#3521,1.);
#3521 = DIRECTION('',(-0.,-1.,-0.));
#3522 = ORIENTED_EDGE('',*,*,#3523,.T.);
#3523 = EDGE_CURVE('',#3516,#3500,#3524,.T.);
#3524 = LINE('',#3525,#3526);
#3525 = CARTESIAN_POINT('',(0.,0.,-2.25));
#3526 = VECTOR('',#3527,1.);
#3527 = DIRECTION('',(0.,0.,1.));
#3528 = PLANE('',#3529);
#3529 = AXIS2_PLACEMENT_3D('',#3530,#3531,#3532);
#3530 = CARTESIAN_POINT('',(0.,0.,-2.25));
#3531 = DIRECTION('',(-1.,0.,0.));
#3532 = DIRECTION('',(0.,0.,1.));
#3533 = ADVANCED_FACE('',(#3534),#3559,.T.);
#3534 = FACE_BOUND('',#3535,.T.);
#3535 = EDGE_LOOP('',(#3536,#3544,#3552,#3558));
#3536 = ORIENTED_EDGE('',*,*,#3537,.F.);
#3537 = EDGE_CURVE('',#3538,#3498,#3540,.T.);
#3538 = VERTEX_POINT('',#3539);
#3539 = CARTESIAN_POINT('',(9.9,9.2,0.));
#3540 = LINE('',#3541,#3542);
#3541 = CARTESIAN_POINT('',(0.,9.2,0.));
#3542 = VECTOR('',#3543,1.);
#3543 = DIRECTION('',(-1.,-0.,-0.));
#3544 = ORIENTED_EDGE('',*,*,#3545,.F.);
#3545 = EDGE_CURVE('',#3546,#3538,#3548,.T.);
#3546 = VERTEX_POINT('',#3547);
#3547 = CARTESIAN_POINT('',(9.9,9.2,-2.25));
#3548 = LINE('',#3549,#3550);
#3549 = CARTESIAN_POINT('',(9.9,9.2,-2.25));
#3550 = VECTOR('',#3551,1.);
#3551 = DIRECTION('',(0.,0.,1.));
#3552 = ORIENTED_EDGE('',*,*,#3553,.T.);
#3553 = EDGE_CURVE('',#3546,#3508,#3554,.T.);
#3554 = LINE('',#3555,#3556);
#3555 = CARTESIAN_POINT('',(0.,9.2,-2.25));
#3556 = VECTOR('',#3557,1.);
#3557 = DIRECTION('',(-1.,-0.,-0.));
#3558 = ORIENTED_EDGE('',*,*,#3507,.T.);
#3559 = PLANE('',#3560);
#3560 = AXIS2_PLACEMENT_3D('',#3561,#3562,#3563);
#3561 = CARTESIAN_POINT('',(0.,9.2,-2.25));
#3562 = DIRECTION('',(0.,1.,0.));
#3563 = DIRECTION('',(0.,-0.,1.));
#3564 = ADVANCED_FACE('',(#3565),#3590,.T.);
#3565 = FACE_BOUND('',#3566,.T.);
#3566 = EDGE_LOOP('',(#3567,#3575,#3583,#3589));
#3567 = ORIENTED_EDGE('',*,*,#3568,.F.);
#3568 = EDGE_CURVE('',#3569,#3538,#3571,.T.);
#3569 = VERTEX_POINT('',#3570);
#3570 = CARTESIAN_POINT('',(9.9,0.,0.));
#3571 = LINE('',#3572,#3573);
#3572 = CARTESIAN_POINT('',(9.9,0.,0.));
#3573 = VECTOR('',#3574,1.);
#3574 = DIRECTION('',(0.,1.,0.));
#3575 = ORIENTED_EDGE('',*,*,#3576,.F.);
#3576 = EDGE_CURVE('',#3577,#3569,#3579,.T.);
#3577 = VERTEX_POINT('',#3578);
#3578 = CARTESIAN_POINT('',(9.9,0.,-2.25));
#3579 = LINE('',#3580,#3581);
#3580 = CARTESIAN_POINT('',(9.9,0.,-2.25));
#3581 = VECTOR('',#3582,1.);
#3582 = DIRECTION('',(0.,0.,1.));
#3583 = ORIENTED_EDGE('',*,*,#3584,.T.);
#3584 = EDGE_CURVE('',#3577,#3546,#3585,.T.);
#3585 = LINE('',#3586,#3587);
#3586 = CARTESIAN_POINT('',(9.9,0.,-2.25));
#3587 = VECTOR('',#3588,1.);
#3588 = DIRECTION('',(0.,1.,0.));
#3589 = ORIENTED_EDGE('',*,*,#3545,.T.);
#3590 = PLANE('',#3591);
#3591 = AXIS2_PLACEMENT_3D('',#3592,#3593,#3594);
#3592 = CARTESIAN_POINT('',(9.9,0.,-2.25));
#3593 = DIRECTION('',(1.,0.,0.));
#3594 = DIRECTION('',(0.,0.,-1.));
#3595 = ADVANCED_FACE('',(#3596),#3612,.T.);
#3596 = FACE_BOUND('',#3597,.T.);
#3597 = EDGE_LOOP('',(#3598,#3604,#3605,#3611));
#3598 = ORIENTED_EDGE('',*,*,#3599,.F.);
#3599 = EDGE_CURVE('',#3500,#3569,#3600,.T.);
#3600 = LINE('',#3601,#3602);
#3601 = CARTESIAN_POINT('',(0.,0.,0.));
#3602 = VECTOR('',#3603,1.);
#3603 = DIRECTION('',(1.,0.,0.));
#3604 = ORIENTED_EDGE('',*,*,#3523,.F.);
#3605 = ORIENTED_EDGE('',*,*,#3606,.T.);
#3606 = EDGE_CURVE('',#3516,#3577,#3607,.T.);
#3607 = LINE('',#3608,#3609);
#3608 = CARTESIAN_POINT('',(0.,0.,-2.25));
#3609 = VECTOR('',#3610,1.);
#3610 = DIRECTION('',(1.,0.,0.));
#3611 = ORIENTED_EDGE('',*,*,#3576,.T.);
#3612 = PLANE('',#3613);
#3613 = AXIS2_PLACEMENT_3D('',#3614,#3615,#3616);
#3614 = CARTESIAN_POINT('',(0.,0.,-2.25));
#3615 = DIRECTION('',(0.,-1.,0.));
#3616 = DIRECTION('',(0.,-0.,-1.));
#3617 = ADVANCED_FACE('',(#3618),#3624,.T.);
#3618 = FACE_BOUND('',#3619,.T.);
#3619 = EDGE_LOOP('',(#3620,#3621,#3622,#3623));
#3620 = ORIENTED_EDGE('',*,*,#3515,.F.);
#3621 = ORIENTED_EDGE('',*,*,#3553,.F.);
#3622 = ORIENTED_EDGE('',*,*,#3584,.F.);
#3623 = ORIENTED_EDGE('',*,*,#3606,.F.);
#3624 = PLANE('',#3625);
#3625 = AXIS2_PLACEMENT_3D('',#3626,#3627,#3628);
#3626 = CARTESIAN_POINT('',(0.,9.2,-2.25));
#3627 = DIRECTION('',(0.,0.,-1.));
#3628 = DIRECTION('',(-1.,0.,-0.));
#3629 = ADVANCED_FACE('',(#3630),#3655,.T.);
#3630 = FACE_BOUND('',#3631,.T.);
#3631 = EDGE_LOOP('',(#3632,#3633,#3641,#3649));
#3632 = ORIENTED_EDGE('',*,*,#3497,.T.);
#3633 = ORIENTED_EDGE('',*,*,#3634,.F.);
#3634 = EDGE_CURVE('',#3635,#3500,#3637,.T.);
#3635 = VERTEX_POINT('',#3636);
#3636 = CARTESIAN_POINT('',(0.157335326873,0.157335326873,2.25));
#3637 = LINE('',#3638,#3639);
#3638 = CARTESIAN_POINT('',(0.,0.,0.));
#3639 = VECTOR('',#3640,1.);
#3640 = DIRECTION('',(-6.958737431666E-02,-6.958737431666E-02,
    -0.995145815784));
#3641 = ORIENTED_EDGE('',*,*,#3642,.F.);
#3642 = EDGE_CURVE('',#3643,#3635,#3645,.T.);
#3643 = VERTEX_POINT('',#3644);
#3644 = CARTESIAN_POINT('',(0.157335326873,9.042664673127,2.25));
#3645 = LINE('',#3646,#3647);
#3646 = CARTESIAN_POINT('',(0.157335326873,9.2,2.25));
#3647 = VECTOR('',#3648,1.);
#3648 = DIRECTION('',(-0.,-1.,-0.));
#3649 = ORIENTED_EDGE('',*,*,#3650,.T.);
#3650 = EDGE_CURVE('',#3643,#3498,#3651,.T.);
#3651 = LINE('',#3652,#3653);
#3652 = CARTESIAN_POINT('',(4.455010451145E-02,9.155449895489,
    0.63709617632));
#3653 = VECTOR('',#3654,1.);
#3654 = DIRECTION('',(-6.958737431666E-02,6.958737431666E-02,
    -0.995145815784));
#3655 = PLANE('',#3656);
#3656 = AXIS2_PLACEMENT_3D('',#3657,#3658,#3659);
#3657 = CARTESIAN_POINT('',(0.,0.,0.));
#3658 = DIRECTION('',(-0.99756405026,0.,6.975647374413E-02));
#3659 = DIRECTION('',(6.975647374413E-02,0.,0.99756405026));
#3660 = ADVANCED_FACE('',(#3661),#3679,.T.);
#3661 = FACE_BOUND('',#3662,.T.);
#3662 = EDGE_LOOP('',(#3663,#3664,#3672,#3678));
#3663 = ORIENTED_EDGE('',*,*,#3599,.T.);
#3664 = ORIENTED_EDGE('',*,*,#3665,.F.);
#3665 = EDGE_CURVE('',#3666,#3569,#3668,.T.);
#3666 = VERTEX_POINT('',#3667);
#3667 = CARTESIAN_POINT('',(9.742664673127,0.157335326873,2.25));
#3668 = LINE('',#3669,#3670);
#3669 = CARTESIAN_POINT('',(9.9,0.,0.));
#3670 = VECTOR('',#3671,1.);
#3671 = DIRECTION('',(6.958737431666E-02,-6.958737431666E-02,
    -0.995145815784));
#3672 = ORIENTED_EDGE('',*,*,#3673,.F.);
#3673 = EDGE_CURVE('',#3635,#3666,#3674,.T.);
#3674 = LINE('',#3675,#3676);
#3675 = CARTESIAN_POINT('',(0.,0.157335326873,2.25));
#3676 = VECTOR('',#3677,1.);
#3677 = DIRECTION('',(1.,-0.,-0.));
#3678 = ORIENTED_EDGE('',*,*,#3634,.T.);
#3679 = PLANE('',#3680);
#3680 = AXIS2_PLACEMENT_3D('',#3681,#3682,#3683);
#3681 = CARTESIAN_POINT('',(0.,0.,0.));
#3682 = DIRECTION('',(0.,-0.99756405026,6.975647374413E-02));
#3683 = DIRECTION('',(0.,-6.975647374413E-02,-0.99756405026));
#3684 = ADVANCED_FACE('',(#3685),#3703,.T.);
#3685 = FACE_BOUND('',#3686,.T.);
#3686 = EDGE_LOOP('',(#3687,#3688,#3696,#3702));
#3687 = ORIENTED_EDGE('',*,*,#3568,.T.);
#3688 = ORIENTED_EDGE('',*,*,#3689,.F.);
#3689 = EDGE_CURVE('',#3690,#3538,#3692,.T.);
#3690 = VERTEX_POINT('',#3691);
#3691 = CARTESIAN_POINT('',(9.742664673127,9.042664673127,2.25));
#3692 = LINE('',#3693,#3694);
#3693 = CARTESIAN_POINT('',(9.852060213624,9.152060213624,0.685570885388
    ));
#3694 = VECTOR('',#3695,1.);
#3695 = DIRECTION('',(6.958737431666E-02,6.958737431666E-02,
    -0.995145815784));
#3696 = ORIENTED_EDGE('',*,*,#3697,.F.);
#3697 = EDGE_CURVE('',#3666,#3690,#3698,.T.);
#3698 = LINE('',#3699,#3700);
#3699 = CARTESIAN_POINT('',(9.742664673127,9.2,2.25));
#3700 = VECTOR('',#3701,1.);
#3701 = DIRECTION('',(-0.,1.,-0.));
#3702 = ORIENTED_EDGE('',*,*,#3665,.T.);
#3703 = PLANE('',#3704);
#3704 = AXIS2_PLACEMENT_3D('',#3705,#3706,#3707);
#3705 = CARTESIAN_POINT('',(9.9,0.,0.));
#3706 = DIRECTION('',(0.99756405026,0.,6.975647374413E-02));
#3707 = DIRECTION('',(6.975647374413E-02,0.,-0.99756405026));
#3708 = ADVANCED_FACE('',(#3709),#3720,.T.);
#3709 = FACE_BOUND('',#3710,.T.);
#3710 = EDGE_LOOP('',(#3711,#3712,#3713,#3719));
#3711 = ORIENTED_EDGE('',*,*,#3537,.T.);
#3712 = ORIENTED_EDGE('',*,*,#3650,.F.);
#3713 = ORIENTED_EDGE('',*,*,#3714,.F.);
#3714 = EDGE_CURVE('',#3690,#3643,#3715,.T.);
#3715 = LINE('',#3716,#3717);
#3716 = CARTESIAN_POINT('',(0.,9.042664673127,2.25));
#3717 = VECTOR('',#3718,1.);
#3718 = DIRECTION('',(-1.,-0.,-0.));
#3719 = ORIENTED_EDGE('',*,*,#3689,.T.);
#3720 = PLANE('',#3721);
#3721 = AXIS2_PLACEMENT_3D('',#3722,#3723,#3724);
#3722 = CARTESIAN_POINT('',(0.,9.2,0.));
#3723 = DIRECTION('',(0.,0.99756405026,6.975647374413E-02));
#3724 = DIRECTION('',(0.,-6.975647374413E-02,0.99756405026));
#3725 = ADVANCED_FACE('',(#3726,#3736),#3742,.F.);
#3726 = FACE_BOUND('',#3727,.T.);
#3727 = EDGE_LOOP('',(#3728,#3735));
#3728 = ORIENTED_EDGE('',*,*,#3729,.F.);
#3729 = EDGE_CURVE('',#3458,#3466,#3730,.T.);
#3730 = CIRCLE('',#3731,1.2);
#3731 = AXIS2_PLACEMENT_3D('',#3732,#3733,#3734);
#3732 = CARTESIAN_POINT('',(5.107335326873,4.442664673127,2.25));
#3733 = DIRECTION('',(0.,0.,1.));
#3734 = DIRECTION('',(1.,0.,-0.));
#3735 = ORIENTED_EDGE('',*,*,#3465,.F.);
#3736 = FACE_BOUND('',#3737,.T.);
#3737 = EDGE_LOOP('',(#3738,#3739,#3740,#3741));
#3738 = ORIENTED_EDGE('',*,*,#3642,.T.);
#3739 = ORIENTED_EDGE('',*,*,#3673,.T.);
#3740 = ORIENTED_EDGE('',*,*,#3697,.T.);
#3741 = ORIENTED_EDGE('',*,*,#3714,.T.);
#3742 = PLANE('',#3743);
#3743 = AXIS2_PLACEMENT_3D('',#3744,#3745,#3746);
#3744 = CARTESIAN_POINT('',(0.,9.2,2.25));
#3745 = DIRECTION('',(0.,0.,-1.));
#3746 = DIRECTION('',(-1.,0.,-0.));
#3747 = ADVANCED_FACE('',(#3748),#3760,.F.);
#3748 = FACE_BOUND('',#3749,.F.);
#3749 = EDGE_LOOP('',(#3750,#3751,#3752,#3759));
#3750 = ORIENTED_EDGE('',*,*,#3729,.F.);
#3751 = ORIENTED_EDGE('',*,*,#3455,.F.);
#3752 = ORIENTED_EDGE('',*,*,#3753,.T.);
#3753 = EDGE_CURVE('',#3456,#3475,#3754,.T.);
#3754 = CIRCLE('',#3755,1.2);
#3755 = AXIS2_PLACEMENT_3D('',#3756,#3757,#3758);
#3756 = CARTESIAN_POINT('',(5.107335326873,4.442664673127,2.05));
#3757 = DIRECTION('',(0.,0.,1.));
#3758 = DIRECTION('',(1.,0.,-0.));
#3759 = ORIENTED_EDGE('',*,*,#3474,.T.);
#3760 = CYLINDRICAL_SURFACE('',#3761,1.2);
#3761 = AXIS2_PLACEMENT_3D('',#3762,#3763,#3764);
#3762 = CARTESIAN_POINT('',(5.107335326873,4.442664673127,2.05));
#3763 = DIRECTION('',(-0.,-0.,1.));
#3764 = DIRECTION('',(1.,0.,0.));
#3765 = ADVANCED_FACE('',(#3766),#3770,.T.);
#3766 = FACE_BOUND('',#3767,.T.);
#3767 = EDGE_LOOP('',(#3768,#3769));
#3768 = ORIENTED_EDGE('',*,*,#3753,.T.);
#3769 = ORIENTED_EDGE('',*,*,#3482,.T.);
#3770 = PLANE('',#3771);
#3771 = AXIS2_PLACEMENT_3D('',#3772,#3773,#3774);
#3772 = CARTESIAN_POINT('',(5.107335326873,4.442664673127,2.05));
#3773 = DIRECTION('',(0.,0.,1.));
#3774 = DIRECTION('',(1.,0.,-0.));
#3775 = ( GEOMETRIC_REPRESENTATION_CONTEXT(3) 
GLOBAL_UNCERTAINTY_ASSIGNED_CONTEXT((#3779)) 
GLOBAL_UNIT_ASSIGNED_CONTEXT((#3776,#3777,#3778)) REPRESENTATION_CONTEXT
('Context #1','3D Context with UNIT and UNCERTAINTY') );
#3776 = ( LENGTH_UNIT() NAMED_UNIT(*) SI_UNIT(.MILLI.,.METRE.) );
#3777 = ( NAMED_UNIT(*) PLANE_ANGLE_UNIT() SI_UNIT($,.RADIAN.) );
#3778 = ( NAMED_UNIT(*) SI_UNIT($,.STERADIAN.) SOLID_ANGLE_UNIT() );
#3779 = UNCERTAINTY_MEASURE_WITH_UNIT(LENGTH_MEASURE(1.E-07),#3776,
  'distance_accuracy_value','confusion accuracy');
#3780 = SHAPE_DEFINITION_REPRESENTATION(#3781,#3448);
#3781 = PRODUCT_DEFINITION_SHAPE('','',#3782);
#3782 = PRODUCT_DEFINITION('design','',#3783,#3786);
#3783 = PRODUCT_DEFINITION_FORMATION('','',#3784);
#3784 = PRODUCT('corpo_to220','corpo_to220','',(#3785));
#3785 = PRODUCT_CONTEXT('',#2,'mechanical');
#3786 = PRODUCT_DEFINITION_CONTEXT('part definition',#2,'design');
#3787 = CONTEXT_DEPENDENT_SHAPE_REPRESENTATION(#3788,#3790);
#3788 = ( REPRESENTATION_RELATIONSHIP('','',#3448,#3121) 
REPRESENTATION_RELATIONSHIP_WITH_TRANSFORMATION(#3789) 
SHAPE_REPRESENTATION_RELATIONSHIP() );
#3789 = ITEM_DEFINED_TRANSFORMATION('','',#11,#3126);
#3790 = PRODUCT_DEFINITION_SHAPE('Placement','Placement of an item',
  #3791);
#3791 = NEXT_ASSEMBLY_USAGE_OCCURRENCE('11','NAUO2','',#3116,#3782,$);
#3792 = PRODUCT_RELATED_PRODUCT_CATEGORY('part',$,(#3784));
#3793 = CONTEXT_DEPENDENT_SHAPE_REPRESENTATION(#3794,#3796);
#3794 = ( REPRESENTATION_RELATIONSHIP('','',#3147,#3121) 
REPRESENTATION_RELATIONSHIP_WITH_TRANSFORMATION(#3795) 
SHAPE_REPRESENTATION_RELATIONSHIP() );
#3795 = ITEM_DEFINED_TRANSFORMATION('','',#11,#3130);
#3796 = PRODUCT_DEFINITION_SHAPE('Placement','Placement of an item',
  #3797);
#3797 = NEXT_ASSEMBLY_USAGE_OCCURRENCE('12','NAUO3','',#3116,#3437,$);
#3798 = ADVANCED_BREP_SHAPE_REPRESENTATION('',(#11,#3799),#4287);
#3799 = MANIFOLD_SOLID_BREP('',#3800);
#3800 = CLOSED_SHELL('',(#3801,#3843,#3957,#4071,#4093,#4110,#4127,#4144
    ,#4161,#4178,#4195,#4212,#4229,#4246,#4263,#4275));
#3801 = ADVANCED_FACE('',(#3802),#3838,.F.);
#3802 = FACE_BOUND('',#3803,.F.);
#3803 = EDGE_LOOP('',(#3804,#3814,#3823,#3831));
#3804 = ORIENTED_EDGE('',*,*,#3805,.T.);
#3805 = EDGE_CURVE('',#3806,#3808,#3810,.T.);
#3806 = VERTEX_POINT('',#3807);
#3807 = CARTESIAN_POINT('',(3.15,3.7,1.3));
#3808 = VERTEX_POINT('',#3809);
#3809 = CARTESIAN_POINT('',(3.15,3.7,0.));
#3810 = LINE('',#3811,#3812);
#3811 = CARTESIAN_POINT('',(3.15,3.7,1.3));
#3812 = VECTOR('',#3813,1.);
#3813 = DIRECTION('',(-0.,-0.,-1.));
#3814 = ORIENTED_EDGE('',*,*,#3815,.T.);
#3815 = EDGE_CURVE('',#3808,#3816,#3818,.T.);
#3816 = VERTEX_POINT('',#3817);
#3817 = CARTESIAN_POINT('',(6.75,3.7,0.));
#3818 = CIRCLE('',#3819,1.8);
#3819 = AXIS2_PLACEMENT_3D('',#3820,#3821,#3822);
#3820 = CARTESIAN_POINT('',(4.95,3.7,0.));
#3821 = DIRECTION('',(0.,0.,1.));
#3822 = DIRECTION('',(1.,0.,-0.));
#3823 = ORIENTED_EDGE('',*,*,#3824,.F.);
#3824 = EDGE_CURVE('',#3825,#3816,#3827,.T.);
#3825 = VERTEX_POINT('',#3826);
#3826 = CARTESIAN_POINT('',(6.75,3.7,1.3));
#3827 = LINE('',#3828,#3829);
#3828 = CARTESIAN_POINT('',(6.75,3.7,1.3));
#3829 = VECTOR('',#3830,1.);
#3830 = DIRECTION('',(-0.,-0.,-1.));
#3831 = ORIENTED_EDGE('',*,*,#3832,.F.);
#3832 = EDGE_CURVE('',#3806,#3825,#3833,.T.);
#3833 = CIRCLE('',#3834,1.8);
#3834 = AXIS2_PLACEMENT_3D('',#3835,#3836,#3837);
#3835 = CARTESIAN_POINT('',(4.95,3.7,1.3));
#3836 = DIRECTION('',(0.,0.,1.));
#3837 = DIRECTION('',(1.,0.,-0.));
#3838 = CYLINDRICAL_SURFACE('',#3839,1.8);
#3839 = AXIS2_PLACEMENT_3D('',#3840,#3841,#3842);
#3840 = CARTESIAN_POINT('',(4.95,3.7,1.3));
#3841 = DIRECTION('',(-0.,-0.,-1.));
#3842 = DIRECTION('',(-1.,0.,0.));
#3843 = ADVANCED_FACE('',(#3844,#3942),#3952,.T.);
#3844 = FACE_BOUND('',#3845,.T.);
#3845 = EDGE_LOOP('',(#3846,#3856,#3864,#3872,#3880,#3888,#3896,#3904,
    #3912,#3920,#3928,#3936));
#3846 = ORIENTED_EDGE('',*,*,#3847,.T.);
#3847 = EDGE_CURVE('',#3848,#3850,#3852,.T.);
#3848 = VERTEX_POINT('',#3849);
#3849 = CARTESIAN_POINT('',(0.,3.5,1.3));
#3850 = VERTEX_POINT('',#3851);
#3851 = CARTESIAN_POINT('',(0.,0.,1.3));
#3852 = LINE('',#3853,#3854);
#3853 = CARTESIAN_POINT('',(0.,0.,1.3));
#3854 = VECTOR('',#3855,1.);
#3855 = DIRECTION('',(-0.,-1.,-0.));
#3856 = ORIENTED_EDGE('',*,*,#3857,.T.);
#3857 = EDGE_CURVE('',#3850,#3858,#3860,.T.);
#3858 = VERTEX_POINT('',#3859);
#3859 = CARTESIAN_POINT('',(9.9,0.,1.3));
#3860 = LINE('',#3861,#3862);
#3861 = CARTESIAN_POINT('',(0.,0.,1.3));
#3862 = VECTOR('',#3863,1.);
#3863 = DIRECTION('',(1.,0.,0.));
#3864 = ORIENTED_EDGE('',*,*,#3865,.T.);
#3865 = EDGE_CURVE('',#3858,#3866,#3868,.T.);
#3866 = VERTEX_POINT('',#3867);
#3867 = CARTESIAN_POINT('',(9.9,3.5,1.3));
#3868 = LINE('',#3869,#3870);
#3869 = CARTESIAN_POINT('',(9.9,0.,1.3));
#3870 = VECTOR('',#3871,1.);
#3871 = DIRECTION('',(0.,1.,0.));
#3872 = ORIENTED_EDGE('',*,*,#3873,.T.);
#3873 = EDGE_CURVE('',#3866,#3874,#3876,.T.);
#3874 = VERTEX_POINT('',#3875);
#3875 = CARTESIAN_POINT('',(9.3,3.5,1.3));
#3876 = LINE('',#3877,#3878);
#3877 = CARTESIAN_POINT('',(9.3,3.5,1.3));
#3878 = VECTOR('',#3879,1.);
#3879 = DIRECTION('',(-1.,-0.,-0.));
#3880 = ORIENTED_EDGE('',*,*,#3881,.T.);
#3881 = EDGE_CURVE('',#3874,#3882,#3884,.T.);
#3882 = VERTEX_POINT('',#3883);
#3883 = CARTESIAN_POINT('',(9.3,5.2,1.3));
#3884 = LINE('',#3885,#3886);
#3885 = CARTESIAN_POINT('',(9.3,5.2,1.3));
#3886 = VECTOR('',#3887,1.);
#3887 = DIRECTION('',(-0.,1.,-0.));
#3888 = ORIENTED_EDGE('',*,*,#3889,.T.);
#3889 = EDGE_CURVE('',#3882,#3890,#3892,.T.);
#3890 = VERTEX_POINT('',#3891);
#3891 = CARTESIAN_POINT('',(9.9,5.2,1.3));
#3892 = LINE('',#3893,#3894);
#3893 = CARTESIAN_POINT('',(9.3,5.2,1.3));
#3894 = VECTOR('',#3895,1.);
#3895 = DIRECTION('',(1.,0.,0.));
#3896 = ORIENTED_EDGE('',*,*,#3897,.T.);
#3897 = EDGE_CURVE('',#3890,#3898,#3900,.T.);
#3898 = VERTEX_POINT('',#3899);
#3899 = CARTESIAN_POINT('',(9.9,6.5,1.3));
#3900 = LINE('',#3901,#3902);
#3901 = CARTESIAN_POINT('',(9.9,5.2,1.3));
#3902 = VECTOR('',#3903,1.);
#3903 = DIRECTION('',(-2.668805347657E-15,1.,0.));
#3904 = ORIENTED_EDGE('',*,*,#3905,.T.);
#3905 = EDGE_CURVE('',#3898,#3906,#3908,.T.);
#3906 = VERTEX_POINT('',#3907);
#3907 = CARTESIAN_POINT('',(0.,6.5,1.3));
#3908 = LINE('',#3909,#3910);
#3909 = CARTESIAN_POINT('',(0.,6.5,1.3));
#3910 = VECTOR('',#3911,1.);
#3911 = DIRECTION('',(-1.,-0.,-0.));
#3912 = ORIENTED_EDGE('',*,*,#3913,.T.);
#3913 = EDGE_CURVE('',#3906,#3914,#3916,.T.);
#3914 = VERTEX_POINT('',#3915);
#3915 = CARTESIAN_POINT('',(0.,5.2,1.3));
#3916 = LINE('',#3917,#3918);
#3917 = CARTESIAN_POINT('',(0.,5.2,1.3));
#3918 = VECTOR('',#3919,1.);
#3919 = DIRECTION('',(-0.,-1.,-0.));
#3920 = ORIENTED_EDGE('',*,*,#3921,.T.);
#3921 = EDGE_CURVE('',#3914,#3922,#3924,.T.);
#3922 = VERTEX_POINT('',#3923);
#3923 = CARTESIAN_POINT('',(0.6,5.2,1.3));
#3924 = LINE('',#3925,#3926);
#3925 = CARTESIAN_POINT('',(0.6,5.2,1.3));
#3926 = VECTOR('',#3927,1.);
#3927 = DIRECTION('',(1.,-0.,-0.));
#3928 = ORIENTED_EDGE('',*,*,#3929,.T.);
#3929 = EDGE_CURVE('',#3922,#3930,#3932,.T.);
#3930 = VERTEX_POINT('',#3931);
#3931 = CARTESIAN_POINT('',(0.6,3.5,1.3));
#3932 = LINE('',#3933,#3934);
#3933 = CARTESIAN_POINT('',(0.6,5.2,1.3));
#3934 = VECTOR('',#3935,1.);
#3935 = DIRECTION('',(1.27553196763E-16,-1.,0.));
#3936 = ORIENTED_EDGE('',*,*,#3937,.T.);
#3937 = EDGE_CURVE('',#3930,#3848,#3938,.T.);
#3938 = LINE('',#3939,#3940);
#3939 = CARTESIAN_POINT('',(0.6,3.5,1.3));
#3940 = VECTOR('',#3941,1.);
#3941 = DIRECTION('',(-1.,0.,0.));
#3942 = FACE_BOUND('',#3943,.T.);
#3943 = EDGE_LOOP('',(#3944,#3945));
#3944 = ORIENTED_EDGE('',*,*,#3832,.F.);
#3945 = ORIENTED_EDGE('',*,*,#3946,.F.);
#3946 = EDGE_CURVE('',#3825,#3806,#3947,.T.);
#3947 = CIRCLE('',#3948,1.8);
#3948 = AXIS2_PLACEMENT_3D('',#3949,#3950,#3951);
#3949 = CARTESIAN_POINT('',(4.95,3.7,1.3));
#3950 = DIRECTION('',(0.,0.,1.));
#3951 = DIRECTION('',(1.,0.,-0.));
#3952 = PLANE('',#3953);
#3953 = AXIS2_PLACEMENT_3D('',#3954,#3955,#3956);
#3954 = CARTESIAN_POINT('',(0.,3.5,1.3));
#3955 = DIRECTION('',(0.,-0.,1.));
#3956 = DIRECTION('',(1.,0.,0.));
#3957 = ADVANCED_FACE('',(#3958,#4056),#4066,.F.);
#3958 = FACE_BOUND('',#3959,.T.);
#3959 = EDGE_LOOP('',(#3960,#3970,#3978,#3986,#3994,#4002,#4010,#4018,
    #4026,#4034,#4042,#4050));
#3960 = ORIENTED_EDGE('',*,*,#3961,.F.);
#3961 = EDGE_CURVE('',#3962,#3964,#3966,.T.);
#3962 = VERTEX_POINT('',#3963);
#3963 = CARTESIAN_POINT('',(0.,3.5,0.));
#3964 = VERTEX_POINT('',#3965);
#3965 = CARTESIAN_POINT('',(0.,0.,0.));
#3966 = LINE('',#3967,#3968);
#3967 = CARTESIAN_POINT('',(0.,0.,0.));
#3968 = VECTOR('',#3969,1.);
#3969 = DIRECTION('',(-0.,-1.,-0.));
#3970 = ORIENTED_EDGE('',*,*,#3971,.F.);
#3971 = EDGE_CURVE('',#3972,#3962,#3974,.T.);
#3972 = VERTEX_POINT('',#3973);
#3973 = CARTESIAN_POINT('',(0.6,3.5,0.));
#3974 = LINE('',#3975,#3976);
#3975 = CARTESIAN_POINT('',(0.6,3.5,0.));
#3976 = VECTOR('',#3977,1.);
#3977 = DIRECTION('',(-1.,0.,0.));
#3978 = ORIENTED_EDGE('',*,*,#3979,.F.);
#3979 = EDGE_CURVE('',#3980,#3972,#3982,.T.);
#3980 = VERTEX_POINT('',#3981);
#3981 = CARTESIAN_POINT('',(0.6,5.2,0.));
#3982 = LINE('',#3983,#3984);
#3983 = CARTESIAN_POINT('',(0.6,5.2,0.));
#3984 = VECTOR('',#3985,1.);
#3985 = DIRECTION('',(1.27553196763E-16,-1.,0.));
#3986 = ORIENTED_EDGE('',*,*,#3987,.F.);
#3987 = EDGE_CURVE('',#3988,#3980,#3990,.T.);
#3988 = VERTEX_POINT('',#3989);
#3989 = CARTESIAN_POINT('',(0.,5.2,0.));
#3990 = LINE('',#3991,#3992);
#3991 = CARTESIAN_POINT('',(0.6,5.2,0.));
#3992 = VECTOR('',#3993,1.);
#3993 = DIRECTION('',(1.,-0.,-0.));
#3994 = ORIENTED_EDGE('',*,*,#3995,.F.);
#3995 = EDGE_CURVE('',#3996,#3988,#3998,.T.);
#3996 = VERTEX_POINT('',#3997);
#3997 = CARTESIAN_POINT('',(0.,6.5,0.));
#3998 = LINE('',#3999,#4000);
#3999 = CARTESIAN_POINT('',(0.,5.2,0.));
#4000 = VECTOR('',#4001,1.);
#4001 = DIRECTION('',(-0.,-1.,-0.));
#4002 = ORIENTED_EDGE('',*,*,#4003,.F.);
#4003 = EDGE_CURVE('',#4004,#3996,#4006,.T.);
#4004 = VERTEX_POINT('',#4005);
#4005 = CARTESIAN_POINT('',(9.9,6.5,0.));
#4006 = LINE('',#4007,#4008);
#4007 = CARTESIAN_POINT('',(0.,6.5,0.));
#4008 = VECTOR('',#4009,1.);
#4009 = DIRECTION('',(-1.,-0.,-0.));
#4010 = ORIENTED_EDGE('',*,*,#4011,.F.);
#4011 = EDGE_CURVE('',#4012,#4004,#4014,.T.);
#4012 = VERTEX_POINT('',#4013);
#4013 = CARTESIAN_POINT('',(9.9,5.2,0.));
#4014 = LINE('',#4015,#4016);
#4015 = CARTESIAN_POINT('',(9.9,5.2,0.));
#4016 = VECTOR('',#4017,1.);
#4017 = DIRECTION('',(-2.668805347657E-15,1.,0.));
#4018 = ORIENTED_EDGE('',*,*,#4019,.F.);
#4019 = EDGE_CURVE('',#4020,#4012,#4022,.T.);
#4020 = VERTEX_POINT('',#4021);
#4021 = CARTESIAN_POINT('',(9.3,5.2,0.));
#4022 = LINE('',#4023,#4024);
#4023 = CARTESIAN_POINT('',(9.3,5.2,0.));
#4024 = VECTOR('',#4025,1.);
#4025 = DIRECTION('',(1.,0.,0.));
#4026 = ORIENTED_EDGE('',*,*,#4027,.F.);
#4027 = EDGE_CURVE('',#4028,#4020,#4030,.T.);
#4028 = VERTEX_POINT('',#4029);
#4029 = CARTESIAN_POINT('',(9.3,3.5,0.));
#4030 = LINE('',#4031,#4032);
#4031 = CARTESIAN_POINT('',(9.3,5.2,0.));
#4032 = VECTOR('',#4033,1.);
#4033 = DIRECTION('',(-0.,1.,-0.));
#4034 = ORIENTED_EDGE('',*,*,#4035,.F.);
#4035 = EDGE_CURVE('',#4036,#4028,#4038,.T.);
#4036 = VERTEX_POINT('',#4037);
#4037 = CARTESIAN_POINT('',(9.9,3.5,0.));
#4038 = LINE('',#4039,#4040);
#4039 = CARTESIAN_POINT('',(9.3,3.5,0.));
#4040 = VECTOR('',#4041,1.);
#4041 = DIRECTION('',(-1.,-0.,-0.));
#4042 = ORIENTED_EDGE('',*,*,#4043,.F.);
#4043 = EDGE_CURVE('',#4044,#4036,#4046,.T.);
#4044 = VERTEX_POINT('',#4045);
#4045 = CARTESIAN_POINT('',(9.9,0.,0.));
#4046 = LINE('',#4047,#4048);
#4047 = CARTESIAN_POINT('',(9.9,0.,0.));
#4048 = VECTOR('',#4049,1.);
#4049 = DIRECTION('',(0.,1.,0.));
#4050 = ORIENTED_EDGE('',*,*,#4051,.F.);
#4051 = EDGE_CURVE('',#3964,#4044,#4052,.T.);
#4052 = LINE('',#4053,#4054);
#4053 = CARTESIAN_POINT('',(0.,0.,0.));
#4054 = VECTOR('',#4055,1.);
#4055 = DIRECTION('',(1.,0.,0.));
#4056 = FACE_BOUND('',#4057,.T.);
#4057 = EDGE_LOOP('',(#4058,#4059));
#4058 = ORIENTED_EDGE('',*,*,#3815,.T.);
#4059 = ORIENTED_EDGE('',*,*,#4060,.T.);
#4060 = EDGE_CURVE('',#3816,#3808,#4061,.T.);
#4061 = CIRCLE('',#4062,1.8);
#4062 = AXIS2_PLACEMENT_3D('',#4063,#4064,#4065);
#4063 = CARTESIAN_POINT('',(4.95,3.7,0.));
#4064 = DIRECTION('',(0.,0.,1.));
#4065 = DIRECTION('',(1.,0.,-0.));
#4066 = PLANE('',#4067);
#4067 = AXIS2_PLACEMENT_3D('',#4068,#4069,#4070);
#4068 = CARTESIAN_POINT('',(0.,3.5,0.));
#4069 = DIRECTION('',(0.,-0.,1.));
#4070 = DIRECTION('',(1.,0.,0.));
#4071 = ADVANCED_FACE('',(#4072),#4088,.F.);
#4072 = FACE_BOUND('',#4073,.T.);
#4073 = EDGE_LOOP('',(#4074,#4075,#4081,#4082));
#4074 = ORIENTED_EDGE('',*,*,#3961,.T.);
#4075 = ORIENTED_EDGE('',*,*,#4076,.F.);
#4076 = EDGE_CURVE('',#3850,#3964,#4077,.T.);
#4077 = LINE('',#4078,#4079);
#4078 = CARTESIAN_POINT('',(0.,0.,1.3));
#4079 = VECTOR('',#4080,1.);
#4080 = DIRECTION('',(-0.,-0.,-1.));
#4081 = ORIENTED_EDGE('',*,*,#3847,.F.);
#4082 = ORIENTED_EDGE('',*,*,#4083,.T.);
#4083 = EDGE_CURVE('',#3848,#3962,#4084,.T.);
#4084 = LINE('',#4085,#4086);
#4085 = CARTESIAN_POINT('',(0.,3.5,1.3));
#4086 = VECTOR('',#4087,1.);
#4087 = DIRECTION('',(-0.,-0.,-1.));
#4088 = PLANE('',#4089);
#4089 = AXIS2_PLACEMENT_3D('',#4090,#4091,#4092);
#4090 = CARTESIAN_POINT('',(0.,0.,1.3));
#4091 = DIRECTION('',(1.,0.,0.));
#4092 = DIRECTION('',(0.,0.,-1.));
#4093 = ADVANCED_FACE('',(#4094),#4105,.F.);
#4094 = FACE_BOUND('',#4095,.T.);
#4095 = EDGE_LOOP('',(#4096,#4097,#4103,#4104));
#4096 = ORIENTED_EDGE('',*,*,#4051,.T.);
#4097 = ORIENTED_EDGE('',*,*,#4098,.F.);
#4098 = EDGE_CURVE('',#3858,#4044,#4099,.T.);
#4099 = LINE('',#4100,#4101);
#4100 = CARTESIAN_POINT('',(9.9,0.,1.3));
#4101 = VECTOR('',#4102,1.);
#4102 = DIRECTION('',(-0.,-0.,-1.));
#4103 = ORIENTED_EDGE('',*,*,#3857,.F.);
#4104 = ORIENTED_EDGE('',*,*,#4076,.T.);
#4105 = PLANE('',#4106);
#4106 = AXIS2_PLACEMENT_3D('',#4107,#4108,#4109);
#4107 = CARTESIAN_POINT('',(0.,0.,1.3));
#4108 = DIRECTION('',(0.,1.,0.));
#4109 = DIRECTION('',(0.,-0.,1.));
#4110 = ADVANCED_FACE('',(#4111),#4122,.F.);
#4111 = FACE_BOUND('',#4112,.T.);
#4112 = EDGE_LOOP('',(#4113,#4114,#4120,#4121));
#4113 = ORIENTED_EDGE('',*,*,#4043,.T.);
#4114 = ORIENTED_EDGE('',*,*,#4115,.F.);
#4115 = EDGE_CURVE('',#3866,#4036,#4116,.T.);
#4116 = LINE('',#4117,#4118);
#4117 = CARTESIAN_POINT('',(9.9,3.5,1.3));
#4118 = VECTOR('',#4119,1.);
#4119 = DIRECTION('',(-0.,-0.,-1.));
#4120 = ORIENTED_EDGE('',*,*,#3865,.F.);
#4121 = ORIENTED_EDGE('',*,*,#4098,.T.);
#4122 = PLANE('',#4123);
#4123 = AXIS2_PLACEMENT_3D('',#4124,#4125,#4126);
#4124 = CARTESIAN_POINT('',(9.9,0.,1.3));
#4125 = DIRECTION('',(-1.,0.,0.));
#4126 = DIRECTION('',(0.,0.,1.));
#4127 = ADVANCED_FACE('',(#4128),#4139,.F.);
#4128 = FACE_BOUND('',#4129,.T.);
#4129 = EDGE_LOOP('',(#4130,#4131,#4137,#4138));
#4130 = ORIENTED_EDGE('',*,*,#4035,.T.);
#4131 = ORIENTED_EDGE('',*,*,#4132,.F.);
#4132 = EDGE_CURVE('',#3874,#4028,#4133,.T.);
#4133 = LINE('',#4134,#4135);
#4134 = CARTESIAN_POINT('',(9.3,3.5,1.3));
#4135 = VECTOR('',#4136,1.);
#4136 = DIRECTION('',(-0.,-0.,-1.));
#4137 = ORIENTED_EDGE('',*,*,#3873,.F.);
#4138 = ORIENTED_EDGE('',*,*,#4115,.T.);
#4139 = PLANE('',#4140);
#4140 = AXIS2_PLACEMENT_3D('',#4141,#4142,#4143);
#4141 = CARTESIAN_POINT('',(9.3,3.5,1.3));
#4142 = DIRECTION('',(0.,-1.,0.));
#4143 = DIRECTION('',(0.,-0.,-1.));
#4144 = ADVANCED_FACE('',(#4145),#4156,.F.);
#4145 = FACE_BOUND('',#4146,.T.);
#4146 = EDGE_LOOP('',(#4147,#4148,#4154,#4155));
#4147 = ORIENTED_EDGE('',*,*,#4027,.T.);
#4148 = ORIENTED_EDGE('',*,*,#4149,.F.);
#4149 = EDGE_CURVE('',#3882,#4020,#4150,.T.);
#4150 = LINE('',#4151,#4152);
#4151 = CARTESIAN_POINT('',(9.3,5.2,1.3));
#4152 = VECTOR('',#4153,1.);
#4153 = DIRECTION('',(-0.,-0.,-1.));
#4154 = ORIENTED_EDGE('',*,*,#3881,.F.);
#4155 = ORIENTED_EDGE('',*,*,#4132,.T.);
#4156 = PLANE('',#4157);
#4157 = AXIS2_PLACEMENT_3D('',#4158,#4159,#4160);
#4158 = CARTESIAN_POINT('',(9.3,5.2,1.3));
#4159 = DIRECTION('',(-1.,0.,0.));
#4160 = DIRECTION('',(0.,0.,1.));
#4161 = ADVANCED_FACE('',(#4162),#4173,.F.);
#4162 = FACE_BOUND('',#4163,.T.);
#4163 = EDGE_LOOP('',(#4164,#4165,#4171,#4172));
#4164 = ORIENTED_EDGE('',*,*,#4019,.T.);
#4165 = ORIENTED_EDGE('',*,*,#4166,.F.);
#4166 = EDGE_CURVE('',#3890,#4012,#4167,.T.);
#4167 = LINE('',#4168,#4169);
#4168 = CARTESIAN_POINT('',(9.9,5.2,1.3));
#4169 = VECTOR('',#4170,1.);
#4170 = DIRECTION('',(-0.,-0.,-1.));
#4171 = ORIENTED_EDGE('',*,*,#3889,.F.);
#4172 = ORIENTED_EDGE('',*,*,#4149,.T.);
#4173 = PLANE('',#4174);
#4174 = AXIS2_PLACEMENT_3D('',#4175,#4176,#4177);
#4175 = CARTESIAN_POINT('',(9.3,5.2,1.3));
#4176 = DIRECTION('',(0.,1.,0.));
#4177 = DIRECTION('',(0.,-0.,1.));
#4178 = ADVANCED_FACE('',(#4179),#4190,.F.);
#4179 = FACE_BOUND('',#4180,.T.);
#4180 = EDGE_LOOP('',(#4181,#4182,#4188,#4189));
#4181 = ORIENTED_EDGE('',*,*,#4011,.T.);
#4182 = ORIENTED_EDGE('',*,*,#4183,.F.);
#4183 = EDGE_CURVE('',#3898,#4004,#4184,.T.);
#4184 = LINE('',#4185,#4186);
#4185 = CARTESIAN_POINT('',(9.9,6.5,1.3));
#4186 = VECTOR('',#4187,1.);
#4187 = DIRECTION('',(-0.,-0.,-1.));
#4188 = ORIENTED_EDGE('',*,*,#3897,.F.);
#4189 = ORIENTED_EDGE('',*,*,#4166,.T.);
#4190 = PLANE('',#4191);
#4191 = AXIS2_PLACEMENT_3D('',#4192,#4193,#4194);
#4192 = CARTESIAN_POINT('',(9.9,5.2,1.3));
#4193 = DIRECTION('',(-1.,-2.668805347657E-15,0.));
#4194 = DIRECTION('',(2.668805347657E-15,-1.,0.));
#4195 = ADVANCED_FACE('',(#4196),#4207,.F.);
#4196 = FACE_BOUND('',#4197,.T.);
#4197 = EDGE_LOOP('',(#4198,#4199,#4205,#4206));
#4198 = ORIENTED_EDGE('',*,*,#4003,.T.);
#4199 = ORIENTED_EDGE('',*,*,#4200,.F.);
#4200 = EDGE_CURVE('',#3906,#3996,#4201,.T.);
#4201 = LINE('',#4202,#4203);
#4202 = CARTESIAN_POINT('',(0.,6.5,1.3));
#4203 = VECTOR('',#4204,1.);
#4204 = DIRECTION('',(-0.,-0.,-1.));
#4205 = ORIENTED_EDGE('',*,*,#3905,.F.);
#4206 = ORIENTED_EDGE('',*,*,#4183,.T.);
#4207 = PLANE('',#4208);
#4208 = AXIS2_PLACEMENT_3D('',#4209,#4210,#4211);
#4209 = CARTESIAN_POINT('',(0.,6.5,1.3));
#4210 = DIRECTION('',(0.,-1.,0.));
#4211 = DIRECTION('',(0.,-0.,-1.));
#4212 = ADVANCED_FACE('',(#4213),#4224,.F.);
#4213 = FACE_BOUND('',#4214,.T.);
#4214 = EDGE_LOOP('',(#4215,#4216,#4222,#4223));
#4215 = ORIENTED_EDGE('',*,*,#3995,.T.);
#4216 = ORIENTED_EDGE('',*,*,#4217,.F.);
#4217 = EDGE_CURVE('',#3914,#3988,#4218,.T.);
#4218 = LINE('',#4219,#4220);
#4219 = CARTESIAN_POINT('',(0.,5.2,1.3));
#4220 = VECTOR('',#4221,1.);
#4221 = DIRECTION('',(-0.,-0.,-1.));
#4222 = ORIENTED_EDGE('',*,*,#3913,.F.);
#4223 = ORIENTED_EDGE('',*,*,#4200,.T.);
#4224 = PLANE('',#4225);
#4225 = AXIS2_PLACEMENT_3D('',#4226,#4227,#4228);
#4226 = CARTESIAN_POINT('',(0.,5.2,1.3));
#4227 = DIRECTION('',(1.,0.,0.));
#4228 = DIRECTION('',(0.,0.,-1.));
#4229 = ADVANCED_FACE('',(#4230),#4241,.F.);
#4230 = FACE_BOUND('',#4231,.T.);
#4231 = EDGE_LOOP('',(#4232,#4233,#4239,#4240));
#4232 = ORIENTED_EDGE('',*,*,#3987,.T.);
#4233 = ORIENTED_EDGE('',*,*,#4234,.F.);
#4234 = EDGE_CURVE('',#3922,#3980,#4235,.T.);
#4235 = LINE('',#4236,#4237);
#4236 = CARTESIAN_POINT('',(0.6,5.2,1.3));
#4237 = VECTOR('',#4238,1.);
#4238 = DIRECTION('',(-0.,-0.,-1.));
#4239 = ORIENTED_EDGE('',*,*,#3921,.F.);
#4240 = ORIENTED_EDGE('',*,*,#4217,.T.);
#4241 = PLANE('',#4242);
#4242 = AXIS2_PLACEMENT_3D('',#4243,#4244,#4245);
#4243 = CARTESIAN_POINT('',(0.6,5.2,1.3));
#4244 = DIRECTION('',(0.,1.,-0.));
#4245 = DIRECTION('',(0.,0.,1.));
#4246 = ADVANCED_FACE('',(#4247),#4258,.F.);
#4247 = FACE_BOUND('',#4248,.T.);
#4248 = EDGE_LOOP('',(#4249,#4250,#4256,#4257));
#4249 = ORIENTED_EDGE('',*,*,#3979,.T.);
#4250 = ORIENTED_EDGE('',*,*,#4251,.F.);
#4251 = EDGE_CURVE('',#3930,#3972,#4252,.T.);
#4252 = LINE('',#4253,#4254);
#4253 = CARTESIAN_POINT('',(0.6,3.5,1.3));
#4254 = VECTOR('',#4255,1.);
#4255 = DIRECTION('',(-0.,-0.,-1.));
#4256 = ORIENTED_EDGE('',*,*,#3929,.F.);
#4257 = ORIENTED_EDGE('',*,*,#4234,.T.);
#4258 = PLANE('',#4259);
#4259 = AXIS2_PLACEMENT_3D('',#4260,#4261,#4262);
#4260 = CARTESIAN_POINT('',(0.6,5.2,1.3));
#4261 = DIRECTION('',(1.,1.27553196763E-16,-0.));
#4262 = DIRECTION('',(-1.27553196763E-16,1.,0.));
#4263 = ADVANCED_FACE('',(#4264),#4270,.F.);
#4264 = FACE_BOUND('',#4265,.T.);
#4265 = EDGE_LOOP('',(#4266,#4267,#4268,#4269));
#4266 = ORIENTED_EDGE('',*,*,#3971,.T.);
#4267 = ORIENTED_EDGE('',*,*,#4083,.F.);
#4268 = ORIENTED_EDGE('',*,*,#3937,.F.);
#4269 = ORIENTED_EDGE('',*,*,#4251,.T.);
#4270 = PLANE('',#4271);
#4271 = AXIS2_PLACEMENT_3D('',#4272,#4273,#4274);
#4272 = CARTESIAN_POINT('',(0.6,3.5,1.3));
#4273 = DIRECTION('',(0.,-1.,0.));
#4274 = DIRECTION('',(0.,-0.,-1.));
#4275 = ADVANCED_FACE('',(#4276),#4282,.F.);
#4276 = FACE_BOUND('',#4277,.F.);
#4277 = EDGE_LOOP('',(#4278,#4279,#4280,#4281));
#4278 = ORIENTED_EDGE('',*,*,#4060,.T.);
#4279 = ORIENTED_EDGE('',*,*,#3805,.F.);
#4280 = ORIENTED_EDGE('',*,*,#3946,.F.);
#4281 = ORIENTED_EDGE('',*,*,#3824,.T.);
#4282 = CYLINDRICAL_SURFACE('',#4283,1.8);
#4283 = AXIS2_PLACEMENT_3D('',#4284,#4285,#4286);
#4284 = CARTESIAN_POINT('',(4.95,3.7,1.3));
#4285 = DIRECTION('',(-0.,-0.,-1.));
#4286 = DIRECTION('',(-1.,0.,0.));
#4287 = ( GEOMETRIC_REPRESENTATION_CONTEXT(3) 
GLOBAL_UNCERTAINTY_ASSIGNED_CONTEXT((#4291)) 
GLOBAL_UNIT_ASSIGNED_CONTEXT((#4288,#4289,#4290)) REPRESENTATION_CONTEXT
('Context #1','3D Context with UNIT and UNCERTAINTY') );
#4288 = ( LENGTH_UNIT() NAMED_UNIT(*) SI_UNIT(.MILLI.,.METRE.) );
#4289 = ( NAMED_UNIT(*) PLANE_ANGLE_UNIT() SI_UNIT($,.RADIAN.) );
#4290 = ( NAMED_UNIT(*) SI_UNIT($,.STERADIAN.) SOLID_ANGLE_UNIT() );
#4291 = UNCERTAINTY_MEASURE_WITH_UNIT(LENGTH_MEASURE(1.E-07),#4288,
  'distance_accuracy_value','confusion accuracy');
#4292 = SHAPE_DEFINITION_REPRESENTATION(#4293,#3798);
#4293 = PRODUCT_DEFINITION_SHAPE('','',#4294);
#4294 = PRODUCT_DEFINITION('design','',#4295,#4298);
#4295 = PRODUCT_DEFINITION_FORMATION('','',#4296);
#4296 = PRODUCT('diss_to220','diss_to220','',(#4297));
#4297 = PRODUCT_CONTEXT('',#2,'mechanical');
#4298 = PRODUCT_DEFINITION_CONTEXT('part definition',#2,'design');
#4299 = CONTEXT_DEPENDENT_SHAPE_REPRESENTATION(#4300,#4302);
#4300 = ( REPRESENTATION_RELATIONSHIP('','',#3798,#3121) 
REPRESENTATION_RELATIONSHIP_WITH_TRANSFORMATION(#4301) 
SHAPE_REPRESENTATION_RELATIONSHIP() );
#4301 = ITEM_DEFINED_TRANSFORMATION('','',#11,#3134);
#4302 = PRODUCT_DEFINITION_SHAPE('Placement','Placement of an item',
  #4303);
#4303 = NEXT_ASSEMBLY_USAGE_OCCURRENCE('13','NAUO4','',#3116,#4294,$);
#4304 = PRODUCT_RELATED_PRODUCT_CATEGORY('part',$,(#4296));
#4305 = CONTEXT_DEPENDENT_SHAPE_REPRESENTATION(#4306,#4308);
#4306 = ( REPRESENTATION_RELATIONSHIP('','',#3147,#3121) 
REPRESENTATION_RELATIONSHIP_WITH_TRANSFORMATION(#4307) 
SHAPE_REPRESENTATION_RELATIONSHIP() );
#4307 = ITEM_DEFINED_TRANSFORMATION('','',#11,#3138);
#4308 = PRODUCT_DEFINITION_SHAPE('Placement','Placement of an item',
  #4309);
#4309 = NEXT_ASSEMBLY_USAGE_OCCURRENCE('14','NAUO5','',#3116,#3437,$);
#4310 = CONTEXT_DEPENDENT_SHAPE_REPRESENTATION(#4311,#4313);
#4311 = ( REPRESENTATION_RELATIONSHIP('','',#3121,#3104) 
REPRESENTATION_RELATIONSHIP_WITH_TRANSFORMATION(#4312) 
SHAPE_REPRESENTATION_RELATIONSHIP() );
#4312 = ITEM_DEFINED_TRANSFORMATION('','',#11,#3105);
#4313 = PRODUCT_DEFINITION_SHAPE('Placement','Placement of an item',
  #4314);
#4314 = NEXT_ASSEMBLY_USAGE_OCCURRENCE('15','','',#3099,#3116,$);
#4315 = PRODUCT_RELATED_PRODUCT_CATEGORY('part',$,(#3118));
#4316 = CONTEXT_DEPENDENT_SHAPE_REPRESENTATION(#4317,#4319);
#4317 = ( REPRESENTATION_RELATIONSHIP('','',#3104,#10) 
REPRESENTATION_RELATIONSHIP_WITH_TRANSFORMATION(#4318) 
SHAPE_REPRESENTATION_RELATIONSHIP() );
#4318 = ITEM_DEFINED_TRANSFORMATION('','',#11,#23);
#4319 = PRODUCT_DEFINITION_SHAPE('Placement','Placement of an item',
  #4320);
#4320 = NEXT_ASSEMBLY_USAGE_OCCURRENCE('16','','',#5,#3099,$);
#4321 = PRODUCT_RELATED_PRODUCT_CATEGORY('part',$,(#3101));
#4322 = SHAPE_DEFINITION_REPRESENTATION(#4323,#4329);
#4323 = PRODUCT_DEFINITION_SHAPE('','',#4324);
#4324 = PRODUCT_DEFINITION('design','',#4325,#4328);
#4325 = PRODUCT_DEFINITION_FORMATION('','',#4326);
#4326 = PRODUCT('Q3','Q3','',(#4327));
#4327 = PRODUCT_CONTEXT('',#2,'mechanical');
#4328 = PRODUCT_DEFINITION_CONTEXT('part definition',#2,'design');
#4329 = SHAPE_REPRESENTATION('',(#11,#4330),#4334);
#4330 = AXIS2_PLACEMENT_3D('',#4331,#4332,#4333);
#4331 = CARTESIAN_POINT('',(7.278663733784,9.100922836738,9.652000427246
    ));
#4332 = DIRECTION('',(-8.742277657348E-08,1.,-4.371138828674E-08));
#4333 = DIRECTION('',(-1.,-8.742277657348E-08,0.));
#4334 = ( GEOMETRIC_REPRESENTATION_CONTEXT(3) 
GLOBAL_UNCERTAINTY_ASSIGNED_CONTEXT((#4338)) 
GLOBAL_UNIT_ASSIGNED_CONTEXT((#4335,#4336,#4337)) REPRESENTATION_CONTEXT
('Context #1','3D Context with UNIT and UNCERTAINTY') );
#4335 = ( LENGTH_UNIT() NAMED_UNIT(*) SI_UNIT(.MILLI.,.METRE.) );
#4336 = ( NAMED_UNIT(*) PLANE_ANGLE_UNIT() SI_UNIT($,.RADIAN.) );
#4337 = ( NAMED_UNIT(*) SI_UNIT($,.STERADIAN.) SOLID_ANGLE_UNIT() );
#4338 = UNCERTAINTY_MEASURE_WITH_UNIT(LENGTH_MEASURE(1.E-07),#4335,
  'distance_accuracy_value','confusion accuracy');
#4339 = CONTEXT_DEPENDENT_SHAPE_REPRESENTATION(#4340,#4342);
#4340 = ( REPRESENTATION_RELATIONSHIP('','',#3121,#4329) 
REPRESENTATION_RELATIONSHIP_WITH_TRANSFORMATION(#4341) 
SHAPE_REPRESENTATION_RELATIONSHIP() );
#4341 = ITEM_DEFINED_TRANSFORMATION('','',#11,#4330);
#4342 = PRODUCT_DEFINITION_SHAPE('Placement','Placement of an item',
  #4343);
#4343 = NEXT_ASSEMBLY_USAGE_OCCURRENCE('17','','',#4324,#3116,$);
#4344 = CONTEXT_DEPENDENT_SHAPE_REPRESENTATION(#4345,#4347);
#4345 = ( REPRESENTATION_RELATIONSHIP('','',#4329,#10) 
REPRESENTATION_RELATIONSHIP_WITH_TRANSFORMATION(#4346) 
SHAPE_REPRESENTATION_RELATIONSHIP() );
#4346 = ITEM_DEFINED_TRANSFORMATION('','',#11,#27);
#4347 = PRODUCT_DEFINITION_SHAPE('Placement','Placement of an item',
  #4348);
#4348 = NEXT_ASSEMBLY_USAGE_OCCURRENCE('18','','',#5,#4324,$);
#4349 = PRODUCT_RELATED_PRODUCT_CATEGORY('part',$,(#4326));
#4350 = SHAPE_DEFINITION_REPRESENTATION(#4351,#4357);
#4351 = PRODUCT_DEFINITION_SHAPE('','',#4352);
#4352 = PRODUCT_DEFINITION('design','',#4353,#4356);
#4353 = PRODUCT_DEFINITION_FORMATION('','',#4354);
#4354 = PRODUCT('Q2','Q2','',(#4355));
#4355 = PRODUCT_CONTEXT('',#2,'mechanical');
#4356 = PRODUCT_DEFINITION_CONTEXT('part definition',#2,'design');
#4357 = SHAPE_REPRESENTATION('',(#11,#4358),#4362);
#4358 = AXIS2_PLACEMENT_3D('',#4359,#4360,#4361);
#4359 = CARTESIAN_POINT('',(49.721334555928,22.126870407539,
    9.652000427246));
#4360 = DIRECTION('',(1.748455531469E-07,-1.,-4.371138828674E-08));
#4361 = DIRECTION('',(1.,1.748455531469E-07,0.));
#4362 = ( GEOMETRIC_REPRESENTATION_CONTEXT(3) 
GLOBAL_UNCERTAINTY_ASSIGNED_CONTEXT((#4366)) 
GLOBAL_UNIT_ASSIGNED_CONTEXT((#4363,#4364,#4365)) REPRESENTATION_CONTEXT
('Context #1','3D Context with UNIT and UNCERTAINTY') );
#4363 = ( LENGTH_UNIT() NAMED_UNIT(*) SI_UNIT(.MILLI.,.METRE.) );
#4364 = ( NAMED_UNIT(*) PLANE_ANGLE_UNIT() SI_UNIT($,.RADIAN.) );
#4365 = ( NAMED_UNIT(*) SI_UNIT($,.STERADIAN.) SOLID_ANGLE_UNIT() );
#4366 = UNCERTAINTY_MEASURE_WITH_UNIT(LENGTH_MEASURE(1.E-07),#4363,
  'distance_accuracy_value','confusion accuracy');
#4367 = CONTEXT_DEPENDENT_SHAPE_REPRESENTATION(#4368,#4370);
#4368 = ( REPRESENTATION_RELATIONSHIP('','',#3121,#4357) 
REPRESENTATION_RELATIONSHIP_WITH_TRANSFORMATION(#4369) 
SHAPE_REPRESENTATION_RELATIONSHIP() );
#4369 = ITEM_DEFINED_TRANSFORMATION('','',#11,#4358);
#4370 = PRODUCT_DEFINITION_SHAPE('Placement','Placement of an item',
  #4371);
#4371 = NEXT_ASSEMBLY_USAGE_OCCURRENCE('19','','',#4352,#3116,$);
#4372 = CONTEXT_DEPENDENT_SHAPE_REPRESENTATION(#4373,#4375);
#4373 = ( REPRESENTATION_RELATIONSHIP('','',#4357,#10) 
REPRESENTATION_RELATIONSHIP_WITH_TRANSFORMATION(#4374) 
SHAPE_REPRESENTATION_RELATIONSHIP() );
#4374 = ITEM_DEFINED_TRANSFORMATION('','',#11,#31);
#4375 = PRODUCT_DEFINITION_SHAPE('Placement','Placement of an item',
  #4376);
#4376 = NEXT_ASSEMBLY_USAGE_OCCURRENCE('20','','',#5,#4352,$);
#4377 = PRODUCT_RELATED_PRODUCT_CATEGORY('part',$,(#4354));
#4378 = SHAPE_DEFINITION_REPRESENTATION(#4379,#4385);
#4379 = PRODUCT_DEFINITION_SHAPE('','',#4380);
#4380 = PRODUCT_DEFINITION('design','',#4381,#4384);
#4381 = PRODUCT_DEFINITION_FORMATION('','',#4382);
#4382 = PRODUCT('Q1','Q1','',(#4383));
#4383 = PRODUCT_CONTEXT('',#2,'mechanical');
#4384 = PRODUCT_DEFINITION_CONTEXT('part definition',#2,'design');
#4385 = SHAPE_REPRESENTATION('',(#11,#4386),#4390);
#4386 = AXIS2_PLACEMENT_3D('',#4387,#4388,#4389);
#4387 = CARTESIAN_POINT('',(49.721334555928,9.049878372627,
    9.652000427246));
#4388 = DIRECTION('',(1.748455531469E-07,-1.,-4.371138828674E-08));
#4389 = DIRECTION('',(1.,1.748455531469E-07,0.));
#4390 = ( GEOMETRIC_REPRESENTATION_CONTEXT(3) 
GLOBAL_UNCERTAINTY_ASSIGNED_CONTEXT((#4394)) 
GLOBAL_UNIT_ASSIGNED_CONTEXT((#4391,#4392,#4393)) REPRESENTATION_CONTEXT
('Context #1','3D Context with UNIT and UNCERTAINTY') );
#4391 = ( LENGTH_UNIT() NAMED_UNIT(*) SI_UNIT(.MILLI.,.METRE.) );
#4392 = ( NAMED_UNIT(*) PLANE_ANGLE_UNIT() SI_UNIT($,.RADIAN.) );
#4393 = ( NAMED_UNIT(*) SI_UNIT($,.STERADIAN.) SOLID_ANGLE_UNIT() );
#4394 = UNCERTAINTY_MEASURE_WITH_UNIT(LENGTH_MEASURE(1.E-07),#4391,
  'distance_accuracy_value','confusion accuracy');
#4395 = CONTEXT_DEPENDENT_SHAPE_REPRESENTATION(#4396,#4398);
#4396 = ( REPRESENTATION_RELATIONSHIP('','',#3121,#4385) 
REPRESENTATION_RELATIONSHIP_WITH_TRANSFORMATION(#4397) 
SHAPE_REPRESENTATION_RELATIONSHIP() );
#4397 = ITEM_DEFINED_TRANSFORMATION('','',#11,#4386);
#4398 = PRODUCT_DEFINITION_SHAPE('Placement','Placement of an item',
  #4399);
#4399 = NEXT_ASSEMBLY_USAGE_OCCURRENCE('21','','',#4380,#3116,$);
#4400 = CONTEXT_DEPENDENT_SHAPE_REPRESENTATION(#4401,#4403);
#4401 = ( REPRESENTATION_RELATIONSHIP('','',#4385,#10) 
REPRESENTATION_RELATIONSHIP_WITH_TRANSFORMATION(#4402) 
SHAPE_REPRESENTATION_RELATIONSHIP() );
#4402 = ITEM_DEFINED_TRANSFORMATION('','',#11,#35);
#4403 = PRODUCT_DEFINITION_SHAPE('Placement','Placement of an item',
  #4404);
#4404 = NEXT_ASSEMBLY_USAGE_OCCURRENCE('22','','',#5,#4380,$);
#4405 = PRODUCT_RELATED_PRODUCT_CATEGORY('part',$,(#4382));
#4406 = SHAPE_DEFINITION_REPRESENTATION(#4407,#4413);
#4407 = PRODUCT_DEFINITION_SHAPE('','',#4408);
#4408 = PRODUCT_DEFINITION('design','',#4409,#4412);
#4409 = PRODUCT_DEFINITION_FORMATION('','',#4410);
#4410 = PRODUCT('LEDV','LEDV','',(#4411));
#4411 = PRODUCT_CONTEXT('',#2,'mechanical');
#4412 = PRODUCT_DEFINITION_CONTEXT('part definition',#2,'design');
#4413 = SHAPE_REPRESENTATION('',(#11,#4414),#4418);
#4414 = AXIS2_PLACEMENT_3D('',#4415,#4416,#4417);
#4415 = CARTESIAN_POINT('',(33.528001883809,21.622998489814,
    -0.411480009556));
#4416 = DIRECTION('',(-8.742277657348E-08,-1.,-4.371138828674E-08));
#4417 = DIRECTION('',(-1.,8.742277657348E-08,7.642741860659E-15));
#4418 = ( GEOMETRIC_REPRESENTATION_CONTEXT(3) 
GLOBAL_UNCERTAINTY_ASSIGNED_CONTEXT((#4422)) 
GLOBAL_UNIT_ASSIGNED_CONTEXT((#4419,#4420,#4421)) REPRESENTATION_CONTEXT
('Context #1','3D Context with UNIT and UNCERTAINTY') );
#4419 = ( LENGTH_UNIT() NAMED_UNIT(*) SI_UNIT(.MILLI.,.METRE.) );
#4420 = ( NAMED_UNIT(*) PLANE_ANGLE_UNIT() SI_UNIT($,.RADIAN.) );
#4421 = ( NAMED_UNIT(*) SI_UNIT($,.STERADIAN.) SOLID_ANGLE_UNIT() );
#4422 = UNCERTAINTY_MEASURE_WITH_UNIT(LENGTH_MEASURE(5.E-05),#4419,
  'distance_accuracy_value','confusion accuracy');
#4423 = SHAPE_DEFINITION_REPRESENTATION(#4424,#4430);
#4424 = PRODUCT_DEFINITION_SHAPE('','',#4425);
#4425 = PRODUCT_DEFINITION('design','',#4426,#4429);
#4426 = PRODUCT_DEFINITION_FORMATION('','',#4427);
#4427 = PRODUCT('6770374640','6770374640','',(#4428));
#4428 = PRODUCT_CONTEXT('',#2,'mechanical');
#4429 = PRODUCT_DEFINITION_CONTEXT('part definition',#2,'design');
#4430 = SHAPE_REPRESENTATION('',(#11,#4431),#4435);
#4431 = AXIS2_PLACEMENT_3D('',#4432,#4433,#4434);
#4432 = CARTESIAN_POINT('',(0.,1.,0.));
#4433 = DIRECTION('',(0.,0.,1.));
#4434 = DIRECTION('',(1.,0.,0.));
#4435 = ( GEOMETRIC_REPRESENTATION_CONTEXT(3) 
GLOBAL_UNCERTAINTY_ASSIGNED_CONTEXT((#4439)) 
GLOBAL_UNIT_ASSIGNED_CONTEXT((#4436,#4437,#4438)) REPRESENTATION_CONTEXT
('Context #1','3D Context with UNIT and UNCERTAINTY') );
#4436 = ( LENGTH_UNIT() NAMED_UNIT(*) SI_UNIT(.MILLI.,.METRE.) );
#4437 = ( NAMED_UNIT(*) PLANE_ANGLE_UNIT() SI_UNIT($,.RADIAN.) );
#4438 = ( NAMED_UNIT(*) SI_UNIT($,.STERADIAN.) SOLID_ANGLE_UNIT() );
#4439 = UNCERTAINTY_MEASURE_WITH_UNIT(LENGTH_MEASURE(5.E-05),#4436,
  'distance_accuracy_value','confusion accuracy');
#4440 = SHAPE_REPRESENTATION('',(#11,#4441,#4740,#5196,#5610,#6066),
  #6480);
#4441 = MANIFOLD_SOLID_BREP('',#4442);
#4442 = CLOSED_SHELL('',(#4443,#4487,#4528,#4570,#4603,#4628,#4653,#4695
    ,#4715,#4727));
#4443 = ADVANCED_FACE('',(#4444),#4482,.T.);
#4444 = FACE_BOUND('',#4445,.T.);
#4445 = EDGE_LOOP('',(#4446,#4457,#4466,#4475));
#4446 = ORIENTED_EDGE('',*,*,#4447,.F.);
#4447 = EDGE_CURVE('',#4448,#4450,#4452,.T.);
#4448 = VERTEX_POINT('',#4449);
#4449 = CARTESIAN_POINT('',(-1.530808498934E-16,8.6,0.));
#4450 = VERTEX_POINT('',#4451);
#4451 = CARTESIAN_POINT('',(-2.5,6.1,0.));
#4452 = CIRCLE('',#4453,2.5);
#4453 = AXIS2_PLACEMENT_3D('',#4454,#4455,#4456);
#4454 = CARTESIAN_POINT('',(0.,6.1,0.));
#4455 = DIRECTION('',(-0.,0.,1.));
#4456 = DIRECTION('',(1.,0.,0.));
#4457 = ORIENTED_EDGE('',*,*,#4458,.T.);
#4458 = EDGE_CURVE('',#4448,#4459,#4461,.T.);
#4459 = VERTEX_POINT('',#4460);
#4460 = CARTESIAN_POINT('',(2.5,6.1,-3.061616997868E-16));
#4461 = CIRCLE('',#4462,2.5);
#4462 = AXIS2_PLACEMENT_3D('',#4463,#4464,#4465);
#4463 = CARTESIAN_POINT('',(0.,6.1,0.));
#4464 = DIRECTION('',(-1.224646799147E-16,0.,-1.));
#4465 = DIRECTION('',(-1.,0.,1.224646799147E-16));
#4466 = ORIENTED_EDGE('',*,*,#4467,.F.);
#4467 = EDGE_CURVE('',#4468,#4459,#4470,.T.);
#4468 = VERTEX_POINT('',#4469);
#4469 = CARTESIAN_POINT('',(0.,6.1,-2.5));
#4470 = CIRCLE('',#4471,2.5);
#4471 = AXIS2_PLACEMENT_3D('',#4472,#4473,#4474);
#4472 = CARTESIAN_POINT('',(0.,6.1,0.));
#4473 = DIRECTION('',(0.,-1.,-0.));
#4474 = DIRECTION('',(0.,0.,-1.));
#4475 = ORIENTED_EDGE('',*,*,#4476,.F.);
#4476 = EDGE_CURVE('',#4450,#4468,#4477,.T.);
#4477 = CIRCLE('',#4478,2.5);
#4478 = AXIS2_PLACEMENT_3D('',#4479,#4480,#4481);
#4479 = CARTESIAN_POINT('',(0.,6.1,0.));
#4480 = DIRECTION('',(0.,-1.,-0.));
#4481 = DIRECTION('',(0.,0.,-1.));
#4482 = SPHERICAL_SURFACE('',#4483,2.5);
#4483 = AXIS2_PLACEMENT_3D('',#4484,#4485,#4486);
#4484 = CARTESIAN_POINT('',(0.,6.1,0.));
#4485 = DIRECTION('',(-0.,-0.,-1.));
#4486 = DIRECTION('',(-1.,0.,0.));
#4487 = ADVANCED_FACE('',(#4488),#4523,.T.);
#4488 = FACE_BOUND('',#4489,.T.);
#4489 = EDGE_LOOP('',(#4490,#4491,#4500,#4508,#4517));
#4490 = ORIENTED_EDGE('',*,*,#4467,.T.);
#4491 = ORIENTED_EDGE('',*,*,#4492,.T.);
#4492 = EDGE_CURVE('',#4459,#4493,#4495,.T.);
#4493 = VERTEX_POINT('',#4494);
#4494 = CARTESIAN_POINT('',(3.061616997868E-16,6.1,2.5));
#4495 = CIRCLE('',#4496,2.5);
#4496 = AXIS2_PLACEMENT_3D('',#4497,#4498,#4499);
#4497 = CARTESIAN_POINT('',(0.,6.1,0.));
#4498 = DIRECTION('',(0.,-1.,-0.));
#4499 = DIRECTION('',(0.,0.,-1.));
#4500 = ORIENTED_EDGE('',*,*,#4501,.T.);
#4501 = EDGE_CURVE('',#4493,#4502,#4504,.T.);
#4502 = VERTEX_POINT('',#4503);
#4503 = CARTESIAN_POINT('',(3.061616997868E-16,1.,2.5));
#4504 = LINE('',#4505,#4506);
#4505 = CARTESIAN_POINT('',(3.061616997868E-16,0.,2.5));
#4506 = VECTOR('',#4507,1.);
#4507 = DIRECTION('',(-0.,-1.,-0.));
#4508 = ORIENTED_EDGE('',*,*,#4509,.F.);
#4509 = EDGE_CURVE('',#4510,#4502,#4512,.T.);
#4510 = VERTEX_POINT('',#4511);
#4511 = CARTESIAN_POINT('',(0.,1.,-2.5));
#4512 = CIRCLE('',#4513,2.5);
#4513 = AXIS2_PLACEMENT_3D('',#4514,#4515,#4516);
#4514 = CARTESIAN_POINT('',(0.,1.,0.));
#4515 = DIRECTION('',(0.,-1.,-0.));
#4516 = DIRECTION('',(0.,0.,-1.));
#4517 = ORIENTED_EDGE('',*,*,#4518,.F.);
#4518 = EDGE_CURVE('',#4468,#4510,#4519,.T.);
#4519 = LINE('',#4520,#4521);
#4520 = CARTESIAN_POINT('',(0.,0.,-2.5));
#4521 = VECTOR('',#4522,1.);
#4522 = DIRECTION('',(-0.,-1.,-0.));
#4523 = CYLINDRICAL_SURFACE('',#4524,2.5);
#4524 = AXIS2_PLACEMENT_3D('',#4525,#4526,#4527);
#4525 = CARTESIAN_POINT('',(0.,0.,0.));
#4526 = DIRECTION('',(-0.,-1.,-0.));
#4527 = DIRECTION('',(0.,0.,-1.));
#4528 = ADVANCED_FACE('',(#4529),#4565,.T.);
#4529 = FACE_BOUND('',#4530,.T.);
#4530 = EDGE_LOOP('',(#4531,#4542,#4550,#4559));
#4531 = ORIENTED_EDGE('',*,*,#4532,.T.);
#4532 = EDGE_CURVE('',#4533,#4535,#4537,.T.);
#4533 = VERTEX_POINT('',#4534);
#4534 = CARTESIAN_POINT('',(0.,1.,-2.95));
#4535 = VERTEX_POINT('',#4536);
#4536 = CARTESIAN_POINT('',(3.612708057485E-16,1.,2.95));
#4537 = CIRCLE('',#4538,2.95);
#4538 = AXIS2_PLACEMENT_3D('',#4539,#4540,#4541);
#4539 = CARTESIAN_POINT('',(0.,1.,0.));
#4540 = DIRECTION('',(0.,-1.,-0.));
#4541 = DIRECTION('',(0.,0.,-1.));
#4542 = ORIENTED_EDGE('',*,*,#4543,.T.);
#4543 = EDGE_CURVE('',#4535,#4544,#4546,.T.);
#4544 = VERTEX_POINT('',#4545);
#4545 = CARTESIAN_POINT('',(3.612708057485E-16,-3.612708057485E-16,2.95)
  );
#4546 = LINE('',#4547,#4548);
#4547 = CARTESIAN_POINT('',(3.612708057485E-16,0.,2.95));
#4548 = VECTOR('',#4549,1.);
#4549 = DIRECTION('',(-0.,-1.,-0.));
#4550 = ORIENTED_EDGE('',*,*,#4551,.F.);
#4551 = EDGE_CURVE('',#4552,#4544,#4554,.T.);
#4552 = VERTEX_POINT('',#4553);
#4553 = CARTESIAN_POINT('',(0.,-3.612708057485E-16,-2.95));
#4554 = CIRCLE('',#4555,2.95);
#4555 = AXIS2_PLACEMENT_3D('',#4556,#4557,#4558);
#4556 = CARTESIAN_POINT('',(0.,-3.612708057485E-16,0.));
#4557 = DIRECTION('',(0.,-1.,-0.));
#4558 = DIRECTION('',(0.,0.,-1.));
#4559 = ORIENTED_EDGE('',*,*,#4560,.F.);
#4560 = EDGE_CURVE('',#4533,#4552,#4561,.T.);
#4561 = LINE('',#4562,#4563);
#4562 = CARTESIAN_POINT('',(0.,0.,-2.95));
#4563 = VECTOR('',#4564,1.);
#4564 = DIRECTION('',(-0.,-1.,-0.));
#4565 = CYLINDRICAL_SURFACE('',#4566,2.95);
#4566 = AXIS2_PLACEMENT_3D('',#4567,#4568,#4569);
#4567 = CARTESIAN_POINT('',(0.,0.,0.));
#4568 = DIRECTION('',(-0.,-1.,-0.));
#4569 = DIRECTION('',(0.,0.,-1.));
#4570 = ADVANCED_FACE('',(#4571),#4598,.T.);
#4571 = FACE_BOUND('',#4572,.T.);
#4572 = EDGE_LOOP('',(#4573,#4582,#4583,#4592));
#4573 = ORIENTED_EDGE('',*,*,#4574,.T.);
#4574 = EDGE_CURVE('',#4575,#4533,#4577,.T.);
#4575 = VERTEX_POINT('',#4576);
#4576 = CARTESIAN_POINT('',(-2.5,1.,-1.566045976337));
#4577 = CIRCLE('',#4578,2.95);
#4578 = AXIS2_PLACEMENT_3D('',#4579,#4580,#4581);
#4579 = CARTESIAN_POINT('',(0.,1.,0.));
#4580 = DIRECTION('',(0.,-1.,-0.));
#4581 = DIRECTION('',(0.,0.,-1.));
#4582 = ORIENTED_EDGE('',*,*,#4560,.T.);
#4583 = ORIENTED_EDGE('',*,*,#4584,.F.);
#4584 = EDGE_CURVE('',#4585,#4552,#4587,.T.);
#4585 = VERTEX_POINT('',#4586);
#4586 = CARTESIAN_POINT('',(-2.5,-3.612727868938E-16,-1.566045976337));
#4587 = CIRCLE('',#4588,2.95);
#4588 = AXIS2_PLACEMENT_3D('',#4589,#4590,#4591);
#4589 = CARTESIAN_POINT('',(0.,-3.612708057485E-16,0.));
#4590 = DIRECTION('',(0.,-1.,-0.));
#4591 = DIRECTION('',(0.,0.,-1.));
#4592 = ORIENTED_EDGE('',*,*,#4593,.F.);
#4593 = EDGE_CURVE('',#4575,#4585,#4594,.T.);
#4594 = LINE('',#4595,#4596);
#4595 = CARTESIAN_POINT('',(-2.5,0.,-1.566045976337));
#4596 = VECTOR('',#4597,1.);
#4597 = DIRECTION('',(-0.,-1.,-0.));
#4598 = CYLINDRICAL_SURFACE('',#4599,2.95);
#4599 = AXIS2_PLACEMENT_3D('',#4600,#4601,#4602);
#4600 = CARTESIAN_POINT('',(0.,0.,0.));
#4601 = DIRECTION('',(-0.,-1.,-0.));
#4602 = DIRECTION('',(0.,0.,-1.));
#4603 = ADVANCED_FACE('',(#4604),#4623,.F.);
#4604 = FACE_BOUND('',#4605,.T.);
#4605 = EDGE_LOOP('',(#4606,#4614,#4615,#4616));
#4606 = ORIENTED_EDGE('',*,*,#4607,.F.);
#4607 = EDGE_CURVE('',#4585,#4608,#4610,.T.);
#4608 = VERTEX_POINT('',#4609);
#4609 = CARTESIAN_POINT('',(-2.5,-3.612708057485E-16,1.566045976337));
#4610 = LINE('',#4611,#4612);
#4611 = CARTESIAN_POINT('',(-2.5,-1.806354028742E-16,0.));
#4612 = VECTOR('',#4613,1.);
#4613 = DIRECTION('',(0.,0.,1.));
#4614 = ORIENTED_EDGE('',*,*,#4584,.T.);
#4615 = ORIENTED_EDGE('',*,*,#4551,.T.);
#4616 = ORIENTED_EDGE('',*,*,#4617,.T.);
#4617 = EDGE_CURVE('',#4544,#4608,#4618,.T.);
#4618 = CIRCLE('',#4619,2.95);
#4619 = AXIS2_PLACEMENT_3D('',#4620,#4621,#4622);
#4620 = CARTESIAN_POINT('',(0.,-3.612708057485E-16,0.));
#4621 = DIRECTION('',(0.,-1.,-0.));
#4622 = DIRECTION('',(0.,0.,-1.));
#4623 = PLANE('',#4624);
#4624 = AXIS2_PLACEMENT_3D('',#4625,#4626,#4627);
#4625 = CARTESIAN_POINT('',(0.,-1.806354028742E-16,0.));
#4626 = DIRECTION('',(0.,1.,0.));
#4627 = DIRECTION('',(0.,-0.,1.));
#4628 = ADVANCED_FACE('',(#4629),#4648,.T.);
#4629 = FACE_BOUND('',#4630,.T.);
#4630 = EDGE_LOOP('',(#4631,#4632,#4641,#4647));
#4631 = ORIENTED_EDGE('',*,*,#4543,.F.);
#4632 = ORIENTED_EDGE('',*,*,#4633,.T.);
#4633 = EDGE_CURVE('',#4535,#4634,#4636,.T.);
#4634 = VERTEX_POINT('',#4635);
#4635 = CARTESIAN_POINT('',(-2.5,1.,1.566045976337));
#4636 = CIRCLE('',#4637,2.95);
#4637 = AXIS2_PLACEMENT_3D('',#4638,#4639,#4640);
#4638 = CARTESIAN_POINT('',(0.,1.,0.));
#4639 = DIRECTION('',(0.,-1.,-0.));
#4640 = DIRECTION('',(0.,0.,-1.));
#4641 = ORIENTED_EDGE('',*,*,#4642,.F.);
#4642 = EDGE_CURVE('',#4608,#4634,#4643,.T.);
#4643 = LINE('',#4644,#4645);
#4644 = CARTESIAN_POINT('',(-2.5,0.,1.566045976337));
#4645 = VECTOR('',#4646,1.);
#4646 = DIRECTION('',(0.,1.,0.));
#4647 = ORIENTED_EDGE('',*,*,#4617,.F.);
#4648 = CYLINDRICAL_SURFACE('',#4649,2.95);
#4649 = AXIS2_PLACEMENT_3D('',#4650,#4651,#4652);
#4650 = CARTESIAN_POINT('',(0.,0.,0.));
#4651 = DIRECTION('',(-0.,-1.,-0.));
#4652 = DIRECTION('',(0.,0.,-1.));
#4653 = ADVANCED_FACE('',(#4654,#4673),#4690,.F.);
#4654 = FACE_BOUND('',#4655,.F.);
#4655 = EDGE_LOOP('',(#4656,#4665,#4666));
#4656 = ORIENTED_EDGE('',*,*,#4657,.F.);
#4657 = EDGE_CURVE('',#4502,#4658,#4660,.T.);
#4658 = VERTEX_POINT('',#4659);
#4659 = CARTESIAN_POINT('',(-2.5,1.,0.));
#4660 = CIRCLE('',#4661,2.5);
#4661 = AXIS2_PLACEMENT_3D('',#4662,#4663,#4664);
#4662 = CARTESIAN_POINT('',(0.,1.,0.));
#4663 = DIRECTION('',(0.,-1.,-0.));
#4664 = DIRECTION('',(0.,0.,-1.));
#4665 = ORIENTED_EDGE('',*,*,#4509,.F.);
#4666 = ORIENTED_EDGE('',*,*,#4667,.F.);
#4667 = EDGE_CURVE('',#4658,#4510,#4668,.T.);
#4668 = CIRCLE('',#4669,2.5);
#4669 = AXIS2_PLACEMENT_3D('',#4670,#4671,#4672);
#4670 = CARTESIAN_POINT('',(0.,1.,0.));
#4671 = DIRECTION('',(0.,-1.,-0.));
#4672 = DIRECTION('',(0.,0.,-1.));
#4673 = FACE_BOUND('',#4674,.F.);
#4674 = EDGE_LOOP('',(#4675,#4681,#4682,#4683,#4684));
#4675 = ORIENTED_EDGE('',*,*,#4676,.T.);
#4676 = EDGE_CURVE('',#4658,#4575,#4677,.T.);
#4677 = LINE('',#4678,#4679);
#4678 = CARTESIAN_POINT('',(-2.5,1.,0.));
#4679 = VECTOR('',#4680,1.);
#4680 = DIRECTION('',(0.,0.,-1.));
#4681 = ORIENTED_EDGE('',*,*,#4574,.T.);
#4682 = ORIENTED_EDGE('',*,*,#4532,.T.);
#4683 = ORIENTED_EDGE('',*,*,#4633,.T.);
#4684 = ORIENTED_EDGE('',*,*,#4685,.T.);
#4685 = EDGE_CURVE('',#4634,#4658,#4686,.T.);
#4686 = LINE('',#4687,#4688);
#4687 = CARTESIAN_POINT('',(-2.5,1.,0.));
#4688 = VECTOR('',#4689,1.);
#4689 = DIRECTION('',(0.,0.,-1.));
#4690 = PLANE('',#4691);
#4691 = AXIS2_PLACEMENT_3D('',#4692,#4693,#4694);
#4692 = CARTESIAN_POINT('',(-2.95,1.,0.));
#4693 = DIRECTION('',(0.,-1.,-0.));
#4694 = DIRECTION('',(0.,0.,-1.));
#4695 = ADVANCED_FACE('',(#4696),#4710,.T.);
#4696 = FACE_BOUND('',#4697,.T.);
#4697 = EDGE_LOOP('',(#4698,#4699,#4706,#4707,#4708,#4709));
#4698 = ORIENTED_EDGE('',*,*,#4501,.F.);
#4699 = ORIENTED_EDGE('',*,*,#4700,.T.);
#4700 = EDGE_CURVE('',#4493,#4450,#4701,.T.);
#4701 = CIRCLE('',#4702,2.5);
#4702 = AXIS2_PLACEMENT_3D('',#4703,#4704,#4705);
#4703 = CARTESIAN_POINT('',(0.,6.1,0.));
#4704 = DIRECTION('',(0.,-1.,-0.));
#4705 = DIRECTION('',(0.,0.,-1.));
#4706 = ORIENTED_EDGE('',*,*,#4476,.T.);
#4707 = ORIENTED_EDGE('',*,*,#4518,.T.);
#4708 = ORIENTED_EDGE('',*,*,#4667,.F.);
#4709 = ORIENTED_EDGE('',*,*,#4657,.F.);
#4710 = CYLINDRICAL_SURFACE('',#4711,2.5);
#4711 = AXIS2_PLACEMENT_3D('',#4712,#4713,#4714);
#4712 = CARTESIAN_POINT('',(0.,0.,0.));
#4713 = DIRECTION('',(-0.,-1.,-0.));
#4714 = DIRECTION('',(0.,0.,-1.));
#4715 = ADVANCED_FACE('',(#4716),#4722,.T.);
#4716 = FACE_BOUND('',#4717,.T.);
#4717 = EDGE_LOOP('',(#4718,#4719,#4720,#4721));
#4718 = ORIENTED_EDGE('',*,*,#4458,.F.);
#4719 = ORIENTED_EDGE('',*,*,#4447,.T.);
#4720 = ORIENTED_EDGE('',*,*,#4700,.F.);
#4721 = ORIENTED_EDGE('',*,*,#4492,.F.);
#4722 = SPHERICAL_SURFACE('',#4723,2.5);
#4723 = AXIS2_PLACEMENT_3D('',#4724,#4725,#4726);
#4724 = CARTESIAN_POINT('',(0.,6.1,0.));
#4725 = DIRECTION('',(-0.,-0.,-1.));
#4726 = DIRECTION('',(-1.,0.,0.));
#4727 = ADVANCED_FACE('',(#4728),#4735,.T.);
#4728 = FACE_BOUND('',#4729,.T.);
#4729 = EDGE_LOOP('',(#4730,#4731,#4732,#4733,#4734));
#4730 = ORIENTED_EDGE('',*,*,#4685,.T.);
#4731 = ORIENTED_EDGE('',*,*,#4676,.T.);
#4732 = ORIENTED_EDGE('',*,*,#4593,.T.);
#4733 = ORIENTED_EDGE('',*,*,#4607,.T.);
#4734 = ORIENTED_EDGE('',*,*,#4642,.T.);
#4735 = PLANE('',#4736);
#4736 = AXIS2_PLACEMENT_3D('',#4737,#4738,#4739);
#4737 = CARTESIAN_POINT('',(-2.5,8.6,3.));
#4738 = DIRECTION('',(-1.,0.,-0.));
#4739 = DIRECTION('',(0.,0.,1.));
#4740 = MANIFOLD_SOLID_BREP('',#4741);
#4741 = CLOSED_SHELL('',(#4742,#4784,#4845,#4886,#4927,#4945,#4996,#5033
    ,#5058,#5083,#5117,#5135,#5169));
#4742 = ADVANCED_FACE('',(#4743),#4779,.T.);
#4743 = FACE_BOUND('',#4744,.T.);
#4744 = EDGE_LOOP('',(#4745,#4756,#4764,#4773));
#4745 = ORIENTED_EDGE('',*,*,#4746,.T.);
#4746 = EDGE_CURVE('',#4747,#4749,#4751,.T.);
#4747 = VERTEX_POINT('',#4748);
#4748 = CARTESIAN_POINT('',(-1.27,-0.36528538,0.6));
#4749 = VERTEX_POINT('',#4750);
#4750 = CARTESIAN_POINT('',(-1.27,-0.36528538,-0.6));
#4751 = CIRCLE('',#4752,0.6);
#4752 = AXIS2_PLACEMENT_3D('',#4753,#4754,#4755);
#4753 = CARTESIAN_POINT('',(-1.27,-0.36528538,0.));
#4754 = DIRECTION('',(-0.,1.,0.));
#4755 = DIRECTION('',(0.,0.,-1.));
#4756 = ORIENTED_EDGE('',*,*,#4757,.T.);
#4757 = EDGE_CURVE('',#4749,#4758,#4760,.T.);
#4758 = VERTEX_POINT('',#4759);
#4759 = CARTESIAN_POINT('',(-1.27,0.,-0.6));
#4760 = LINE('',#4761,#4762);
#4761 = CARTESIAN_POINT('',(-1.27,-0.91528538,-0.6));
#4762 = VECTOR('',#4763,1.);
#4763 = DIRECTION('',(-0.,1.,-0.));
#4764 = ORIENTED_EDGE('',*,*,#4765,.T.);
#4765 = EDGE_CURVE('',#4758,#4766,#4768,.T.);
#4766 = VERTEX_POINT('',#4767);
#4767 = CARTESIAN_POINT('',(-1.27,0.,0.6));
#4768 = CIRCLE('',#4769,0.6);
#4769 = AXIS2_PLACEMENT_3D('',#4770,#4771,#4772);
#4770 = CARTESIAN_POINT('',(-1.27,0.,0.));
#4771 = DIRECTION('',(0.,-1.,0.));
#4772 = DIRECTION('',(0.,0.,-1.));
#4773 = ORIENTED_EDGE('',*,*,#4774,.F.);
#4774 = EDGE_CURVE('',#4747,#4766,#4775,.T.);
#4775 = LINE('',#4776,#4777);
#4776 = CARTESIAN_POINT('',(-1.27,-0.91528538,0.6));
#4777 = VECTOR('',#4778,1.);
#4778 = DIRECTION('',(-0.,1.,-0.));
#4779 = CYLINDRICAL_SURFACE('',#4780,0.6);
#4780 = AXIS2_PLACEMENT_3D('',#4781,#4782,#4783);
#4781 = CARTESIAN_POINT('',(-1.27,-0.91528538,0.));
#4782 = DIRECTION('',(-0.,1.,-0.));
#4783 = DIRECTION('',(0.,0.,1.));
#4784 = ADVANCED_FACE('',(#4785),#4833,.T.);
#4785 = FACE_BOUND('',#4786,.T.);
#4786 = EDGE_LOOP('',(#4787,#4788,#4797,#4806,#4817,#4826));
#4787 = ORIENTED_EDGE('',*,*,#4746,.F.);
#4788 = ORIENTED_EDGE('',*,*,#4789,.T.);
#4789 = EDGE_CURVE('',#4747,#4790,#4792,.T.);
#4790 = VERTEX_POINT('',#4791);
#4791 = CARTESIAN_POINT('',(-1.27,-0.83053322315,0.343333333333));
#4792 = CIRCLE('',#4793,0.55);
#4793 = AXIS2_PLACEMENT_3D('',#4794,#4795,#4796);
#4794 = CARTESIAN_POINT('',(-1.27,-0.36528538,5.E-02));
#4795 = DIRECTION('',(1.,0.,-1.224646799147E-16));
#4796 = DIRECTION('',(-1.224646799147E-16,-0.,-1.));
#4797 = ORIENTED_EDGE('',*,*,#4798,.T.);
#4798 = EDGE_CURVE('',#4790,#4799,#4801,.T.);
#4799 = VERTEX_POINT('',#4800);
#4800 = CARTESIAN_POINT('',(-0.930571909585,-0.708184087733,
    0.339428090416));
#4801 = B_SPLINE_CURVE_WITH_KNOTS('',3,(#4802,#4803,#4804,#4805),
  .UNSPECIFIED.,.F.,.F.,(4,4),(3.669106867986E-04,7.350412846847E-04),
  .PIECEWISE_BEZIER_KNOTS.);
#4802 = CARTESIAN_POINT('',(-1.27,-0.83053322315,0.343333333333));
#4803 = CARTESIAN_POINT('',(-1.145870192876,-0.83053322315,
    0.343333333333));
#4804 = CARTESIAN_POINT('',(-1.024215693663,-0.790055185495,
    0.340746950613));
#4805 = CARTESIAN_POINT('',(-0.930571909585,-0.708184087733,
    0.339428090416));
#4806 = ORIENTED_EDGE('',*,*,#4807,.T.);
#4807 = EDGE_CURVE('',#4799,#4808,#4810,.T.);
#4808 = VERTEX_POINT('',#4809);
#4809 = CARTESIAN_POINT('',(-0.930571909585,-0.708184087733,
    -0.339428090416));
#4810 = B_SPLINE_CURVE_WITH_KNOTS('',3,(#4811,#4812,#4813,#4814,#4815,
    #4816),.UNSPECIFIED.,.F.,.F.,(4,2,4),(8.924087115509E-16,
    3.675206423427E-04,7.350412846845E-04),.UNSPECIFIED.);
#4811 = CARTESIAN_POINT('',(-0.930571909585,-0.708184087733,
    0.339428090416));
#4812 = CARTESIAN_POINT('',(-0.929256010888,-0.789871343906,0.2459945835
    ));
#4813 = CARTESIAN_POINT('',(-0.926658041766,-0.83066781193,
    0.123284811925));
#4814 = CARTESIAN_POINT('',(-0.926675334621,-0.830397962527,
    -0.124518724522));
#4815 = CARTESIAN_POINT('',(-0.929255234607,-0.789919533283,
    -0.245939464712));
#4816 = CARTESIAN_POINT('',(-0.930571909585,-0.708184087733,
    -0.339428090416));
#4817 = ORIENTED_EDGE('',*,*,#4818,.T.);
#4818 = EDGE_CURVE('',#4808,#4819,#4821,.T.);
#4819 = VERTEX_POINT('',#4820);
#4820 = CARTESIAN_POINT('',(-1.27,-0.83053322315,-0.343333333333));
#4821 = B_SPLINE_CURVE_WITH_KNOTS('',3,(#4822,#4823,#4824,#4825),
  .UNSPECIFIED.,.F.,.F.,(4,4),(0.,3.669106867986E-04),
  .PIECEWISE_BEZIER_KNOTS.);
#4822 = CARTESIAN_POINT('',(-0.930571909585,-0.708184087733,
    -0.339428090416));
#4823 = CARTESIAN_POINT('',(-1.023850349603,-0.789735771671,
    -0.340741805181));
#4824 = CARTESIAN_POINT('',(-1.146281534201,-0.83053322315,
    -0.343333333333));
#4825 = CARTESIAN_POINT('',(-1.27,-0.83053322315,-0.343333333333));
#4826 = ORIENTED_EDGE('',*,*,#4827,.F.);
#4827 = EDGE_CURVE('',#4749,#4819,#4828,.T.);
#4828 = CIRCLE('',#4829,0.55);
#4829 = AXIS2_PLACEMENT_3D('',#4830,#4831,#4832);
#4830 = CARTESIAN_POINT('',(-1.27,-0.36528538,-5.E-02));
#4831 = DIRECTION('',(-1.,0.,-0.));
#4832 = DIRECTION('',(-0.,0.,1.));
#4833 = SURFACE_OF_REVOLUTION('',#4834,#4842);
#4834 = B_SPLINE_CURVE_WITH_KNOTS('',6,(#4835,#4836,#4837,#4838,#4839,
    #4840,#4841),.UNSPECIFIED.,.F.,.F.,(7,7),(0.,1.008260085193),
  .PIECEWISE_BEZIER_KNOTS.);
#4835 = CARTESIAN_POINT('',(-1.27,-0.36528538,-0.6));
#4836 = CARTESIAN_POINT('',(-1.27,-0.457709221143,-0.6));
#4837 = CARTESIAN_POINT('',(-1.27,-0.550132402892,-0.581362867522));
#4838 = CARTESIAN_POINT('',(-1.27,-0.637861660483,-0.544086465511));
#4839 = CARTESIAN_POINT('',(-1.27,-0.716182898862,-0.489756580519));
#4840 = CARTESIAN_POINT('',(-1.27,-0.781240508967,-0.421515137105));
#4841 = CARTESIAN_POINT('',(-1.27,-0.830533224013,-0.343333331965));
#4842 = AXIS1_PLACEMENT('',#4843,#4844);
#4843 = CARTESIAN_POINT('',(-1.27,-0.36528538,0.));
#4844 = DIRECTION('',(0.,-1.,0.));
#4845 = ADVANCED_FACE('',(#4846),#4881,.F.);
#4846 = FACE_BOUND('',#4847,.T.);
#4847 = EDGE_LOOP('',(#4848,#4859,#4867,#4875));
#4848 = ORIENTED_EDGE('',*,*,#4849,.T.);
#4849 = EDGE_CURVE('',#4850,#4852,#4854,.T.);
#4850 = VERTEX_POINT('',#4851);
#4851 = CARTESIAN_POINT('',(-1.02,-0.953909326765,0.25));
#4852 = VERTEX_POINT('',#4853);
#4853 = CARTESIAN_POINT('',(-1.52,-0.953909326765,0.25));
#4854 = B_SPLINE_CURVE_WITH_KNOTS('',3,(#4855,#4856,#4857,#4858),
  .UNSPECIFIED.,.F.,.F.,(4,4),(0.,5.149310952809E-04),
  .PIECEWISE_BEZIER_KNOTS.);
#4855 = CARTESIAN_POINT('',(-1.02,-0.953909326765,0.25));
#4856 = CARTESIAN_POINT('',(-1.180275992135,-1.015369879129,0.25));
#4857 = CARTESIAN_POINT('',(-1.359756974635,-1.015357237461,0.25));
#4858 = CARTESIAN_POINT('',(-1.52,-0.953909326765,0.25));
#4859 = ORIENTED_EDGE('',*,*,#4860,.F.);
#4860 = EDGE_CURVE('',#4861,#4852,#4863,.T.);
#4861 = VERTEX_POINT('',#4862);
#4862 = CARTESIAN_POINT('',(-1.52,-4.336808689942E-16,0.25));
#4863 = LINE('',#4864,#4865);
#4864 = CARTESIAN_POINT('',(-1.52,-3.,0.25));
#4865 = VECTOR('',#4866,1.);
#4866 = DIRECTION('',(0.,-1.,0.));
#4867 = ORIENTED_EDGE('',*,*,#4868,.F.);
#4868 = EDGE_CURVE('',#4869,#4861,#4871,.T.);
#4869 = VERTEX_POINT('',#4870);
#4870 = CARTESIAN_POINT('',(-1.02,0.,0.25));
#4871 = LINE('',#4872,#4873);
#4872 = CARTESIAN_POINT('',(-1.27,0.,0.25));
#4873 = VECTOR('',#4874,1.);
#4874 = DIRECTION('',(-1.,0.,-0.));
#4875 = ORIENTED_EDGE('',*,*,#4876,.F.);
#4876 = EDGE_CURVE('',#4850,#4869,#4877,.T.);
#4877 = LINE('',#4878,#4879);
#4878 = CARTESIAN_POINT('',(-1.02,-3.,0.25));
#4879 = VECTOR('',#4880,1.);
#4880 = DIRECTION('',(0.,1.,0.));
#4881 = PLANE('',#4882);
#4882 = AXIS2_PLACEMENT_3D('',#4883,#4884,#4885);
#4883 = CARTESIAN_POINT('',(-1.02,-3.,0.25));
#4884 = DIRECTION('',(0.,-0.,1.));
#4885 = DIRECTION('',(1.,0.,0.));
#4886 = ADVANCED_FACE('',(#4887,#4897),#4922,.F.);
#4887 = FACE_BOUND('',#4888,.T.);
#4888 = EDGE_LOOP('',(#4889,#4896));
#4889 = ORIENTED_EDGE('',*,*,#4890,.F.);
#4890 = EDGE_CURVE('',#4766,#4758,#4891,.T.);
#4891 = CIRCLE('',#4892,0.6);
#4892 = AXIS2_PLACEMENT_3D('',#4893,#4894,#4895);
#4893 = CARTESIAN_POINT('',(-1.27,0.,0.));
#4894 = DIRECTION('',(0.,-1.,0.));
#4895 = DIRECTION('',(0.,0.,-1.));
#4896 = ORIENTED_EDGE('',*,*,#4765,.F.);
#4897 = FACE_BOUND('',#4898,.T.);
#4898 = EDGE_LOOP('',(#4899,#4900,#4908,#4916));
#4899 = ORIENTED_EDGE('',*,*,#4868,.T.);
#4900 = ORIENTED_EDGE('',*,*,#4901,.F.);
#4901 = EDGE_CURVE('',#4902,#4861,#4904,.T.);
#4902 = VERTEX_POINT('',#4903);
#4903 = CARTESIAN_POINT('',(-1.52,0.,-0.25));
#4904 = LINE('',#4905,#4906);
#4905 = CARTESIAN_POINT('',(-1.52,-4.336808689942E-16,0.25));
#4906 = VECTOR('',#4907,1.);
#4907 = DIRECTION('',(0.,0.,1.));
#4908 = ORIENTED_EDGE('',*,*,#4909,.T.);
#4909 = EDGE_CURVE('',#4902,#4910,#4912,.T.);
#4910 = VERTEX_POINT('',#4911);
#4911 = CARTESIAN_POINT('',(-1.02,-4.336808689942E-16,-0.25));
#4912 = LINE('',#4913,#4914);
#4913 = CARTESIAN_POINT('',(-1.27,0.,-0.25));
#4914 = VECTOR('',#4915,1.);
#4915 = DIRECTION('',(1.,0.,0.));
#4916 = ORIENTED_EDGE('',*,*,#4917,.F.);
#4917 = EDGE_CURVE('',#4869,#4910,#4918,.T.);
#4918 = LINE('',#4919,#4920);
#4919 = CARTESIAN_POINT('',(-1.02,-4.336808689942E-16,-0.25));
#4920 = VECTOR('',#4921,1.);
#4921 = DIRECTION('',(0.,0.,-1.));
#4922 = PLANE('',#4923);
#4923 = AXIS2_PLACEMENT_3D('',#4924,#4925,#4926);
#4924 = CARTESIAN_POINT('',(-1.27,0.,0.));
#4925 = DIRECTION('',(0.,-1.,0.));
#4926 = DIRECTION('',(0.,-0.,-1.));
#4927 = ADVANCED_FACE('',(#4928),#4940,.T.);
#4928 = FACE_BOUND('',#4929,.T.);
#4929 = EDGE_LOOP('',(#4930,#4931,#4938,#4939));
#4930 = ORIENTED_EDGE('',*,*,#4757,.F.);
#4931 = ORIENTED_EDGE('',*,*,#4932,.T.);
#4932 = EDGE_CURVE('',#4749,#4747,#4933,.T.);
#4933 = CIRCLE('',#4934,0.6);
#4934 = AXIS2_PLACEMENT_3D('',#4935,#4936,#4937);
#4935 = CARTESIAN_POINT('',(-1.27,-0.36528538,0.));
#4936 = DIRECTION('',(-0.,1.,0.));
#4937 = DIRECTION('',(0.,0.,-1.));
#4938 = ORIENTED_EDGE('',*,*,#4774,.T.);
#4939 = ORIENTED_EDGE('',*,*,#4890,.T.);
#4940 = CYLINDRICAL_SURFACE('',#4941,0.6);
#4941 = AXIS2_PLACEMENT_3D('',#4942,#4943,#4944);
#4942 = CARTESIAN_POINT('',(-1.27,-0.91528538,0.));
#4943 = DIRECTION('',(-0.,1.,-0.));
#4944 = DIRECTION('',(0.,0.,1.));
#4945 = ADVANCED_FACE('',(#4946),#4977,.F.);
#4946 = FACE_BOUND('',#4947,.F.);
#4947 = EDGE_LOOP('',(#4948,#4959,#4966,#4967,#4976));
#4948 = ORIENTED_EDGE('',*,*,#4949,.F.);
#4949 = EDGE_CURVE('',#4950,#4852,#4952,.T.);
#4950 = VERTEX_POINT('',#4951);
#4951 = CARTESIAN_POINT('',(-1.609428090415,-0.708184087733,
    0.339428090416));
#4952 = B_SPLINE_CURVE_WITH_KNOTS('',3,(#4953,#4954,#4955,#4956,#4957,
    #4958),.UNSPECIFIED.,.F.,.F.,(4,2,4),(-2.566325591967E-06,
    1.382116633846E-04,2.789896523612E-04),.UNSPECIFIED.);
#4953 = CARTESIAN_POINT('',(-1.609428090415,-0.708184087733,
    0.339428090416));
#4954 = CARTESIAN_POINT('',(-1.588740892469,-0.744873716806,
    0.318740892466));
#4955 = CARTESIAN_POINT('',(-1.56808719709,-0.781725486939,0.29808719709
    ));
#4956 = CARTESIAN_POINT('',(-1.534076309238,-0.86170348181,
    0.264076309238));
#4957 = CARTESIAN_POINT('',(-1.52,-0.90613131984,0.25));
#4958 = CARTESIAN_POINT('',(-1.52,-0.953909326765,0.25));
#4959 = ORIENTED_EDGE('',*,*,#4960,.T.);
#4960 = EDGE_CURVE('',#4950,#4790,#4961,.T.);
#4961 = B_SPLINE_CURVE_WITH_KNOTS('',3,(#4962,#4963,#4964,#4965),
  .UNSPECIFIED.,.F.,.F.,(4,4),(0.,3.669106867986E-04),
  .PIECEWISE_BEZIER_KNOTS.);
#4962 = CARTESIAN_POINT('',(-1.609428090415,-0.708184087733,
    0.339428090416));
#4963 = CARTESIAN_POINT('',(-1.516149650397,-0.789735771671,
    0.340741805181));
#4964 = CARTESIAN_POINT('',(-1.393718465799,-0.83053322315,
    0.343333333333));
#4965 = CARTESIAN_POINT('',(-1.27,-0.83053322315,0.343333333333));
#4966 = ORIENTED_EDGE('',*,*,#4798,.T.);
#4967 = ORIENTED_EDGE('',*,*,#4968,.T.);
#4968 = EDGE_CURVE('',#4799,#4850,#4969,.T.);
#4969 = B_SPLINE_CURVE_WITH_KNOTS('',3,(#4970,#4971,#4972,#4973,#4974,
    #4975),.UNSPECIFIED.,.F.,.F.,(4,2,4),(-2.566325591965E-06,
    1.382116633846E-04,2.789896523612E-04),.UNSPECIFIED.);
#4970 = CARTESIAN_POINT('',(-0.930571909585,-0.708184087733,
    0.339428090416));
#4971 = CARTESIAN_POINT('',(-0.951259107534,-0.744873716806,
    0.318740892469));
#4972 = CARTESIAN_POINT('',(-0.97191280291,-0.781725486939,0.29808719709
    ));
#4973 = CARTESIAN_POINT('',(-1.005923690762,-0.86170348181,
    0.264076309238));
#4974 = CARTESIAN_POINT('',(-1.02,-0.90613131984,0.25));
#4975 = CARTESIAN_POINT('',(-1.02,-0.953909326765,0.25));
#4976 = ORIENTED_EDGE('',*,*,#4849,.T.);
#4977 = ( BOUNDED_SURFACE() B_SPLINE_SURFACE(3,2,(
    (#4978,#4979,#4980)
    ,(#4981,#4982,#4983)
    ,(#4984,#4985,#4986)
    ,(#4987,#4988,#4989)
    ,(#4990,#4991,#4992)
    ,(#4993,#4994,#4995
)),.UNSPECIFIED.,.F.,.F.,.F.) B_SPLINE_SURFACE_WITH_KNOTS((4,2,4),(3,3),
  (1.040290242745E-03,1.535147072079E-03,2.030003901413E-03),(0.,1.),
.UNSPECIFIED.) GEOMETRIC_REPRESENTATION_ITEM() RATIONAL_B_SPLINE_SURFACE
((
    (1.,0.881218111854,1.)
    ,(1.,0.879721282842,1.)
    ,(1.,0.875586404508,1.)
    ,(1.,0.875603695599,1.)
    ,(1.,0.879714376944,1.)
,(1.,0.881217888699,1.))) REPRESENTATION_ITEM('') SURFACE() );
#4978 = CARTESIAN_POINT('',(-1.612718706114,-0.705279813609,
    0.339381855736));
#4979 = CARTESIAN_POINT('',(-1.652499652031,-0.749308797281,0.25));
#4980 = CARTESIAN_POINT('',(-1.724424463609,-0.828914153103,0.25));
#4981 = CARTESIAN_POINT('',(-1.520997771493,-0.787000941821,
    0.340667528821));
#4982 = CARTESIAN_POINT('',(-1.548812920009,-0.841647053409,0.25));
#4983 = CARTESIAN_POINT('',(-1.600744718246,-0.940660827876,0.25));
#4984 = CARTESIAN_POINT('',(-1.396900720324,-0.830627582642,
    0.34333938767));
#4985 = CARTESIAN_POINT('',(-1.410615335025,-0.889482905277,0.25));
#4986 = CARTESIAN_POINT('',(-1.436326217414,-0.999842910997,0.25));
#4987 = CARTESIAN_POINT('',(-1.142258090116,-0.830438551419,
    0.343327258987));
#4988 = CARTESIAN_POINT('',(-1.128455360396,-0.889274352548,0.25));
#4989 = CARTESIAN_POINT('',(-1.102571252549,-0.999585177268,0.25));
#4990 = CARTESIAN_POINT('',(-1.019354025493,-0.787309113319,
    0.340672436988));
#4991 = CARTESIAN_POINT('',(-0.991576924084,-0.841988366663,0.25));
#4992 = CARTESIAN_POINT('',(-0.939710578855,-0.941065184885,0.25));
#4993 = CARTESIAN_POINT('',(-0.927292517234,-0.70528981302,
    0.339382013054));
#4994 = CARTESIAN_POINT('',(-0.887512985504,-0.749320051288,0.25));
#4995 = CARTESIAN_POINT('',(-0.815590628518,-0.828927788663,0.25));
#4996 = ADVANCED_FACE('',(#4997),#5021,.T.);
#4997 = FACE_BOUND('',#4998,.T.);
#4998 = EDGE_LOOP('',(#4999,#5000,#5001,#5002,#5011,#5020));
#4999 = ORIENTED_EDGE('',*,*,#4789,.F.);
#5000 = ORIENTED_EDGE('',*,*,#4932,.F.);
#5001 = ORIENTED_EDGE('',*,*,#4827,.T.);
#5002 = ORIENTED_EDGE('',*,*,#5003,.T.);
#5003 = EDGE_CURVE('',#4819,#5004,#5006,.T.);
#5004 = VERTEX_POINT('',#5005);
#5005 = CARTESIAN_POINT('',(-1.609428090416,-0.708184087733,
    -0.339428090415));
#5006 = B_SPLINE_CURVE_WITH_KNOTS('',3,(#5007,#5008,#5009,#5010),
  .UNSPECIFIED.,.F.,.F.,(4,4),(3.669106867986E-04,7.35041284685E-04),
  .PIECEWISE_BEZIER_KNOTS.);
#5007 = CARTESIAN_POINT('',(-1.27,-0.83053322315,-0.343333333333));
#5008 = CARTESIAN_POINT('',(-1.394129807124,-0.83053322315,
    -0.343333333333));
#5009 = CARTESIAN_POINT('',(-1.515784306337,-0.790055185496,
    -0.340746950613));
#5010 = CARTESIAN_POINT('',(-1.609428090416,-0.708184087733,
    -0.339428090415));
#5011 = ORIENTED_EDGE('',*,*,#5012,.T.);
#5012 = EDGE_CURVE('',#5004,#4950,#5013,.T.);
#5013 = B_SPLINE_CURVE_WITH_KNOTS('',3,(#5014,#5015,#5016,#5017,#5018,
    #5019),.UNSPECIFIED.,.F.,.F.,(4,2,4),(0.,3.675206423425E-04,
    7.35041284685E-04),.UNSPECIFIED.);
#5014 = CARTESIAN_POINT('',(-1.609428090416,-0.708184087733,
    -0.339428090415));
#5015 = CARTESIAN_POINT('',(-1.610743989112,-0.789871343906,
    -0.2459945835));
#5016 = CARTESIAN_POINT('',(-1.613341958234,-0.830667811929,
    -0.123284811926));
#5017 = CARTESIAN_POINT('',(-1.613324665379,-0.830397962527,
    0.124518724521));
#5018 = CARTESIAN_POINT('',(-1.610744765393,-0.789919533283,
    0.245939464712));
#5019 = CARTESIAN_POINT('',(-1.609428090415,-0.708184087733,
    0.339428090416));
#5020 = ORIENTED_EDGE('',*,*,#4960,.T.);
#5021 = SURFACE_OF_REVOLUTION('',#5022,#5030);
#5022 = B_SPLINE_CURVE_WITH_KNOTS('',6,(#5023,#5024,#5025,#5026,#5027,
    #5028,#5029),.UNSPECIFIED.,.F.,.F.,(7,7),(0.,1.008260085193),
  .PIECEWISE_BEZIER_KNOTS.);
#5023 = CARTESIAN_POINT('',(-1.27,-0.36528538,-0.6));
#5024 = CARTESIAN_POINT('',(-1.27,-0.457709221143,-0.6));
#5025 = CARTESIAN_POINT('',(-1.27,-0.550132402892,-0.581362867522));
#5026 = CARTESIAN_POINT('',(-1.27,-0.637861660483,-0.544086465511));
#5027 = CARTESIAN_POINT('',(-1.27,-0.716182898862,-0.489756580519));
#5028 = CARTESIAN_POINT('',(-1.27,-0.781240508967,-0.421515137105));
#5029 = CARTESIAN_POINT('',(-1.27,-0.830533224013,-0.343333331965));
#5030 = AXIS1_PLACEMENT('',#5031,#5032);
#5031 = CARTESIAN_POINT('',(-1.27,-0.36528538,0.));
#5032 = DIRECTION('',(0.,-1.,0.));
#5033 = ADVANCED_FACE('',(#5034),#5053,.F.);
#5034 = FACE_BOUND('',#5035,.T.);
#5035 = EDGE_LOOP('',(#5036,#5037,#5038,#5047));
#5036 = ORIENTED_EDGE('',*,*,#4901,.T.);
#5037 = ORIENTED_EDGE('',*,*,#4860,.T.);
#5038 = ORIENTED_EDGE('',*,*,#5039,.T.);
#5039 = EDGE_CURVE('',#4852,#5040,#5042,.T.);
#5040 = VERTEX_POINT('',#5041);
#5041 = CARTESIAN_POINT('',(-1.52,-0.953909326765,-0.25));
#5042 = B_SPLINE_CURVE_WITH_KNOTS('',3,(#5043,#5044,#5045,#5046),
  .UNSPECIFIED.,.F.,.F.,(4,4),(0.,5.149310952809E-04),
  .PIECEWISE_BEZIER_KNOTS.);
#5043 = CARTESIAN_POINT('',(-1.52,-0.953909326765,0.25));
#5044 = CARTESIAN_POINT('',(-1.52,-1.015369879129,8.972400786539E-02));
#5045 = CARTESIAN_POINT('',(-1.52,-1.015357237461,-8.975697463469E-02));
#5046 = CARTESIAN_POINT('',(-1.52,-0.953909326765,-0.25));
#5047 = ORIENTED_EDGE('',*,*,#5048,.T.);
#5048 = EDGE_CURVE('',#5040,#4902,#5049,.T.);
#5049 = LINE('',#5050,#5051);
#5050 = CARTESIAN_POINT('',(-1.52,-3.,-0.25));
#5051 = VECTOR('',#5052,1.);
#5052 = DIRECTION('',(0.,1.,0.));
#5053 = PLANE('',#5054);
#5054 = AXIS2_PLACEMENT_3D('',#5055,#5056,#5057);
#5055 = CARTESIAN_POINT('',(-1.52,-2.,0.25));
#5056 = DIRECTION('',(-1.,-0.,0.));
#5057 = DIRECTION('',(0.,0.,1.));
#5058 = ADVANCED_FACE('',(#5059),#5078,.F.);
#5059 = FACE_BOUND('',#5060,.T.);
#5060 = EDGE_LOOP('',(#5061,#5070,#5071,#5072));
#5061 = ORIENTED_EDGE('',*,*,#5062,.T.);
#5062 = EDGE_CURVE('',#5063,#4850,#5065,.T.);
#5063 = VERTEX_POINT('',#5064);
#5064 = CARTESIAN_POINT('',(-1.02,-0.953909326765,-0.25));
#5065 = B_SPLINE_CURVE_WITH_KNOTS('',3,(#5066,#5067,#5068,#5069),
  .UNSPECIFIED.,.F.,.F.,(4,4),(0.,5.149310952809E-04),
  .PIECEWISE_BEZIER_KNOTS.);
#5066 = CARTESIAN_POINT('',(-1.02,-0.953909326765,-0.25));
#5067 = CARTESIAN_POINT('',(-1.02,-1.015369879129,-8.972400786539E-02));
#5068 = CARTESIAN_POINT('',(-1.02,-1.015357237461,8.975697463469E-02));
#5069 = CARTESIAN_POINT('',(-1.02,-0.953909326765,0.25));
#5070 = ORIENTED_EDGE('',*,*,#4876,.T.);
#5071 = ORIENTED_EDGE('',*,*,#4917,.T.);
#5072 = ORIENTED_EDGE('',*,*,#5073,.F.);
#5073 = EDGE_CURVE('',#5063,#4910,#5074,.T.);
#5074 = LINE('',#5075,#5076);
#5075 = CARTESIAN_POINT('',(-1.02,-2.,-0.25));
#5076 = VECTOR('',#5077,1.);
#5077 = DIRECTION('',(0.,1.,0.));
#5078 = PLANE('',#5079);
#5079 = AXIS2_PLACEMENT_3D('',#5080,#5081,#5082);
#5080 = CARTESIAN_POINT('',(-1.02,-2.,-0.25));
#5081 = DIRECTION('',(1.,0.,-0.));
#5082 = DIRECTION('',(-0.,0.,-1.));
#5083 = ADVANCED_FACE('',(#5084),#5098,.F.);
#5084 = FACE_BOUND('',#5085,.F.);
#5085 = EDGE_LOOP('',(#5086,#5087,#5088,#5097));
#5086 = ORIENTED_EDGE('',*,*,#4949,.T.);
#5087 = ORIENTED_EDGE('',*,*,#5039,.T.);
#5088 = ORIENTED_EDGE('',*,*,#5089,.T.);
#5089 = EDGE_CURVE('',#5040,#5004,#5090,.T.);
#5090 = B_SPLINE_CURVE_WITH_KNOTS('',3,(#5091,#5092,#5093,#5094,#5095,
    #5096),.UNSPECIFIED.,.F.,.F.,(4,2,4),(9.006059638196E-19,
    1.404793661642E-04,2.809587323283E-04),.UNSPECIFIED.);
#5091 = CARTESIAN_POINT('',(-1.52,-0.953909326765,-0.25));
#5092 = CARTESIAN_POINT('',(-1.52,-0.906130385574,-0.25));
#5093 = CARTESIAN_POINT('',(-1.534076822686,-0.861701785781,
    -0.264076822686));
#5094 = CARTESIAN_POINT('',(-1.56808867883,-0.781722491231,
    -0.29808867883));
#5095 = CARTESIAN_POINT('',(-1.588784774818,-0.744795889581,
    -0.31878477482));
#5096 = CARTESIAN_POINT('',(-1.609428090416,-0.708184087733,
    -0.339428090415));
#5097 = ORIENTED_EDGE('',*,*,#5012,.T.);
#5098 = ( BOUNDED_SURFACE() B_SPLINE_SURFACE(3,2,(
    (#5099,#5100,#5101)
    ,(#5102,#5103,#5104)
    ,(#5105,#5106,#5107)
    ,(#5108,#5109,#5110)
    ,(#5111,#5112,#5113)
    ,(#5114,#5115,#5116
)),.UNSPECIFIED.,.F.,.F.,.F.) B_SPLINE_SURFACE_WITH_KNOTS((4,2,4),(3,3),
  (1.040290242745E-03,1.535147072079E-03,2.030003901413E-03),(0.,1.),
.UNSPECIFIED.) GEOMETRIC_REPRESENTATION_ITEM() RATIONAL_B_SPLINE_SURFACE
((
    (1.,0.881218111854,1.)
    ,(1.,0.879721282842,1.)
    ,(1.,0.875586404508,1.)
    ,(1.,0.875603695599,1.)
    ,(1.,0.879714376944,1.)
,(1.,0.881217888699,1.))) REPRESENTATION_ITEM('') SURFACE() );
#5099 = CARTESIAN_POINT('',(-1.609381855736,-0.705279813609,
    -0.342718706114));
#5100 = CARTESIAN_POINT('',(-1.52,-0.749308797281,-0.382499652031));
#5101 = CARTESIAN_POINT('',(-1.52,-0.828914153103,-0.454424463609));
#5102 = CARTESIAN_POINT('',(-1.610667528821,-0.787000941821,
    -0.250997771493));
#5103 = CARTESIAN_POINT('',(-1.52,-0.841647053409,-0.278812920009));
#5104 = CARTESIAN_POINT('',(-1.52,-0.940660827876,-0.330744718246));
#5105 = CARTESIAN_POINT('',(-1.61333938767,-0.830627582642,
    -0.126900720324));
#5106 = CARTESIAN_POINT('',(-1.52,-0.889482905277,-0.140615335025));
#5107 = CARTESIAN_POINT('',(-1.52,-0.999842910997,-0.166326217414));
#5108 = CARTESIAN_POINT('',(-1.613327258987,-0.830438551419,
    0.127741909884));
#5109 = CARTESIAN_POINT('',(-1.52,-0.889274352548,0.141544639604));
#5110 = CARTESIAN_POINT('',(-1.52,-0.999585177268,0.167428747451));
#5111 = CARTESIAN_POINT('',(-1.610672436988,-0.787309113319,
    0.250645974508));
#5112 = CARTESIAN_POINT('',(-1.52,-0.841988366663,0.278423075916));
#5113 = CARTESIAN_POINT('',(-1.52,-0.941065184885,0.330289421145));
#5114 = CARTESIAN_POINT('',(-1.609382013054,-0.70528981302,
    0.342707482766));
#5115 = CARTESIAN_POINT('',(-1.52,-0.749320051288,0.382487014497));
#5116 = CARTESIAN_POINT('',(-1.52,-0.828927788663,0.454409371483));
#5117 = ADVANCED_FACE('',(#5118),#5130,.F.);
#5118 = FACE_BOUND('',#5119,.T.);
#5119 = EDGE_LOOP('',(#5120,#5121,#5122,#5129));
#5120 = ORIENTED_EDGE('',*,*,#4909,.F.);
#5121 = ORIENTED_EDGE('',*,*,#5048,.F.);
#5122 = ORIENTED_EDGE('',*,*,#5123,.T.);
#5123 = EDGE_CURVE('',#5040,#5063,#5124,.T.);
#5124 = B_SPLINE_CURVE_WITH_KNOTS('',3,(#5125,#5126,#5127,#5128),
  .UNSPECIFIED.,.F.,.F.,(4,4),(1.167721476618E-18,5.149310952809E-04),
  .PIECEWISE_BEZIER_KNOTS.);
#5125 = CARTESIAN_POINT('',(-1.52,-0.953909326765,-0.25));
#5126 = CARTESIAN_POINT('',(-1.359724007865,-1.015369879129,-0.25));
#5127 = CARTESIAN_POINT('',(-1.180243025365,-1.015357237461,-0.25));
#5128 = CARTESIAN_POINT('',(-1.02,-0.953909326765,-0.25));
#5129 = ORIENTED_EDGE('',*,*,#5073,.T.);
#5130 = PLANE('',#5131);
#5131 = AXIS2_PLACEMENT_3D('',#5132,#5133,#5134);
#5132 = CARTESIAN_POINT('',(-1.52,-3.,-0.25));
#5133 = DIRECTION('',(0.,0.,-1.));
#5134 = DIRECTION('',(-1.,0.,-0.));
#5135 = ADVANCED_FACE('',(#5136),#5150,.F.);
#5136 = FACE_BOUND('',#5137,.F.);
#5137 = EDGE_LOOP('',(#5138,#5139,#5148,#5149));
#5138 = ORIENTED_EDGE('',*,*,#4807,.T.);
#5139 = ORIENTED_EDGE('',*,*,#5140,.F.);
#5140 = EDGE_CURVE('',#5063,#4808,#5141,.T.);
#5141 = B_SPLINE_CURVE_WITH_KNOTS('',3,(#5142,#5143,#5144,#5145,#5146,
    #5147),.UNSPECIFIED.,.F.,.F.,(4,2,4),(5.448048490814E-19,
    1.404793661642E-04,2.809587323283E-04),.UNSPECIFIED.);
#5142 = CARTESIAN_POINT('',(-1.02,-0.953909326765,-0.25));
#5143 = CARTESIAN_POINT('',(-1.02,-0.906130385574,-0.25));
#5144 = CARTESIAN_POINT('',(-1.005923177314,-0.861701785781,
    -0.264076822686));
#5145 = CARTESIAN_POINT('',(-0.97191132117,-0.781722491231,
    -0.29808867883));
#5146 = CARTESIAN_POINT('',(-0.951215225179,-0.744795889581,
    -0.318784774818));
#5147 = CARTESIAN_POINT('',(-0.930571909585,-0.708184087733,
    -0.339428090416));
#5148 = ORIENTED_EDGE('',*,*,#5062,.T.);
#5149 = ORIENTED_EDGE('',*,*,#4968,.F.);
#5150 = ( BOUNDED_SURFACE() B_SPLINE_SURFACE(3,2,(
    (#5151,#5152,#5153)
    ,(#5154,#5155,#5156)
    ,(#5157,#5158,#5159)
    ,(#5160,#5161,#5162)
    ,(#5163,#5164,#5165)
    ,(#5166,#5167,#5168
)),.UNSPECIFIED.,.F.,.F.,.F.) B_SPLINE_SURFACE_WITH_KNOTS((4,2,4),(3,3),
  (1.040290242745E-03,1.535147072079E-03,2.030003901413E-03),(0.,1.),
.UNSPECIFIED.) GEOMETRIC_REPRESENTATION_ITEM() RATIONAL_B_SPLINE_SURFACE
((
    (1.,0.881218111854,1.)
    ,(1.,0.879721282842,1.)
    ,(1.,0.875586404508,1.)
    ,(1.,0.875603695599,1.)
    ,(1.,0.879714376944,1.)
,(1.,0.881217888699,1.))) REPRESENTATION_ITEM('') SURFACE() );
#5151 = CARTESIAN_POINT('',(-0.930618144264,-0.705279813609,
    0.342718706114));
#5152 = CARTESIAN_POINT('',(-1.02,-0.749308797281,0.382499652031));
#5153 = CARTESIAN_POINT('',(-1.02,-0.828914153103,0.454424463609));
#5154 = CARTESIAN_POINT('',(-0.929332471179,-0.787000941821,
    0.250997771493));
#5155 = CARTESIAN_POINT('',(-1.02,-0.841647053409,0.278812920009));
#5156 = CARTESIAN_POINT('',(-1.02,-0.940660827876,0.330744718246));
#5157 = CARTESIAN_POINT('',(-0.92666061233,-0.830627582642,
    0.126900720324));
#5158 = CARTESIAN_POINT('',(-1.02,-0.889482905277,0.140615335025));
#5159 = CARTESIAN_POINT('',(-1.02,-0.999842910997,0.166326217414));
#5160 = CARTESIAN_POINT('',(-0.926672741013,-0.830438551419,
    -0.127741909884));
#5161 = CARTESIAN_POINT('',(-1.02,-0.889274352548,-0.141544639604));
#5162 = CARTESIAN_POINT('',(-1.02,-0.999585177268,-0.167428747451));
#5163 = CARTESIAN_POINT('',(-0.929327563012,-0.787309113319,
    -0.250645974508));
#5164 = CARTESIAN_POINT('',(-1.02,-0.841988366663,-0.278423075916));
#5165 = CARTESIAN_POINT('',(-1.02,-0.941065184885,-0.330289421145));
#5166 = CARTESIAN_POINT('',(-0.930617986946,-0.70528981302,
    -0.342707482766));
#5167 = CARTESIAN_POINT('',(-1.02,-0.749320051288,-0.382487014497));
#5168 = CARTESIAN_POINT('',(-1.02,-0.828927788663,-0.454409371483));
#5169 = ADVANCED_FACE('',(#5170),#5177,.F.);
#5170 = FACE_BOUND('',#5171,.F.);
#5171 = EDGE_LOOP('',(#5172,#5173,#5174,#5175,#5176));
#5172 = ORIENTED_EDGE('',*,*,#5003,.T.);
#5173 = ORIENTED_EDGE('',*,*,#5089,.F.);
#5174 = ORIENTED_EDGE('',*,*,#5123,.T.);
#5175 = ORIENTED_EDGE('',*,*,#5140,.T.);
#5176 = ORIENTED_EDGE('',*,*,#4818,.T.);
#5177 = ( BOUNDED_SURFACE() B_SPLINE_SURFACE(3,2,(
    (#5178,#5179,#5180)
    ,(#5181,#5182,#5183)
    ,(#5184,#5185,#5186)
    ,(#5187,#5188,#5189)
    ,(#5190,#5191,#5192)
    ,(#5193,#5194,#5195
)),.UNSPECIFIED.,.F.,.F.,.F.) B_SPLINE_SURFACE_WITH_KNOTS((4,2,4),(3,3),
  (1.040290242745E-03,1.535147072079E-03,2.030003901413E-03),(0.,1.),
.UNSPECIFIED.) GEOMETRIC_REPRESENTATION_ITEM() RATIONAL_B_SPLINE_SURFACE
((
    (1.,0.881218111854,1.)
    ,(1.,0.879721282842,1.)
    ,(1.,0.875586404508,1.)
    ,(1.,0.875603695599,1.)
    ,(1.,0.879714376944,1.)
,(1.,0.881217888699,1.))) REPRESENTATION_ITEM('') SURFACE() );
#5178 = CARTESIAN_POINT('',(-0.927281293886,-0.705279813609,
    -0.339381855736));
#5179 = CARTESIAN_POINT('',(-0.887500347969,-0.749308797281,-0.25));
#5180 = CARTESIAN_POINT('',(-0.815575536391,-0.828914153103,-0.25));
#5181 = CARTESIAN_POINT('',(-1.019002228507,-0.787000941821,
    -0.340667528821));
#5182 = CARTESIAN_POINT('',(-0.991187079991,-0.841647053409,-0.25));
#5183 = CARTESIAN_POINT('',(-0.939255281754,-0.940660827876,-0.25));
#5184 = CARTESIAN_POINT('',(-1.143099279676,-0.830627582642,
    -0.34333938767));
#5185 = CARTESIAN_POINT('',(-1.129384664975,-0.889482905277,-0.25));
#5186 = CARTESIAN_POINT('',(-1.103673782586,-0.999842910997,-0.25));
#5187 = CARTESIAN_POINT('',(-1.397741909884,-0.830438551419,
    -0.343327258987));
#5188 = CARTESIAN_POINT('',(-1.411544639604,-0.889274352548,-0.25));
#5189 = CARTESIAN_POINT('',(-1.437428747451,-0.999585177268,-0.25));
#5190 = CARTESIAN_POINT('',(-1.520645974508,-0.787309113319,
    -0.340672436988));
#5191 = CARTESIAN_POINT('',(-1.548423075916,-0.841988366663,-0.25));
#5192 = CARTESIAN_POINT('',(-1.600289421145,-0.941065184885,-0.25));
#5193 = CARTESIAN_POINT('',(-1.612707482766,-0.70528981302,
    -0.339382013054));
#5194 = CARTESIAN_POINT('',(-1.652487014497,-0.749320051288,-0.25));
#5195 = CARTESIAN_POINT('',(-1.724409371483,-0.828927788663,-0.25));
#5196 = MANIFOLD_SOLID_BREP('',#5197);
#5197 = CLOSED_SHELL('',(#5198,#5238,#5278,#5300,#5381,#5462,#5479,#5501
    ,#5523,#5540,#5552,#5564,#5586,#5598));
#5198 = ADVANCED_FACE('',(#5199),#5233,.T.);
#5199 = FACE_BOUND('',#5200,.T.);
#5200 = EDGE_LOOP('',(#5201,#5211,#5219,#5227));
#5201 = ORIENTED_EDGE('',*,*,#5202,.T.);
#5202 = EDGE_CURVE('',#5203,#5205,#5207,.T.);
#5203 = VERTEX_POINT('',#5204);
#5204 = CARTESIAN_POINT('',(1.02,-3.,-0.25));
#5205 = VERTEX_POINT('',#5206);
#5206 = CARTESIAN_POINT('',(1.02,-3.,0.25));
#5207 = LINE('',#5208,#5209);
#5208 = CARTESIAN_POINT('',(1.02,-3.,-0.25));
#5209 = VECTOR('',#5210,1.);
#5210 = DIRECTION('',(0.,0.,1.));
#5211 = ORIENTED_EDGE('',*,*,#5212,.F.);
#5212 = EDGE_CURVE('',#5213,#5205,#5215,.T.);
#5213 = VERTEX_POINT('',#5214);
#5214 = CARTESIAN_POINT('',(0.92,-3.,0.25));
#5215 = LINE('',#5216,#5217);
#5216 = CARTESIAN_POINT('',(0.92,-3.,0.25));
#5217 = VECTOR('',#5218,1.);
#5218 = DIRECTION('',(1.,0.,0.));
#5219 = ORIENTED_EDGE('',*,*,#5220,.F.);
#5220 = EDGE_CURVE('',#5221,#5213,#5223,.T.);
#5221 = VERTEX_POINT('',#5222);
#5222 = CARTESIAN_POINT('',(0.92,-3.,-0.25));
#5223 = LINE('',#5224,#5225);
#5224 = CARTESIAN_POINT('',(0.92,-3.,-0.25));
#5225 = VECTOR('',#5226,1.);
#5226 = DIRECTION('',(0.,0.,1.));
#5227 = ORIENTED_EDGE('',*,*,#5228,.F.);
#5228 = EDGE_CURVE('',#5203,#5221,#5229,.T.);
#5229 = LINE('',#5230,#5231);
#5230 = CARTESIAN_POINT('',(1.62,-3.,-0.25));
#5231 = VECTOR('',#5232,1.);
#5232 = DIRECTION('',(-1.,0.,7.744301232039E-17));
#5233 = PLANE('',#5234);
#5234 = AXIS2_PLACEMENT_3D('',#5235,#5236,#5237);
#5235 = CARTESIAN_POINT('',(0.,-3.,0.));
#5236 = DIRECTION('',(0.,-1.,-0.));
#5237 = DIRECTION('',(-0.,0.,-1.));
#5238 = ADVANCED_FACE('',(#5239),#5273,.F.);
#5239 = FACE_BOUND('',#5240,.T.);
#5240 = EDGE_LOOP('',(#5241,#5251,#5259,#5267));
#5241 = ORIENTED_EDGE('',*,*,#5242,.T.);
#5242 = EDGE_CURVE('',#5243,#5245,#5247,.T.);
#5243 = VERTEX_POINT('',#5244);
#5244 = CARTESIAN_POINT('',(1.02,-2.,-0.25));
#5245 = VERTEX_POINT('',#5246);
#5246 = CARTESIAN_POINT('',(0.92,-2.,-0.25));
#5247 = LINE('',#5248,#5249);
#5248 = CARTESIAN_POINT('',(1.62,-2.,-0.25));
#5249 = VECTOR('',#5250,1.);
#5250 = DIRECTION('',(-1.,0.,7.744301232039E-17));
#5251 = ORIENTED_EDGE('',*,*,#5252,.T.);
#5252 = EDGE_CURVE('',#5245,#5253,#5255,.T.);
#5253 = VERTEX_POINT('',#5254);
#5254 = CARTESIAN_POINT('',(0.92,-2.,0.25));
#5255 = LINE('',#5256,#5257);
#5256 = CARTESIAN_POINT('',(0.92,-2.,-0.25));
#5257 = VECTOR('',#5258,1.);
#5258 = DIRECTION('',(0.,0.,1.));
#5259 = ORIENTED_EDGE('',*,*,#5260,.T.);
#5260 = EDGE_CURVE('',#5253,#5261,#5263,.T.);
#5261 = VERTEX_POINT('',#5262);
#5262 = CARTESIAN_POINT('',(1.02,-2.,0.25));
#5263 = LINE('',#5264,#5265);
#5264 = CARTESIAN_POINT('',(0.92,-2.,0.25));
#5265 = VECTOR('',#5266,1.);
#5266 = DIRECTION('',(1.,0.,0.));
#5267 = ORIENTED_EDGE('',*,*,#5268,.F.);
#5268 = EDGE_CURVE('',#5243,#5261,#5269,.T.);
#5269 = LINE('',#5270,#5271);
#5270 = CARTESIAN_POINT('',(1.02,-2.,-0.25));
#5271 = VECTOR('',#5272,1.);
#5272 = DIRECTION('',(0.,0.,1.));
#5273 = PLANE('',#5274);
#5274 = AXIS2_PLACEMENT_3D('',#5275,#5276,#5277);
#5275 = CARTESIAN_POINT('',(0.,-2.,0.));
#5276 = DIRECTION('',(0.,-1.,-0.));
#5277 = DIRECTION('',(-0.,0.,-1.));
#5278 = ADVANCED_FACE('',(#5279),#5295,.F.);
#5279 = FACE_BOUND('',#5280,.T.);
#5280 = EDGE_LOOP('',(#5281,#5282,#5288,#5289));
#5281 = ORIENTED_EDGE('',*,*,#5252,.F.);
#5282 = ORIENTED_EDGE('',*,*,#5283,.F.);
#5283 = EDGE_CURVE('',#5221,#5245,#5284,.T.);
#5284 = LINE('',#5285,#5286);
#5285 = CARTESIAN_POINT('',(0.92,-3.,-0.25));
#5286 = VECTOR('',#5287,1.);
#5287 = DIRECTION('',(0.,1.,0.));
#5288 = ORIENTED_EDGE('',*,*,#5220,.T.);
#5289 = ORIENTED_EDGE('',*,*,#5290,.T.);
#5290 = EDGE_CURVE('',#5213,#5253,#5291,.T.);
#5291 = LINE('',#5292,#5293);
#5292 = CARTESIAN_POINT('',(0.92,-3.,0.25));
#5293 = VECTOR('',#5294,1.);
#5294 = DIRECTION('',(0.,1.,0.));
#5295 = PLANE('',#5296);
#5296 = AXIS2_PLACEMENT_3D('',#5297,#5298,#5299);
#5297 = CARTESIAN_POINT('',(0.92,-3.,-0.25));
#5298 = DIRECTION('',(1.,0.,-0.));
#5299 = DIRECTION('',(0.,0.,1.));
#5300 = ADVANCED_FACE('',(#5301),#5376,.F.);
#5301 = FACE_BOUND('',#5302,.T.);
#5302 = EDGE_LOOP('',(#5303,#5304,#5305,#5306,#5314,#5322,#5330,#5338,
    #5346,#5354,#5362,#5370));
#5303 = ORIENTED_EDGE('',*,*,#5260,.F.);
#5304 = ORIENTED_EDGE('',*,*,#5290,.F.);
#5305 = ORIENTED_EDGE('',*,*,#5212,.T.);
#5306 = ORIENTED_EDGE('',*,*,#5307,.F.);
#5307 = EDGE_CURVE('',#5308,#5205,#5310,.T.);
#5308 = VERTEX_POINT('',#5309);
#5309 = CARTESIAN_POINT('',(1.02,-27.,0.25));
#5310 = LINE('',#5311,#5312);
#5311 = CARTESIAN_POINT('',(1.02,-27.,0.25));
#5312 = VECTOR('',#5313,1.);
#5313 = DIRECTION('',(0.,1.,0.));
#5314 = ORIENTED_EDGE('',*,*,#5315,.T.);
#5315 = EDGE_CURVE('',#5308,#5316,#5318,.T.);
#5316 = VERTEX_POINT('',#5317);
#5317 = CARTESIAN_POINT('',(1.52,-27.,0.25));
#5318 = LINE('',#5319,#5320);
#5319 = CARTESIAN_POINT('',(1.52,-27.,0.25));
#5320 = VECTOR('',#5321,1.);
#5321 = DIRECTION('',(1.,-0.,-0.));
#5322 = ORIENTED_EDGE('',*,*,#5323,.T.);
#5323 = EDGE_CURVE('',#5316,#5324,#5326,.T.);
#5324 = VERTEX_POINT('',#5325);
#5325 = CARTESIAN_POINT('',(1.52,-3.,0.25));
#5326 = LINE('',#5327,#5328);
#5327 = CARTESIAN_POINT('',(1.52,-27.,0.25));
#5328 = VECTOR('',#5329,1.);
#5329 = DIRECTION('',(0.,1.,0.));
#5330 = ORIENTED_EDGE('',*,*,#5331,.T.);
#5331 = EDGE_CURVE('',#5324,#5332,#5334,.T.);
#5332 = VERTEX_POINT('',#5333);
#5333 = CARTESIAN_POINT('',(1.62,-3.,0.25));
#5334 = LINE('',#5335,#5336);
#5335 = CARTESIAN_POINT('',(0.92,-3.,0.25));
#5336 = VECTOR('',#5337,1.);
#5337 = DIRECTION('',(1.,0.,0.));
#5338 = ORIENTED_EDGE('',*,*,#5339,.T.);
#5339 = EDGE_CURVE('',#5332,#5340,#5342,.T.);
#5340 = VERTEX_POINT('',#5341);
#5341 = CARTESIAN_POINT('',(1.62,-2.,0.25));
#5342 = LINE('',#5343,#5344);
#5343 = CARTESIAN_POINT('',(1.62,-3.,0.25));
#5344 = VECTOR('',#5345,1.);
#5345 = DIRECTION('',(0.,1.,0.));
#5346 = ORIENTED_EDGE('',*,*,#5347,.F.);
#5347 = EDGE_CURVE('',#5348,#5340,#5350,.T.);
#5348 = VERTEX_POINT('',#5349);
#5349 = CARTESIAN_POINT('',(1.52,-2.,0.25));
#5350 = LINE('',#5351,#5352);
#5351 = CARTESIAN_POINT('',(0.92,-2.,0.25));
#5352 = VECTOR('',#5353,1.);
#5353 = DIRECTION('',(1.,0.,0.));
#5354 = ORIENTED_EDGE('',*,*,#5355,.T.);
#5355 = EDGE_CURVE('',#5348,#5356,#5358,.T.);
#5356 = VERTEX_POINT('',#5357);
#5357 = CARTESIAN_POINT('',(1.52,0.,0.25));
#5358 = LINE('',#5359,#5360);
#5359 = CARTESIAN_POINT('',(1.52,-27.,0.25));
#5360 = VECTOR('',#5361,1.);
#5361 = DIRECTION('',(0.,1.,0.));
#5362 = ORIENTED_EDGE('',*,*,#5363,.F.);
#5363 = EDGE_CURVE('',#5364,#5356,#5366,.T.);
#5364 = VERTEX_POINT('',#5365);
#5365 = CARTESIAN_POINT('',(1.02,0.,0.25));
#5366 = LINE('',#5367,#5368);
#5367 = CARTESIAN_POINT('',(1.27,0.,0.25));
#5368 = VECTOR('',#5369,1.);
#5369 = DIRECTION('',(1.,0.,0.));
#5370 = ORIENTED_EDGE('',*,*,#5371,.F.);
#5371 = EDGE_CURVE('',#5261,#5364,#5372,.T.);
#5372 = LINE('',#5373,#5374);
#5373 = CARTESIAN_POINT('',(1.02,-27.,0.25));
#5374 = VECTOR('',#5375,1.);
#5375 = DIRECTION('',(0.,1.,0.));
#5376 = PLANE('',#5377);
#5377 = AXIS2_PLACEMENT_3D('',#5378,#5379,#5380);
#5378 = CARTESIAN_POINT('',(1.52,-27.,0.25));
#5379 = DIRECTION('',(0.,0.,-1.));
#5380 = DIRECTION('',(1.,0.,0.));
#5381 = ADVANCED_FACE('',(#5382),#5457,.F.);
#5382 = FACE_BOUND('',#5383,.T.);
#5383 = EDGE_LOOP('',(#5384,#5385,#5386,#5387,#5395,#5403,#5411,#5419,
    #5427,#5435,#5443,#5451));
#5384 = ORIENTED_EDGE('',*,*,#5228,.T.);
#5385 = ORIENTED_EDGE('',*,*,#5283,.T.);
#5386 = ORIENTED_EDGE('',*,*,#5242,.F.);
#5387 = ORIENTED_EDGE('',*,*,#5388,.T.);
#5388 = EDGE_CURVE('',#5243,#5389,#5391,.T.);
#5389 = VERTEX_POINT('',#5390);
#5390 = CARTESIAN_POINT('',(1.02,-4.336808689942E-16,-0.25));
#5391 = LINE('',#5392,#5393);
#5392 = CARTESIAN_POINT('',(1.02,-27.,-0.25));
#5393 = VECTOR('',#5394,1.);
#5394 = DIRECTION('',(0.,1.,0.));
#5395 = ORIENTED_EDGE('',*,*,#5396,.T.);
#5396 = EDGE_CURVE('',#5389,#5397,#5399,.T.);
#5397 = VERTEX_POINT('',#5398);
#5398 = CARTESIAN_POINT('',(1.52,-4.336808689942E-16,-0.25));
#5399 = LINE('',#5400,#5401);
#5400 = CARTESIAN_POINT('',(1.52,-4.336808689942E-16,-0.25));
#5401 = VECTOR('',#5402,1.);
#5402 = DIRECTION('',(1.,0.,0.));
#5403 = ORIENTED_EDGE('',*,*,#5404,.F.);
#5404 = EDGE_CURVE('',#5405,#5397,#5407,.T.);
#5405 = VERTEX_POINT('',#5406);
#5406 = CARTESIAN_POINT('',(1.52,-2.,-0.25));
#5407 = LINE('',#5408,#5409);
#5408 = CARTESIAN_POINT('',(1.52,-27.,-0.25));
#5409 = VECTOR('',#5410,1.);
#5410 = DIRECTION('',(0.,1.,0.));
#5411 = ORIENTED_EDGE('',*,*,#5412,.F.);
#5412 = EDGE_CURVE('',#5413,#5405,#5415,.T.);
#5413 = VERTEX_POINT('',#5414);
#5414 = CARTESIAN_POINT('',(1.62,-2.,-0.25));
#5415 = LINE('',#5416,#5417);
#5416 = CARTESIAN_POINT('',(1.62,-2.,-0.25));
#5417 = VECTOR('',#5418,1.);
#5418 = DIRECTION('',(-1.,0.,7.744301232039E-17));
#5419 = ORIENTED_EDGE('',*,*,#5420,.F.);
#5420 = EDGE_CURVE('',#5421,#5413,#5423,.T.);
#5421 = VERTEX_POINT('',#5422);
#5422 = CARTESIAN_POINT('',(1.62,-3.,-0.25));
#5423 = LINE('',#5424,#5425);
#5424 = CARTESIAN_POINT('',(1.62,-3.,-0.25));
#5425 = VECTOR('',#5426,1.);
#5426 = DIRECTION('',(0.,1.,0.));
#5427 = ORIENTED_EDGE('',*,*,#5428,.T.);
#5428 = EDGE_CURVE('',#5421,#5429,#5431,.T.);
#5429 = VERTEX_POINT('',#5430);
#5430 = CARTESIAN_POINT('',(1.52,-3.,-0.25));
#5431 = LINE('',#5432,#5433);
#5432 = CARTESIAN_POINT('',(1.62,-3.,-0.25));
#5433 = VECTOR('',#5434,1.);
#5434 = DIRECTION('',(-1.,0.,7.744301232039E-17));
#5435 = ORIENTED_EDGE('',*,*,#5436,.F.);
#5436 = EDGE_CURVE('',#5437,#5429,#5439,.T.);
#5437 = VERTEX_POINT('',#5438);
#5438 = CARTESIAN_POINT('',(1.52,-27.,-0.25));
#5439 = LINE('',#5440,#5441);
#5440 = CARTESIAN_POINT('',(1.52,-27.,-0.25));
#5441 = VECTOR('',#5442,1.);
#5442 = DIRECTION('',(0.,1.,0.));
#5443 = ORIENTED_EDGE('',*,*,#5444,.T.);
#5444 = EDGE_CURVE('',#5437,#5445,#5447,.T.);
#5445 = VERTEX_POINT('',#5446);
#5446 = CARTESIAN_POINT('',(1.02,-27.,-0.25));
#5447 = LINE('',#5448,#5449);
#5448 = CARTESIAN_POINT('',(1.52,-27.,-0.25));
#5449 = VECTOR('',#5450,1.);
#5450 = DIRECTION('',(-1.,0.,0.));
#5451 = ORIENTED_EDGE('',*,*,#5452,.T.);
#5452 = EDGE_CURVE('',#5445,#5203,#5453,.T.);
#5453 = LINE('',#5454,#5455);
#5454 = CARTESIAN_POINT('',(1.02,-27.,-0.25));
#5455 = VECTOR('',#5456,1.);
#5456 = DIRECTION('',(0.,1.,0.));
#5457 = PLANE('',#5458);
#5458 = AXIS2_PLACEMENT_3D('',#5459,#5460,#5461);
#5459 = CARTESIAN_POINT('',(1.52,-27.,-0.25));
#5460 = DIRECTION('',(0.,0.,1.));
#5461 = DIRECTION('',(-1.,0.,0.));
#5462 = ADVANCED_FACE('',(#5463),#5474,.T.);
#5463 = FACE_BOUND('',#5464,.T.);
#5464 = EDGE_LOOP('',(#5465,#5466,#5467,#5473));
#5465 = ORIENTED_EDGE('',*,*,#5268,.T.);
#5466 = ORIENTED_EDGE('',*,*,#5371,.T.);
#5467 = ORIENTED_EDGE('',*,*,#5468,.T.);
#5468 = EDGE_CURVE('',#5364,#5389,#5469,.T.);
#5469 = LINE('',#5470,#5471);
#5470 = CARTESIAN_POINT('',(1.02,-4.336808689942E-16,-0.25));
#5471 = VECTOR('',#5472,1.);
#5472 = DIRECTION('',(0.,0.,-1.));
#5473 = ORIENTED_EDGE('',*,*,#5388,.F.);
#5474 = PLANE('',#5475);
#5475 = AXIS2_PLACEMENT_3D('',#5476,#5477,#5478);
#5476 = CARTESIAN_POINT('',(1.02,-2.,-0.25));
#5477 = DIRECTION('',(-1.,0.,0.));
#5478 = DIRECTION('',(0.,0.,-1.));
#5479 = ADVANCED_FACE('',(#5480),#5496,.T.);
#5480 = FACE_BOUND('',#5481,.T.);
#5481 = EDGE_LOOP('',(#5482,#5483,#5489,#5490));
#5482 = ORIENTED_EDGE('',*,*,#5323,.F.);
#5483 = ORIENTED_EDGE('',*,*,#5484,.T.);
#5484 = EDGE_CURVE('',#5316,#5437,#5485,.T.);
#5485 = LINE('',#5486,#5487);
#5486 = CARTESIAN_POINT('',(1.52,-27.,-0.25));
#5487 = VECTOR('',#5488,1.);
#5488 = DIRECTION('',(0.,-0.,-1.));
#5489 = ORIENTED_EDGE('',*,*,#5436,.T.);
#5490 = ORIENTED_EDGE('',*,*,#5491,.F.);
#5491 = EDGE_CURVE('',#5324,#5429,#5492,.T.);
#5492 = LINE('',#5493,#5494);
#5493 = CARTESIAN_POINT('',(1.52,-3.,-0.25));
#5494 = VECTOR('',#5495,1.);
#5495 = DIRECTION('',(0.,0.,-1.));
#5496 = PLANE('',#5497);
#5497 = AXIS2_PLACEMENT_3D('',#5498,#5499,#5500);
#5498 = CARTESIAN_POINT('',(1.52,-2.,0.25));
#5499 = DIRECTION('',(1.,0.,-0.));
#5500 = DIRECTION('',(0.,0.,1.));
#5501 = ADVANCED_FACE('',(#5502),#5518,.T.);
#5502 = FACE_BOUND('',#5503,.T.);
#5503 = EDGE_LOOP('',(#5504,#5510,#5511,#5517));
#5504 = ORIENTED_EDGE('',*,*,#5505,.T.);
#5505 = EDGE_CURVE('',#5348,#5405,#5506,.T.);
#5506 = LINE('',#5507,#5508);
#5507 = CARTESIAN_POINT('',(1.52,-2.,-0.25));
#5508 = VECTOR('',#5509,1.);
#5509 = DIRECTION('',(0.,0.,-1.));
#5510 = ORIENTED_EDGE('',*,*,#5404,.T.);
#5511 = ORIENTED_EDGE('',*,*,#5512,.T.);
#5512 = EDGE_CURVE('',#5397,#5356,#5513,.T.);
#5513 = LINE('',#5514,#5515);
#5514 = CARTESIAN_POINT('',(1.52,-4.336808689942E-16,0.25));
#5515 = VECTOR('',#5516,1.);
#5516 = DIRECTION('',(0.,0.,1.));
#5517 = ORIENTED_EDGE('',*,*,#5355,.F.);
#5518 = PLANE('',#5519);
#5519 = AXIS2_PLACEMENT_3D('',#5520,#5521,#5522);
#5520 = CARTESIAN_POINT('',(1.52,-2.,0.25));
#5521 = DIRECTION('',(1.,0.,-0.));
#5522 = DIRECTION('',(0.,0.,1.));
#5523 = ADVANCED_FACE('',(#5524),#5535,.T.);
#5524 = FACE_BOUND('',#5525,.T.);
#5525 = EDGE_LOOP('',(#5526,#5527,#5533,#5534));
#5526 = ORIENTED_EDGE('',*,*,#5452,.F.);
#5527 = ORIENTED_EDGE('',*,*,#5528,.T.);
#5528 = EDGE_CURVE('',#5445,#5308,#5529,.T.);
#5529 = LINE('',#5530,#5531);
#5530 = CARTESIAN_POINT('',(1.02,-27.,-0.25));
#5531 = VECTOR('',#5532,1.);
#5532 = DIRECTION('',(0.,0.,1.));
#5533 = ORIENTED_EDGE('',*,*,#5307,.T.);
#5534 = ORIENTED_EDGE('',*,*,#5202,.F.);
#5535 = PLANE('',#5536);
#5536 = AXIS2_PLACEMENT_3D('',#5537,#5538,#5539);
#5537 = CARTESIAN_POINT('',(1.02,-2.,-0.25));
#5538 = DIRECTION('',(-1.,0.,0.));
#5539 = DIRECTION('',(0.,0.,-1.));
#5540 = ADVANCED_FACE('',(#5541),#5547,.F.);
#5541 = FACE_BOUND('',#5542,.T.);
#5542 = EDGE_LOOP('',(#5543,#5544,#5545,#5546));
#5543 = ORIENTED_EDGE('',*,*,#5528,.F.);
#5544 = ORIENTED_EDGE('',*,*,#5444,.F.);
#5545 = ORIENTED_EDGE('',*,*,#5484,.F.);
#5546 = ORIENTED_EDGE('',*,*,#5315,.F.);
#5547 = PLANE('',#5548);
#5548 = AXIS2_PLACEMENT_3D('',#5549,#5550,#5551);
#5549 = CARTESIAN_POINT('',(0.,-27.,0.));
#5550 = DIRECTION('',(0.,1.,0.));
#5551 = DIRECTION('',(0.,-0.,1.));
#5552 = ADVANCED_FACE('',(#5553),#5559,.F.);
#5553 = FACE_BOUND('',#5554,.T.);
#5554 = EDGE_LOOP('',(#5555,#5556,#5557,#5558));
#5555 = ORIENTED_EDGE('',*,*,#5363,.T.);
#5556 = ORIENTED_EDGE('',*,*,#5512,.F.);
#5557 = ORIENTED_EDGE('',*,*,#5396,.F.);
#5558 = ORIENTED_EDGE('',*,*,#5468,.F.);
#5559 = PLANE('',#5560);
#5560 = AXIS2_PLACEMENT_3D('',#5561,#5562,#5563);
#5561 = CARTESIAN_POINT('',(1.27,0.,0.));
#5562 = DIRECTION('',(0.,-1.,-0.));
#5563 = DIRECTION('',(-0.,0.,-1.));
#5564 = ADVANCED_FACE('',(#5565),#5581,.F.);
#5565 = FACE_BOUND('',#5566,.T.);
#5566 = EDGE_LOOP('',(#5567,#5573,#5574,#5580));
#5567 = ORIENTED_EDGE('',*,*,#5568,.F.);
#5568 = EDGE_CURVE('',#5340,#5413,#5569,.T.);
#5569 = LINE('',#5570,#5571);
#5570 = CARTESIAN_POINT('',(1.62,-2.,0.25));
#5571 = VECTOR('',#5572,1.);
#5572 = DIRECTION('',(0.,0.,-1.));
#5573 = ORIENTED_EDGE('',*,*,#5339,.F.);
#5574 = ORIENTED_EDGE('',*,*,#5575,.T.);
#5575 = EDGE_CURVE('',#5332,#5421,#5576,.T.);
#5576 = LINE('',#5577,#5578);
#5577 = CARTESIAN_POINT('',(1.62,-3.,0.25));
#5578 = VECTOR('',#5579,1.);
#5579 = DIRECTION('',(0.,0.,-1.));
#5580 = ORIENTED_EDGE('',*,*,#5420,.T.);
#5581 = PLANE('',#5582);
#5582 = AXIS2_PLACEMENT_3D('',#5583,#5584,#5585);
#5583 = CARTESIAN_POINT('',(1.62,-3.,0.25));
#5584 = DIRECTION('',(-1.,0.,0.));
#5585 = DIRECTION('',(0.,0.,-1.));
#5586 = ADVANCED_FACE('',(#5587),#5593,.T.);
#5587 = FACE_BOUND('',#5588,.T.);
#5588 = EDGE_LOOP('',(#5589,#5590,#5591,#5592));
#5589 = ORIENTED_EDGE('',*,*,#5491,.T.);
#5590 = ORIENTED_EDGE('',*,*,#5428,.F.);
#5591 = ORIENTED_EDGE('',*,*,#5575,.F.);
#5592 = ORIENTED_EDGE('',*,*,#5331,.F.);
#5593 = PLANE('',#5594);
#5594 = AXIS2_PLACEMENT_3D('',#5595,#5596,#5597);
#5595 = CARTESIAN_POINT('',(0.,-3.,0.));
#5596 = DIRECTION('',(0.,-1.,-0.));
#5597 = DIRECTION('',(-0.,0.,-1.));
#5598 = ADVANCED_FACE('',(#5599),#5605,.F.);
#5599 = FACE_BOUND('',#5600,.T.);
#5600 = EDGE_LOOP('',(#5601,#5602,#5603,#5604));
#5601 = ORIENTED_EDGE('',*,*,#5347,.T.);
#5602 = ORIENTED_EDGE('',*,*,#5568,.T.);
#5603 = ORIENTED_EDGE('',*,*,#5412,.T.);
#5604 = ORIENTED_EDGE('',*,*,#5505,.F.);
#5605 = PLANE('',#5606);
#5606 = AXIS2_PLACEMENT_3D('',#5607,#5608,#5609);
#5607 = CARTESIAN_POINT('',(0.,-2.,0.));
#5608 = DIRECTION('',(0.,-1.,-0.));
#5609 = DIRECTION('',(-0.,0.,-1.));
#5610 = MANIFOLD_SOLID_BREP('',#5611);
#5611 = CLOSED_SHELL('',(#5612,#5654,#5715,#5756,#5807,#5850,#5868,#5903
    ,#5928,#5953,#5987,#6005,#6039));
#5612 = ADVANCED_FACE('',(#5613),#5649,.T.);
#5613 = FACE_BOUND('',#5614,.T.);
#5614 = EDGE_LOOP('',(#5615,#5626,#5634,#5643));
#5615 = ORIENTED_EDGE('',*,*,#5616,.F.);
#5616 = EDGE_CURVE('',#5617,#5619,#5621,.T.);
#5617 = VERTEX_POINT('',#5618);
#5618 = CARTESIAN_POINT('',(1.27,-0.36528538,-0.6));
#5619 = VERTEX_POINT('',#5620);
#5620 = CARTESIAN_POINT('',(1.27,-0.36528538,0.6));
#5621 = CIRCLE('',#5622,0.6);
#5622 = AXIS2_PLACEMENT_3D('',#5623,#5624,#5625);
#5623 = CARTESIAN_POINT('',(1.27,-0.36528538,0.));
#5624 = DIRECTION('',(0.,-1.,0.));
#5625 = DIRECTION('',(0.,0.,-1.));
#5626 = ORIENTED_EDGE('',*,*,#5627,.T.);
#5627 = EDGE_CURVE('',#5617,#5628,#5630,.T.);
#5628 = VERTEX_POINT('',#5629);
#5629 = CARTESIAN_POINT('',(1.27,0.,-0.6));
#5630 = LINE('',#5631,#5632);
#5631 = CARTESIAN_POINT('',(1.27,-0.91528538,-0.6));
#5632 = VECTOR('',#5633,1.);
#5633 = DIRECTION('',(0.,1.,0.));
#5634 = ORIENTED_EDGE('',*,*,#5635,.F.);
#5635 = EDGE_CURVE('',#5636,#5628,#5638,.T.);
#5636 = VERTEX_POINT('',#5637);
#5637 = CARTESIAN_POINT('',(1.27,0.,0.6));
#5638 = CIRCLE('',#5639,0.6);
#5639 = AXIS2_PLACEMENT_3D('',#5640,#5641,#5642);
#5640 = CARTESIAN_POINT('',(1.27,0.,0.));
#5641 = DIRECTION('',(-0.,1.,0.));
#5642 = DIRECTION('',(0.,0.,-1.));
#5643 = ORIENTED_EDGE('',*,*,#5644,.F.);
#5644 = EDGE_CURVE('',#5619,#5636,#5645,.T.);
#5645 = LINE('',#5646,#5647);
#5646 = CARTESIAN_POINT('',(1.27,-0.91528538,0.6));
#5647 = VECTOR('',#5648,1.);
#5648 = DIRECTION('',(0.,1.,0.));
#5649 = CYLINDRICAL_SURFACE('',#5650,0.6);
#5650 = AXIS2_PLACEMENT_3D('',#5651,#5652,#5653);
#5651 = CARTESIAN_POINT('',(1.27,-0.91528538,0.));
#5652 = DIRECTION('',(0.,1.,0.));
#5653 = DIRECTION('',(0.,-0.,1.));
#5654 = ADVANCED_FACE('',(#5655),#5703,.T.);
#5655 = FACE_BOUND('',#5656,.T.);
#5656 = EDGE_LOOP('',(#5657,#5658,#5667,#5676,#5687,#5696));
#5657 = ORIENTED_EDGE('',*,*,#5616,.T.);
#5658 = ORIENTED_EDGE('',*,*,#5659,.T.);
#5659 = EDGE_CURVE('',#5619,#5660,#5662,.T.);
#5660 = VERTEX_POINT('',#5661);
#5661 = CARTESIAN_POINT('',(1.27,-0.83053322315,0.343333333333));
#5662 = CIRCLE('',#5663,0.55);
#5663 = AXIS2_PLACEMENT_3D('',#5664,#5665,#5666);
#5664 = CARTESIAN_POINT('',(1.27,-0.36528538,5.E-02));
#5665 = DIRECTION('',(1.,0.,-1.224646799147E-16));
#5666 = DIRECTION('',(-1.224646799147E-16,-0.,-1.));
#5667 = ORIENTED_EDGE('',*,*,#5668,.F.);
#5668 = EDGE_CURVE('',#5669,#5660,#5671,.T.);
#5669 = VERTEX_POINT('',#5670);
#5670 = CARTESIAN_POINT('',(1.609428090415,-0.708184087733,
    0.339428090416));
#5671 = B_SPLINE_CURVE_WITH_KNOTS('',3,(#5672,#5673,#5674,#5675),
  .UNSPECIFIED.,.F.,.F.,(4,4),(0.,3.669106867986E-04),
  .PIECEWISE_BEZIER_KNOTS.);
#5672 = CARTESIAN_POINT('',(1.609428090415,-0.708184087733,
    0.339428090416));
#5673 = CARTESIAN_POINT('',(1.516149650397,-0.789735771671,
    0.340741805181));
#5674 = CARTESIAN_POINT('',(1.393718465799,-0.83053322315,0.343333333333
    ));
#5675 = CARTESIAN_POINT('',(1.27,-0.83053322315,0.343333333333));
#5676 = ORIENTED_EDGE('',*,*,#5677,.F.);
#5677 = EDGE_CURVE('',#5678,#5669,#5680,.T.);
#5678 = VERTEX_POINT('',#5679);
#5679 = CARTESIAN_POINT('',(1.609428090416,-0.708184087733,
    -0.339428090415));
#5680 = B_SPLINE_CURVE_WITH_KNOTS('',3,(#5681,#5682,#5683,#5684,#5685,
    #5686),.UNSPECIFIED.,.F.,.F.,(4,2,4),(0.,3.675206423425E-04,
    7.35041284685E-04),.UNSPECIFIED.);
#5681 = CARTESIAN_POINT('',(1.609428090416,-0.708184087733,
    -0.339428090415));
#5682 = CARTESIAN_POINT('',(1.610743989112,-0.789871343906,-0.2459945835
    ));
#5683 = CARTESIAN_POINT('',(1.613341958234,-0.830667811929,
    -0.123284811926));
#5684 = CARTESIAN_POINT('',(1.613324665379,-0.830397962527,
    0.124518724521));
#5685 = CARTESIAN_POINT('',(1.610744765393,-0.789919533283,
    0.245939464712));
#5686 = CARTESIAN_POINT('',(1.609428090415,-0.708184087733,
    0.339428090416));
#5687 = ORIENTED_EDGE('',*,*,#5688,.F.);
#5688 = EDGE_CURVE('',#5689,#5678,#5691,.T.);
#5689 = VERTEX_POINT('',#5690);
#5690 = CARTESIAN_POINT('',(1.27,-0.83053322315,-0.343333333333));
#5691 = B_SPLINE_CURVE_WITH_KNOTS('',3,(#5692,#5693,#5694,#5695),
  .UNSPECIFIED.,.F.,.F.,(4,4),(3.669106867986E-04,7.35041284685E-04),
  .PIECEWISE_BEZIER_KNOTS.);
#5692 = CARTESIAN_POINT('',(1.27,-0.83053322315,-0.343333333333));
#5693 = CARTESIAN_POINT('',(1.394129807124,-0.83053322315,
    -0.343333333333));
#5694 = CARTESIAN_POINT('',(1.515784306337,-0.790055185496,
    -0.340746950613));
#5695 = CARTESIAN_POINT('',(1.609428090416,-0.708184087733,
    -0.339428090415));
#5696 = ORIENTED_EDGE('',*,*,#5697,.F.);
#5697 = EDGE_CURVE('',#5617,#5689,#5698,.T.);
#5698 = CIRCLE('',#5699,0.55);
#5699 = AXIS2_PLACEMENT_3D('',#5700,#5701,#5702);
#5700 = CARTESIAN_POINT('',(1.27,-0.36528538,-5.E-02));
#5701 = DIRECTION('',(-1.,0.,-0.));
#5702 = DIRECTION('',(-0.,0.,1.));
#5703 = SURFACE_OF_REVOLUTION('',#5704,#5712);
#5704 = B_SPLINE_CURVE_WITH_KNOTS('',6,(#5705,#5706,#5707,#5708,#5709,
    #5710,#5711),.UNSPECIFIED.,.F.,.F.,(7,7),(0.,1.008260085193),
  .PIECEWISE_BEZIER_KNOTS.);
#5705 = CARTESIAN_POINT('',(1.27,-0.36528538,-0.6));
#5706 = CARTESIAN_POINT('',(1.27,-0.457709221143,-0.6));
#5707 = CARTESIAN_POINT('',(1.27,-0.550132402892,-0.581362867522));
#5708 = CARTESIAN_POINT('',(1.27,-0.637861660483,-0.544086465511));
#5709 = CARTESIAN_POINT('',(1.27,-0.716182898862,-0.489756580519));
#5710 = CARTESIAN_POINT('',(1.27,-0.781240508967,-0.421515137105));
#5711 = CARTESIAN_POINT('',(1.27,-0.830533224013,-0.343333331965));
#5712 = AXIS1_PLACEMENT('',#5713,#5714);
#5713 = CARTESIAN_POINT('',(1.27,-0.36528538,0.));
#5714 = DIRECTION('',(0.,-1.,0.));
#5715 = ADVANCED_FACE('',(#5716),#5751,.F.);
#5716 = FACE_BOUND('',#5717,.T.);
#5717 = EDGE_LOOP('',(#5718,#5729,#5737,#5745));
#5718 = ORIENTED_EDGE('',*,*,#5719,.F.);
#5719 = EDGE_CURVE('',#5720,#5722,#5724,.T.);
#5720 = VERTEX_POINT('',#5721);
#5721 = CARTESIAN_POINT('',(1.02,-0.953909326765,0.25));
#5722 = VERTEX_POINT('',#5723);
#5723 = CARTESIAN_POINT('',(1.52,-0.953909326765,0.25));
#5724 = B_SPLINE_CURVE_WITH_KNOTS('',3,(#5725,#5726,#5727,#5728),
  .UNSPECIFIED.,.F.,.F.,(4,4),(0.,5.149310952809E-04),
  .PIECEWISE_BEZIER_KNOTS.);
#5725 = CARTESIAN_POINT('',(1.02,-0.953909326765,0.25));
#5726 = CARTESIAN_POINT('',(1.180275992135,-1.015369879129,0.25));
#5727 = CARTESIAN_POINT('',(1.359756974635,-1.015357237461,0.25));
#5728 = CARTESIAN_POINT('',(1.52,-0.953909326765,0.25));
#5729 = ORIENTED_EDGE('',*,*,#5730,.T.);
#5730 = EDGE_CURVE('',#5720,#5731,#5733,.T.);
#5731 = VERTEX_POINT('',#5732);
#5732 = CARTESIAN_POINT('',(1.02,0.,0.25));
#5733 = LINE('',#5734,#5735);
#5734 = CARTESIAN_POINT('',(1.02,-3.,0.25));
#5735 = VECTOR('',#5736,1.);
#5736 = DIRECTION('',(0.,1.,0.));
#5737 = ORIENTED_EDGE('',*,*,#5738,.T.);
#5738 = EDGE_CURVE('',#5731,#5739,#5741,.T.);
#5739 = VERTEX_POINT('',#5740);
#5740 = CARTESIAN_POINT('',(1.52,-4.336808689942E-16,0.25));
#5741 = LINE('',#5742,#5743);
#5742 = CARTESIAN_POINT('',(1.27,0.,0.25));
#5743 = VECTOR('',#5744,1.);
#5744 = DIRECTION('',(1.,0.,0.));
#5745 = ORIENTED_EDGE('',*,*,#5746,.T.);
#5746 = EDGE_CURVE('',#5739,#5722,#5747,.T.);
#5747 = LINE('',#5748,#5749);
#5748 = CARTESIAN_POINT('',(1.52,-3.,0.25));
#5749 = VECTOR('',#5750,1.);
#5750 = DIRECTION('',(0.,-1.,0.));
#5751 = PLANE('',#5752);
#5752 = AXIS2_PLACEMENT_3D('',#5753,#5754,#5755);
#5753 = CARTESIAN_POINT('',(1.02,-3.,0.25));
#5754 = DIRECTION('',(0.,0.,1.));
#5755 = DIRECTION('',(-1.,0.,0.));
#5756 = ADVANCED_FACE('',(#5757),#5795,.T.);
#5757 = FACE_BOUND('',#5758,.T.);
#5758 = EDGE_LOOP('',(#5759,#5760,#5767,#5768,#5777,#5788));
#5759 = ORIENTED_EDGE('',*,*,#5659,.F.);
#5760 = ORIENTED_EDGE('',*,*,#5761,.T.);
#5761 = EDGE_CURVE('',#5619,#5617,#5762,.T.);
#5762 = CIRCLE('',#5763,0.6);
#5763 = AXIS2_PLACEMENT_3D('',#5764,#5765,#5766);
#5764 = CARTESIAN_POINT('',(1.27,-0.36528538,0.));
#5765 = DIRECTION('',(0.,-1.,0.));
#5766 = DIRECTION('',(0.,0.,-1.));
#5767 = ORIENTED_EDGE('',*,*,#5697,.T.);
#5768 = ORIENTED_EDGE('',*,*,#5769,.F.);
#5769 = EDGE_CURVE('',#5770,#5689,#5772,.T.);
#5770 = VERTEX_POINT('',#5771);
#5771 = CARTESIAN_POINT('',(0.930571909585,-0.708184087733,
    -0.339428090416));
#5772 = B_SPLINE_CURVE_WITH_KNOTS('',3,(#5773,#5774,#5775,#5776),
  .UNSPECIFIED.,.F.,.F.,(4,4),(0.,3.669106867986E-04),
  .PIECEWISE_BEZIER_KNOTS.);
#5773 = CARTESIAN_POINT('',(0.930571909585,-0.708184087733,
    -0.339428090416));
#5774 = CARTESIAN_POINT('',(1.023850349603,-0.789735771671,
    -0.340741805181));
#5775 = CARTESIAN_POINT('',(1.146281534201,-0.83053322315,
    -0.343333333333));
#5776 = CARTESIAN_POINT('',(1.27,-0.83053322315,-0.343333333333));
#5777 = ORIENTED_EDGE('',*,*,#5778,.F.);
#5778 = EDGE_CURVE('',#5779,#5770,#5781,.T.);
#5779 = VERTEX_POINT('',#5780);
#5780 = CARTESIAN_POINT('',(0.930571909585,-0.708184087733,
    0.339428090416));
#5781 = B_SPLINE_CURVE_WITH_KNOTS('',3,(#5782,#5783,#5784,#5785,#5786,
    #5787),.UNSPECIFIED.,.F.,.F.,(4,2,4),(8.924087115509E-16,
    3.675206423427E-04,7.350412846845E-04),.UNSPECIFIED.);
#5782 = CARTESIAN_POINT('',(0.930571909585,-0.708184087733,
    0.339428090416));
#5783 = CARTESIAN_POINT('',(0.929256010888,-0.789871343906,0.2459945835)
  );
#5784 = CARTESIAN_POINT('',(0.926658041766,-0.83066781193,0.123284811925
    ));
#5785 = CARTESIAN_POINT('',(0.926675334621,-0.830397962527,
    -0.124518724522));
#5786 = CARTESIAN_POINT('',(0.929255234607,-0.789919533283,
    -0.245939464712));
#5787 = CARTESIAN_POINT('',(0.930571909585,-0.708184087733,
    -0.339428090416));
#5788 = ORIENTED_EDGE('',*,*,#5789,.F.);
#5789 = EDGE_CURVE('',#5660,#5779,#5790,.T.);
#5790 = B_SPLINE_CURVE_WITH_KNOTS('',3,(#5791,#5792,#5793,#5794),
  .UNSPECIFIED.,.F.,.F.,(4,4),(3.669106867986E-04,7.350412846847E-04),
  .PIECEWISE_BEZIER_KNOTS.);
#5791 = CARTESIAN_POINT('',(1.27,-0.83053322315,0.343333333333));
#5792 = CARTESIAN_POINT('',(1.145870192876,-0.83053322315,0.343333333333
    ));
#5793 = CARTESIAN_POINT('',(1.024215693663,-0.790055185495,
    0.340746950613));
#5794 = CARTESIAN_POINT('',(0.930571909585,-0.708184087733,
    0.339428090416));
#5795 = SURFACE_OF_REVOLUTION('',#5796,#5804);
#5796 = B_SPLINE_CURVE_WITH_KNOTS('',6,(#5797,#5798,#5799,#5800,#5801,
    #5802,#5803),.UNSPECIFIED.,.F.,.F.,(7,7),(0.,1.008260085193),
  .PIECEWISE_BEZIER_KNOTS.);
#5797 = CARTESIAN_POINT('',(1.27,-0.36528538,-0.6));
#5798 = CARTESIAN_POINT('',(1.27,-0.457709221143,-0.6));
#5799 = CARTESIAN_POINT('',(1.27,-0.550132402892,-0.581362867522));
#5800 = CARTESIAN_POINT('',(1.27,-0.637861660483,-0.544086465511));
#5801 = CARTESIAN_POINT('',(1.27,-0.716182898862,-0.489756580519));
#5802 = CARTESIAN_POINT('',(1.27,-0.781240508967,-0.421515137105));
#5803 = CARTESIAN_POINT('',(1.27,-0.830533224013,-0.343333331965));
#5804 = AXIS1_PLACEMENT('',#5805,#5806);
#5805 = CARTESIAN_POINT('',(1.27,-0.36528538,0.));
#5806 = DIRECTION('',(0.,-1.,0.));
#5807 = ADVANCED_FACE('',(#5808),#5831,.F.);
#5808 = FACE_BOUND('',#5809,.F.);
#5809 = EDGE_LOOP('',(#5810,#5819,#5820,#5821,#5830));
#5810 = ORIENTED_EDGE('',*,*,#5811,.F.);
#5811 = EDGE_CURVE('',#5779,#5720,#5812,.T.);
#5812 = B_SPLINE_CURVE_WITH_KNOTS('',3,(#5813,#5814,#5815,#5816,#5817,
    #5818),.UNSPECIFIED.,.F.,.F.,(4,2,4),(-2.566325591965E-06,
    1.382116633846E-04,2.789896523612E-04),.UNSPECIFIED.);
#5813 = CARTESIAN_POINT('',(0.930571909585,-0.708184087733,
    0.339428090416));
#5814 = CARTESIAN_POINT('',(0.951259107534,-0.744873716806,
    0.318740892469));
#5815 = CARTESIAN_POINT('',(0.97191280291,-0.781725486939,0.29808719709)
  );
#5816 = CARTESIAN_POINT('',(1.005923690762,-0.86170348181,0.264076309238
    ));
#5817 = CARTESIAN_POINT('',(1.02,-0.90613131984,0.25));
#5818 = CARTESIAN_POINT('',(1.02,-0.953909326765,0.25));
#5819 = ORIENTED_EDGE('',*,*,#5789,.F.);
#5820 = ORIENTED_EDGE('',*,*,#5668,.F.);
#5821 = ORIENTED_EDGE('',*,*,#5822,.T.);
#5822 = EDGE_CURVE('',#5669,#5722,#5823,.T.);
#5823 = B_SPLINE_CURVE_WITH_KNOTS('',3,(#5824,#5825,#5826,#5827,#5828,
    #5829),.UNSPECIFIED.,.F.,.F.,(4,2,4),(-2.566325591967E-06,
    1.382116633846E-04,2.789896523612E-04),.UNSPECIFIED.);
#5824 = CARTESIAN_POINT('',(1.609428090415,-0.708184087733,
    0.339428090416));
#5825 = CARTESIAN_POINT('',(1.588740892469,-0.744873716806,
    0.318740892466));
#5826 = CARTESIAN_POINT('',(1.56808719709,-0.781725486939,0.29808719709)
  );
#5827 = CARTESIAN_POINT('',(1.534076309238,-0.86170348181,0.264076309238
    ));
#5828 = CARTESIAN_POINT('',(1.52,-0.90613131984,0.25));
#5829 = CARTESIAN_POINT('',(1.52,-0.953909326765,0.25));
#5830 = ORIENTED_EDGE('',*,*,#5719,.F.);
#5831 = ( BOUNDED_SURFACE() B_SPLINE_SURFACE(3,2,(
    (#5832,#5833,#5834)
    ,(#5835,#5836,#5837)
    ,(#5838,#5839,#5840)
    ,(#5841,#5842,#5843)
    ,(#5844,#5845,#5846)
    ,(#5847,#5848,#5849
)),.UNSPECIFIED.,.F.,.F.,.F.) B_SPLINE_SURFACE_WITH_KNOTS((4,2,4),(3,3),
  (1.040290242745E-03,1.535147072079E-03,2.030003901413E-03),(0.,1.),
.UNSPECIFIED.) GEOMETRIC_REPRESENTATION_ITEM() RATIONAL_B_SPLINE_SURFACE
((
    (1.,0.881218111854,1.)
    ,(1.,0.879721282842,1.)
    ,(1.,0.875586404508,1.)
    ,(1.,0.875603695599,1.)
    ,(1.,0.879714376944,1.)
,(1.,0.881217888699,1.))) REPRESENTATION_ITEM('') SURFACE() );
#5832 = CARTESIAN_POINT('',(1.724424463609,-0.828914153103,0.25));
#5833 = CARTESIAN_POINT('',(1.652499652031,-0.749308797281,0.25));
#5834 = CARTESIAN_POINT('',(1.612718706114,-0.705279813609,
    0.339381855736));
#5835 = CARTESIAN_POINT('',(1.600744718246,-0.940660827876,0.25));
#5836 = CARTESIAN_POINT('',(1.548812920009,-0.841647053409,0.25));
#5837 = CARTESIAN_POINT('',(1.520997771493,-0.787000941821,
    0.340667528821));
#5838 = CARTESIAN_POINT('',(1.436326217414,-0.999842910997,0.25));
#5839 = CARTESIAN_POINT('',(1.410615335025,-0.889482905277,0.25));
#5840 = CARTESIAN_POINT('',(1.396900720324,-0.830627582642,0.34333938767
    ));
#5841 = CARTESIAN_POINT('',(1.102571252549,-0.999585177268,0.25));
#5842 = CARTESIAN_POINT('',(1.128455360396,-0.889274352548,0.25));
#5843 = CARTESIAN_POINT('',(1.142258090116,-0.830438551419,
    0.343327258987));
#5844 = CARTESIAN_POINT('',(0.939710578855,-0.941065184885,0.25));
#5845 = CARTESIAN_POINT('',(0.991576924084,-0.841988366663,0.25));
#5846 = CARTESIAN_POINT('',(1.019354025493,-0.787309113319,
    0.340672436988));
#5847 = CARTESIAN_POINT('',(0.815590628518,-0.828927788663,0.25));
#5848 = CARTESIAN_POINT('',(0.887512985504,-0.749320051288,0.25));
#5849 = CARTESIAN_POINT('',(0.927292517234,-0.70528981302,0.339382013054
    ));
#5850 = ADVANCED_FACE('',(#5851),#5863,.T.);
#5851 = FACE_BOUND('',#5852,.T.);
#5852 = EDGE_LOOP('',(#5853,#5854,#5855,#5856));
#5853 = ORIENTED_EDGE('',*,*,#5627,.F.);
#5854 = ORIENTED_EDGE('',*,*,#5761,.F.);
#5855 = ORIENTED_EDGE('',*,*,#5644,.T.);
#5856 = ORIENTED_EDGE('',*,*,#5857,.F.);
#5857 = EDGE_CURVE('',#5628,#5636,#5858,.T.);
#5858 = CIRCLE('',#5859,0.6);
#5859 = AXIS2_PLACEMENT_3D('',#5860,#5861,#5862);
#5860 = CARTESIAN_POINT('',(1.27,0.,0.));
#5861 = DIRECTION('',(-0.,1.,0.));
#5862 = DIRECTION('',(0.,0.,-1.));
#5863 = CYLINDRICAL_SURFACE('',#5864,0.6);
#5864 = AXIS2_PLACEMENT_3D('',#5865,#5866,#5867);
#5865 = CARTESIAN_POINT('',(1.27,-0.91528538,0.));
#5866 = DIRECTION('',(0.,1.,0.));
#5867 = DIRECTION('',(0.,-0.,1.));
#5868 = ADVANCED_FACE('',(#5869,#5873),#5898,.F.);
#5869 = FACE_BOUND('',#5870,.T.);
#5870 = EDGE_LOOP('',(#5871,#5872));
#5871 = ORIENTED_EDGE('',*,*,#5635,.T.);
#5872 = ORIENTED_EDGE('',*,*,#5857,.T.);
#5873 = FACE_BOUND('',#5874,.T.);
#5874 = EDGE_LOOP('',(#5875,#5876,#5884,#5892));
#5875 = ORIENTED_EDGE('',*,*,#5738,.F.);
#5876 = ORIENTED_EDGE('',*,*,#5877,.T.);
#5877 = EDGE_CURVE('',#5731,#5878,#5880,.T.);
#5878 = VERTEX_POINT('',#5879);
#5879 = CARTESIAN_POINT('',(1.02,-4.336808689942E-16,-0.25));
#5880 = LINE('',#5881,#5882);
#5881 = CARTESIAN_POINT('',(1.02,-4.336808689942E-16,-0.25));
#5882 = VECTOR('',#5883,1.);
#5883 = DIRECTION('',(0.,0.,-1.));
#5884 = ORIENTED_EDGE('',*,*,#5885,.F.);
#5885 = EDGE_CURVE('',#5886,#5878,#5888,.T.);
#5886 = VERTEX_POINT('',#5887);
#5887 = CARTESIAN_POINT('',(1.52,0.,-0.25));
#5888 = LINE('',#5889,#5890);
#5889 = CARTESIAN_POINT('',(1.27,0.,-0.25));
#5890 = VECTOR('',#5891,1.);
#5891 = DIRECTION('',(-1.,0.,0.));
#5892 = ORIENTED_EDGE('',*,*,#5893,.T.);
#5893 = EDGE_CURVE('',#5886,#5739,#5894,.T.);
#5894 = LINE('',#5895,#5896);
#5895 = CARTESIAN_POINT('',(1.52,-4.336808689942E-16,0.25));
#5896 = VECTOR('',#5897,1.);
#5897 = DIRECTION('',(0.,0.,1.));
#5898 = PLANE('',#5899);
#5899 = AXIS2_PLACEMENT_3D('',#5900,#5901,#5902);
#5900 = CARTESIAN_POINT('',(1.27,0.,0.));
#5901 = DIRECTION('',(0.,-1.,-0.));
#5902 = DIRECTION('',(-0.,0.,-1.));
#5903 = ADVANCED_FACE('',(#5904),#5923,.F.);
#5904 = FACE_BOUND('',#5905,.T.);
#5905 = EDGE_LOOP('',(#5906,#5907,#5915,#5922));
#5906 = ORIENTED_EDGE('',*,*,#5893,.F.);
#5907 = ORIENTED_EDGE('',*,*,#5908,.F.);
#5908 = EDGE_CURVE('',#5909,#5886,#5911,.T.);
#5909 = VERTEX_POINT('',#5910);
#5910 = CARTESIAN_POINT('',(1.52,-0.953909326765,-0.25));
#5911 = LINE('',#5912,#5913);
#5912 = CARTESIAN_POINT('',(1.52,-3.,-0.25));
#5913 = VECTOR('',#5914,1.);
#5914 = DIRECTION('',(0.,1.,0.));
#5915 = ORIENTED_EDGE('',*,*,#5916,.F.);
#5916 = EDGE_CURVE('',#5722,#5909,#5917,.T.);
#5917 = B_SPLINE_CURVE_WITH_KNOTS('',3,(#5918,#5919,#5920,#5921),
  .UNSPECIFIED.,.F.,.F.,(4,4),(0.,5.149310952809E-04),
  .PIECEWISE_BEZIER_KNOTS.);
#5918 = CARTESIAN_POINT('',(1.52,-0.953909326765,0.25));
#5919 = CARTESIAN_POINT('',(1.52,-1.015369879129,8.972400786539E-02));
#5920 = CARTESIAN_POINT('',(1.52,-1.015357237461,-8.975697463469E-02));
#5921 = CARTESIAN_POINT('',(1.52,-0.953909326765,-0.25));
#5922 = ORIENTED_EDGE('',*,*,#5746,.F.);
#5923 = PLANE('',#5924);
#5924 = AXIS2_PLACEMENT_3D('',#5925,#5926,#5927);
#5925 = CARTESIAN_POINT('',(1.52,-2.,0.25));
#5926 = DIRECTION('',(1.,0.,-0.));
#5927 = DIRECTION('',(0.,0.,1.));
#5928 = ADVANCED_FACE('',(#5929),#5948,.F.);
#5929 = FACE_BOUND('',#5930,.T.);
#5930 = EDGE_LOOP('',(#5931,#5940,#5946,#5947));
#5931 = ORIENTED_EDGE('',*,*,#5932,.F.);
#5932 = EDGE_CURVE('',#5933,#5720,#5935,.T.);
#5933 = VERTEX_POINT('',#5934);
#5934 = CARTESIAN_POINT('',(1.02,-0.953909326765,-0.25));
#5935 = B_SPLINE_CURVE_WITH_KNOTS('',3,(#5936,#5937,#5938,#5939),
  .UNSPECIFIED.,.F.,.F.,(4,4),(0.,5.149310952809E-04),
  .PIECEWISE_BEZIER_KNOTS.);
#5936 = CARTESIAN_POINT('',(1.02,-0.953909326765,-0.25));
#5937 = CARTESIAN_POINT('',(1.02,-1.015369879129,-8.972400786539E-02));
#5938 = CARTESIAN_POINT('',(1.02,-1.015357237461,8.975697463469E-02));
#5939 = CARTESIAN_POINT('',(1.02,-0.953909326765,0.25));
#5940 = ORIENTED_EDGE('',*,*,#5941,.T.);
#5941 = EDGE_CURVE('',#5933,#5878,#5942,.T.);
#5942 = LINE('',#5943,#5944);
#5943 = CARTESIAN_POINT('',(1.02,-2.,-0.25));
#5944 = VECTOR('',#5945,1.);
#5945 = DIRECTION('',(0.,1.,0.));
#5946 = ORIENTED_EDGE('',*,*,#5877,.F.);
#5947 = ORIENTED_EDGE('',*,*,#5730,.F.);
#5948 = PLANE('',#5949);
#5949 = AXIS2_PLACEMENT_3D('',#5950,#5951,#5952);
#5950 = CARTESIAN_POINT('',(1.02,-2.,-0.25));
#5951 = DIRECTION('',(-1.,0.,0.));
#5952 = DIRECTION('',(0.,0.,-1.));
#5953 = ADVANCED_FACE('',(#5954),#5968,.F.);
#5954 = FACE_BOUND('',#5955,.F.);
#5955 = EDGE_LOOP('',(#5956,#5965,#5966,#5967));
#5956 = ORIENTED_EDGE('',*,*,#5957,.F.);
#5957 = EDGE_CURVE('',#5909,#5678,#5958,.T.);
#5958 = B_SPLINE_CURVE_WITH_KNOTS('',3,(#5959,#5960,#5961,#5962,#5963,
    #5964),.UNSPECIFIED.,.F.,.F.,(4,2,4),(9.006059638196E-19,
    1.404793661642E-04,2.809587323283E-04),.UNSPECIFIED.);
#5959 = CARTESIAN_POINT('',(1.52,-0.953909326765,-0.25));
#5960 = CARTESIAN_POINT('',(1.52,-0.906130385574,-0.25));
#5961 = CARTESIAN_POINT('',(1.534076822686,-0.861701785781,
    -0.264076822686));
#5962 = CARTESIAN_POINT('',(1.56808867883,-0.781722491231,-0.29808867883
    ));
#5963 = CARTESIAN_POINT('',(1.588784774818,-0.744795889581,
    -0.31878477482));
#5964 = CARTESIAN_POINT('',(1.609428090416,-0.708184087733,
    -0.339428090415));
#5965 = ORIENTED_EDGE('',*,*,#5916,.F.);
#5966 = ORIENTED_EDGE('',*,*,#5822,.F.);
#5967 = ORIENTED_EDGE('',*,*,#5677,.F.);
#5968 = ( BOUNDED_SURFACE() B_SPLINE_SURFACE(3,2,(
    (#5969,#5970,#5971)
    ,(#5972,#5973,#5974)
    ,(#5975,#5976,#5977)
    ,(#5978,#5979,#5980)
    ,(#5981,#5982,#5983)
    ,(#5984,#5985,#5986
)),.UNSPECIFIED.,.F.,.F.,.F.) B_SPLINE_SURFACE_WITH_KNOTS((4,2,4),(3,3),
  (1.040290242745E-03,1.535147072079E-03,2.030003901413E-03),(0.,1.),
.UNSPECIFIED.) GEOMETRIC_REPRESENTATION_ITEM() RATIONAL_B_SPLINE_SURFACE
((
    (1.,0.881218111854,1.)
    ,(1.,0.879721282842,1.)
    ,(1.,0.875586404508,1.)
    ,(1.,0.875603695599,1.)
    ,(1.,0.879714376944,1.)
,(1.,0.881217888699,1.))) REPRESENTATION_ITEM('') SURFACE() );
#5969 = CARTESIAN_POINT('',(1.52,-0.828914153103,-0.454424463609));
#5970 = CARTESIAN_POINT('',(1.52,-0.749308797281,-0.382499652031));
#5971 = CARTESIAN_POINT('',(1.609381855736,-0.705279813609,
    -0.342718706114));
#5972 = CARTESIAN_POINT('',(1.52,-0.940660827876,-0.330744718246));
#5973 = CARTESIAN_POINT('',(1.52,-0.841647053409,-0.278812920009));
#5974 = CARTESIAN_POINT('',(1.610667528821,-0.787000941821,
    -0.250997771493));
#5975 = CARTESIAN_POINT('',(1.52,-0.999842910997,-0.166326217414));
#5976 = CARTESIAN_POINT('',(1.52,-0.889482905277,-0.140615335025));
#5977 = CARTESIAN_POINT('',(1.61333938767,-0.830627582642,
    -0.126900720324));
#5978 = CARTESIAN_POINT('',(1.52,-0.999585177268,0.167428747451));
#5979 = CARTESIAN_POINT('',(1.52,-0.889274352548,0.141544639604));
#5980 = CARTESIAN_POINT('',(1.613327258987,-0.830438551419,
    0.127741909884));
#5981 = CARTESIAN_POINT('',(1.52,-0.941065184885,0.330289421145));
#5982 = CARTESIAN_POINT('',(1.52,-0.841988366663,0.278423075916));
#5983 = CARTESIAN_POINT('',(1.610672436988,-0.787309113319,
    0.250645974508));
#5984 = CARTESIAN_POINT('',(1.52,-0.828927788663,0.454409371483));
#5985 = CARTESIAN_POINT('',(1.52,-0.749320051288,0.382487014497));
#5986 = CARTESIAN_POINT('',(1.609382013054,-0.70528981302,0.342707482766
    ));
#5987 = ADVANCED_FACE('',(#5988),#6000,.F.);
#5988 = FACE_BOUND('',#5989,.T.);
#5989 = EDGE_LOOP('',(#5990,#5991,#5992,#5999));
#5990 = ORIENTED_EDGE('',*,*,#5885,.T.);
#5991 = ORIENTED_EDGE('',*,*,#5941,.F.);
#5992 = ORIENTED_EDGE('',*,*,#5993,.F.);
#5993 = EDGE_CURVE('',#5909,#5933,#5994,.T.);
#5994 = B_SPLINE_CURVE_WITH_KNOTS('',3,(#5995,#5996,#5997,#5998),
  .UNSPECIFIED.,.F.,.F.,(4,4),(1.167721476618E-18,5.149310952809E-04),
  .PIECEWISE_BEZIER_KNOTS.);
#5995 = CARTESIAN_POINT('',(1.52,-0.953909326765,-0.25));
#5996 = CARTESIAN_POINT('',(1.359724007865,-1.015369879129,-0.25));
#5997 = CARTESIAN_POINT('',(1.180243025365,-1.015357237461,-0.25));
#5998 = CARTESIAN_POINT('',(1.02,-0.953909326765,-0.25));
#5999 = ORIENTED_EDGE('',*,*,#5908,.T.);
#6000 = PLANE('',#6001);
#6001 = AXIS2_PLACEMENT_3D('',#6002,#6003,#6004);
#6002 = CARTESIAN_POINT('',(1.52,-3.,-0.25));
#6003 = DIRECTION('',(0.,0.,-1.));
#6004 = DIRECTION('',(1.,0.,0.));
#6005 = ADVANCED_FACE('',(#6006),#6020,.F.);
#6006 = FACE_BOUND('',#6007,.F.);
#6007 = EDGE_LOOP('',(#6008,#6009,#6018,#6019));
#6008 = ORIENTED_EDGE('',*,*,#5932,.F.);
#6009 = ORIENTED_EDGE('',*,*,#6010,.T.);
#6010 = EDGE_CURVE('',#5933,#5770,#6011,.T.);
#6011 = B_SPLINE_CURVE_WITH_KNOTS('',3,(#6012,#6013,#6014,#6015,#6016,
    #6017),.UNSPECIFIED.,.F.,.F.,(4,2,4),(5.448048490814E-19,
    1.404793661642E-04,2.809587323283E-04),.UNSPECIFIED.);
#6012 = CARTESIAN_POINT('',(1.02,-0.953909326765,-0.25));
#6013 = CARTESIAN_POINT('',(1.02,-0.906130385574,-0.25));
#6014 = CARTESIAN_POINT('',(1.005923177314,-0.861701785781,
    -0.264076822686));
#6015 = CARTESIAN_POINT('',(0.97191132117,-0.781722491231,-0.29808867883
    ));
#6016 = CARTESIAN_POINT('',(0.951215225179,-0.744795889581,
    -0.318784774818));
#6017 = CARTESIAN_POINT('',(0.930571909585,-0.708184087733,
    -0.339428090416));
#6018 = ORIENTED_EDGE('',*,*,#5778,.F.);
#6019 = ORIENTED_EDGE('',*,*,#5811,.T.);
#6020 = ( BOUNDED_SURFACE() B_SPLINE_SURFACE(3,2,(
    (#6021,#6022,#6023)
    ,(#6024,#6025,#6026)
    ,(#6027,#6028,#6029)
    ,(#6030,#6031,#6032)
    ,(#6033,#6034,#6035)
    ,(#6036,#6037,#6038
)),.UNSPECIFIED.,.F.,.F.,.F.) B_SPLINE_SURFACE_WITH_KNOTS((4,2,4),(3,3),
  (1.040290242745E-03,1.535147072079E-03,2.030003901413E-03),(0.,1.),
.UNSPECIFIED.) GEOMETRIC_REPRESENTATION_ITEM() RATIONAL_B_SPLINE_SURFACE
((
    (1.,0.881218111854,1.)
    ,(1.,0.879721282842,1.)
    ,(1.,0.875586404508,1.)
    ,(1.,0.875603695599,1.)
    ,(1.,0.879714376944,1.)
,(1.,0.881217888699,1.))) REPRESENTATION_ITEM('') SURFACE() );
#6021 = CARTESIAN_POINT('',(1.02,-0.828914153103,0.454424463609));
#6022 = CARTESIAN_POINT('',(1.02,-0.749308797281,0.382499652031));
#6023 = CARTESIAN_POINT('',(0.930618144264,-0.705279813609,
    0.342718706114));
#6024 = CARTESIAN_POINT('',(1.02,-0.940660827876,0.330744718246));
#6025 = CARTESIAN_POINT('',(1.02,-0.841647053409,0.278812920009));
#6026 = CARTESIAN_POINT('',(0.929332471179,-0.787000941821,
    0.250997771493));
#6027 = CARTESIAN_POINT('',(1.02,-0.999842910997,0.166326217414));
#6028 = CARTESIAN_POINT('',(1.02,-0.889482905277,0.140615335025));
#6029 = CARTESIAN_POINT('',(0.92666061233,-0.830627582642,0.126900720324
    ));
#6030 = CARTESIAN_POINT('',(1.02,-0.999585177268,-0.167428747451));
#6031 = CARTESIAN_POINT('',(1.02,-0.889274352548,-0.141544639604));
#6032 = CARTESIAN_POINT('',(0.926672741013,-0.830438551419,
    -0.127741909884));
#6033 = CARTESIAN_POINT('',(1.02,-0.941065184885,-0.330289421145));
#6034 = CARTESIAN_POINT('',(1.02,-0.841988366663,-0.278423075916));
#6035 = CARTESIAN_POINT('',(0.929327563012,-0.787309113319,
    -0.250645974508));
#6036 = CARTESIAN_POINT('',(1.02,-0.828927788663,-0.454409371483));
#6037 = CARTESIAN_POINT('',(1.02,-0.749320051288,-0.382487014497));
#6038 = CARTESIAN_POINT('',(0.930617986946,-0.70528981302,
    -0.342707482766));
#6039 = ADVANCED_FACE('',(#6040),#6047,.F.);
#6040 = FACE_BOUND('',#6041,.F.);
#6041 = EDGE_LOOP('',(#6042,#6043,#6044,#6045,#6046));
#6042 = ORIENTED_EDGE('',*,*,#6010,.F.);
#6043 = ORIENTED_EDGE('',*,*,#5993,.F.);
#6044 = ORIENTED_EDGE('',*,*,#5957,.T.);
#6045 = ORIENTED_EDGE('',*,*,#5688,.F.);
#6046 = ORIENTED_EDGE('',*,*,#5769,.F.);
#6047 = ( BOUNDED_SURFACE() B_SPLINE_SURFACE(3,2,(
    (#6048,#6049,#6050)
    ,(#6051,#6052,#6053)
    ,(#6054,#6055,#6056)
    ,(#6057,#6058,#6059)
    ,(#6060,#6061,#6062)
    ,(#6063,#6064,#6065
)),.UNSPECIFIED.,.F.,.F.,.F.) B_SPLINE_SURFACE_WITH_KNOTS((4,2,4),(3,3),
  (1.040290242745E-03,1.535147072079E-03,2.030003901413E-03),(0.,1.),
.UNSPECIFIED.) GEOMETRIC_REPRESENTATION_ITEM() RATIONAL_B_SPLINE_SURFACE
((
    (1.,0.881218111854,1.)
    ,(1.,0.879721282842,1.)
    ,(1.,0.875586404508,1.)
    ,(1.,0.875603695599,1.)
    ,(1.,0.879714376944,1.)
,(1.,0.881217888699,1.))) REPRESENTATION_ITEM('') SURFACE() );
#6048 = CARTESIAN_POINT('',(0.815575536391,-0.828914153103,-0.25));
#6049 = CARTESIAN_POINT('',(0.887500347969,-0.749308797281,-0.25));
#6050 = CARTESIAN_POINT('',(0.927281293886,-0.705279813609,
    -0.339381855736));
#6051 = CARTESIAN_POINT('',(0.939255281754,-0.940660827876,-0.25));
#6052 = CARTESIAN_POINT('',(0.991187079991,-0.841647053409,-0.25));
#6053 = CARTESIAN_POINT('',(1.019002228507,-0.787000941821,
    -0.340667528821));
#6054 = CARTESIAN_POINT('',(1.103673782586,-0.999842910997,-0.25));
#6055 = CARTESIAN_POINT('',(1.129384664975,-0.889482905277,-0.25));
#6056 = CARTESIAN_POINT('',(1.143099279676,-0.830627582642,
    -0.34333938767));
#6057 = CARTESIAN_POINT('',(1.437428747451,-0.999585177268,-0.25));
#6058 = CARTESIAN_POINT('',(1.411544639604,-0.889274352548,-0.25));
#6059 = CARTESIAN_POINT('',(1.397741909884,-0.830438551419,
    -0.343327258987));
#6060 = CARTESIAN_POINT('',(1.600289421145,-0.941065184885,-0.25));
#6061 = CARTESIAN_POINT('',(1.548423075916,-0.841988366663,-0.25));
#6062 = CARTESIAN_POINT('',(1.520645974508,-0.787309113319,
    -0.340672436988));
#6063 = CARTESIAN_POINT('',(1.724409371483,-0.828927788663,-0.25));
#6064 = CARTESIAN_POINT('',(1.652487014497,-0.749320051288,-0.25));
#6065 = CARTESIAN_POINT('',(1.612707482766,-0.70528981302,
    -0.339382013054));
#6066 = MANIFOLD_SOLID_BREP('',#6067);
#6067 = CLOSED_SHELL('',(#6068,#6172,#6276,#6298,#6320,#6342,#6359,#6371
    ,#6388,#6405,#6422,#6439,#6456,#6468));
#6068 = ADVANCED_FACE('',(#6069),#6167,.F.);
#6069 = FACE_BOUND('',#6070,.T.);
#6070 = EDGE_LOOP('',(#6071,#6081,#6089,#6097,#6105,#6113,#6121,#6129,
    #6137,#6145,#6153,#6161));
#6071 = ORIENTED_EDGE('',*,*,#6072,.F.);
#6072 = EDGE_CURVE('',#6073,#6075,#6077,.T.);
#6073 = VERTEX_POINT('',#6074);
#6074 = CARTESIAN_POINT('',(-1.02,-25.5,0.25));
#6075 = VERTEX_POINT('',#6076);
#6076 = CARTESIAN_POINT('',(-1.52,-25.5,0.25));
#6077 = LINE('',#6078,#6079);
#6078 = CARTESIAN_POINT('',(-1.02,-25.5,0.25));
#6079 = VECTOR('',#6080,1.);
#6080 = DIRECTION('',(-1.,0.,0.));
#6081 = ORIENTED_EDGE('',*,*,#6082,.T.);
#6082 = EDGE_CURVE('',#6073,#6083,#6085,.T.);
#6083 = VERTEX_POINT('',#6084);
#6084 = CARTESIAN_POINT('',(-1.02,-3.,0.25));
#6085 = LINE('',#6086,#6087);
#6086 = CARTESIAN_POINT('',(-1.02,-27.,0.25));
#6087 = VECTOR('',#6088,1.);
#6088 = DIRECTION('',(-0.,1.,-0.));
#6089 = ORIENTED_EDGE('',*,*,#6090,.F.);
#6090 = EDGE_CURVE('',#6091,#6083,#6093,.T.);
#6091 = VERTEX_POINT('',#6092);
#6092 = CARTESIAN_POINT('',(-0.92,-3.,0.25));
#6093 = LINE('',#6094,#6095);
#6094 = CARTESIAN_POINT('',(-0.92,-3.,0.25));
#6095 = VECTOR('',#6096,1.);
#6096 = DIRECTION('',(-1.,0.,0.));
#6097 = ORIENTED_EDGE('',*,*,#6098,.T.);
#6098 = EDGE_CURVE('',#6091,#6099,#6101,.T.);
#6099 = VERTEX_POINT('',#6100);
#6100 = CARTESIAN_POINT('',(-0.92,-2.,0.25));
#6101 = LINE('',#6102,#6103);
#6102 = CARTESIAN_POINT('',(-0.92,-3.,0.25));
#6103 = VECTOR('',#6104,1.);
#6104 = DIRECTION('',(-0.,1.,0.));
#6105 = ORIENTED_EDGE('',*,*,#6106,.T.);
#6106 = EDGE_CURVE('',#6099,#6107,#6109,.T.);
#6107 = VERTEX_POINT('',#6108);
#6108 = CARTESIAN_POINT('',(-1.02,-2.,0.25));
#6109 = LINE('',#6110,#6111);
#6110 = CARTESIAN_POINT('',(-0.92,-2.,0.25));
#6111 = VECTOR('',#6112,1.);
#6112 = DIRECTION('',(-1.,0.,0.));
#6113 = ORIENTED_EDGE('',*,*,#6114,.T.);
#6114 = EDGE_CURVE('',#6107,#6115,#6117,.T.);
#6115 = VERTEX_POINT('',#6116);
#6116 = CARTESIAN_POINT('',(-1.02,0.,0.25));
#6117 = LINE('',#6118,#6119);
#6118 = CARTESIAN_POINT('',(-1.02,-27.,0.25));
#6119 = VECTOR('',#6120,1.);
#6120 = DIRECTION('',(-0.,1.,-0.));
#6121 = ORIENTED_EDGE('',*,*,#6122,.T.);
#6122 = EDGE_CURVE('',#6115,#6123,#6125,.T.);
#6123 = VERTEX_POINT('',#6124);
#6124 = CARTESIAN_POINT('',(-1.52,0.,0.25));
#6125 = LINE('',#6126,#6127);
#6126 = CARTESIAN_POINT('',(-1.27,0.,0.25));
#6127 = VECTOR('',#6128,1.);
#6128 = DIRECTION('',(-1.,0.,-0.));
#6129 = ORIENTED_EDGE('',*,*,#6130,.F.);
#6130 = EDGE_CURVE('',#6131,#6123,#6133,.T.);
#6131 = VERTEX_POINT('',#6132);
#6132 = CARTESIAN_POINT('',(-1.52,-2.,0.25));
#6133 = LINE('',#6134,#6135);
#6134 = CARTESIAN_POINT('',(-1.52,-27.,0.25));
#6135 = VECTOR('',#6136,1.);
#6136 = DIRECTION('',(-0.,1.,-0.));
#6137 = ORIENTED_EDGE('',*,*,#6138,.T.);
#6138 = EDGE_CURVE('',#6131,#6139,#6141,.T.);
#6139 = VERTEX_POINT('',#6140);
#6140 = CARTESIAN_POINT('',(-1.62,-2.,0.25));
#6141 = LINE('',#6142,#6143);
#6142 = CARTESIAN_POINT('',(-0.92,-2.,0.25));
#6143 = VECTOR('',#6144,1.);
#6144 = DIRECTION('',(-1.,0.,0.));
#6145 = ORIENTED_EDGE('',*,*,#6146,.F.);
#6146 = EDGE_CURVE('',#6147,#6139,#6149,.T.);
#6147 = VERTEX_POINT('',#6148);
#6148 = CARTESIAN_POINT('',(-1.62,-3.,0.25));
#6149 = LINE('',#6150,#6151);
#6150 = CARTESIAN_POINT('',(-1.62,-3.,0.25));
#6151 = VECTOR('',#6152,1.);
#6152 = DIRECTION('',(-0.,1.,0.));
#6153 = ORIENTED_EDGE('',*,*,#6154,.F.);
#6154 = EDGE_CURVE('',#6155,#6147,#6157,.T.);
#6155 = VERTEX_POINT('',#6156);
#6156 = CARTESIAN_POINT('',(-1.52,-3.,0.25));
#6157 = LINE('',#6158,#6159);
#6158 = CARTESIAN_POINT('',(-0.92,-3.,0.25));
#6159 = VECTOR('',#6160,1.);
#6160 = DIRECTION('',(-1.,0.,0.));
#6161 = ORIENTED_EDGE('',*,*,#6162,.F.);
#6162 = EDGE_CURVE('',#6075,#6155,#6163,.T.);
#6163 = LINE('',#6164,#6165);
#6164 = CARTESIAN_POINT('',(-1.52,-27.,0.25));
#6165 = VECTOR('',#6166,1.);
#6166 = DIRECTION('',(-0.,1.,-0.));
#6167 = PLANE('',#6168);
#6168 = AXIS2_PLACEMENT_3D('',#6169,#6170,#6171);
#6169 = CARTESIAN_POINT('',(-1.52,-27.,0.25));
#6170 = DIRECTION('',(0.,0.,-1.));
#6171 = DIRECTION('',(-1.,0.,-0.));
#6172 = ADVANCED_FACE('',(#6173),#6271,.F.);
#6173 = FACE_BOUND('',#6174,.T.);
#6174 = EDGE_LOOP('',(#6175,#6185,#6193,#6201,#6209,#6217,#6225,#6233,
    #6241,#6249,#6257,#6265));
#6175 = ORIENTED_EDGE('',*,*,#6176,.F.);
#6176 = EDGE_CURVE('',#6177,#6179,#6181,.T.);
#6177 = VERTEX_POINT('',#6178);
#6178 = CARTESIAN_POINT('',(-1.52,-25.5,-0.25));
#6179 = VERTEX_POINT('',#6180);
#6180 = CARTESIAN_POINT('',(-1.02,-25.5,-0.25));
#6181 = LINE('',#6182,#6183);
#6182 = CARTESIAN_POINT('',(-1.52,-25.5,-0.25));
#6183 = VECTOR('',#6184,1.);
#6184 = DIRECTION('',(1.,0.,0.));
#6185 = ORIENTED_EDGE('',*,*,#6186,.T.);
#6186 = EDGE_CURVE('',#6177,#6187,#6189,.T.);
#6187 = VERTEX_POINT('',#6188);
#6188 = CARTESIAN_POINT('',(-1.52,-3.,-0.25));
#6189 = LINE('',#6190,#6191);
#6190 = CARTESIAN_POINT('',(-1.52,-27.,-0.25));
#6191 = VECTOR('',#6192,1.);
#6192 = DIRECTION('',(-0.,1.,-0.));
#6193 = ORIENTED_EDGE('',*,*,#6194,.F.);
#6194 = EDGE_CURVE('',#6195,#6187,#6197,.T.);
#6195 = VERTEX_POINT('',#6196);
#6196 = CARTESIAN_POINT('',(-1.62,-3.,-0.25));
#6197 = LINE('',#6198,#6199);
#6198 = CARTESIAN_POINT('',(-1.62,-3.,-0.25));
#6199 = VECTOR('',#6200,1.);
#6200 = DIRECTION('',(1.,0.,7.744301232039E-17));
#6201 = ORIENTED_EDGE('',*,*,#6202,.T.);
#6202 = EDGE_CURVE('',#6195,#6203,#6205,.T.);
#6203 = VERTEX_POINT('',#6204);
#6204 = CARTESIAN_POINT('',(-1.62,-2.,-0.25));
#6205 = LINE('',#6206,#6207);
#6206 = CARTESIAN_POINT('',(-1.62,-3.,-0.25));
#6207 = VECTOR('',#6208,1.);
#6208 = DIRECTION('',(-0.,1.,0.));
#6209 = ORIENTED_EDGE('',*,*,#6210,.T.);
#6210 = EDGE_CURVE('',#6203,#6211,#6213,.T.);
#6211 = VERTEX_POINT('',#6212);
#6212 = CARTESIAN_POINT('',(-1.52,-2.,-0.25));
#6213 = LINE('',#6214,#6215);
#6214 = CARTESIAN_POINT('',(-1.62,-2.,-0.25));
#6215 = VECTOR('',#6216,1.);
#6216 = DIRECTION('',(1.,0.,7.744301232039E-17));
#6217 = ORIENTED_EDGE('',*,*,#6218,.T.);
#6218 = EDGE_CURVE('',#6211,#6219,#6221,.T.);
#6219 = VERTEX_POINT('',#6220);
#6220 = CARTESIAN_POINT('',(-1.52,-4.336808689942E-16,-0.25));
#6221 = LINE('',#6222,#6223);
#6222 = CARTESIAN_POINT('',(-1.52,-27.,-0.25));
#6223 = VECTOR('',#6224,1.);
#6224 = DIRECTION('',(-0.,1.,-0.));
#6225 = ORIENTED_EDGE('',*,*,#6226,.F.);
#6226 = EDGE_CURVE('',#6227,#6219,#6229,.T.);
#6227 = VERTEX_POINT('',#6228);
#6228 = CARTESIAN_POINT('',(-1.02,-4.336808689942E-16,-0.25));
#6229 = LINE('',#6230,#6231);
#6230 = CARTESIAN_POINT('',(-1.52,-4.336808689942E-16,-0.25));
#6231 = VECTOR('',#6232,1.);
#6232 = DIRECTION('',(-1.,0.,0.));
#6233 = ORIENTED_EDGE('',*,*,#6234,.F.);
#6234 = EDGE_CURVE('',#6235,#6227,#6237,.T.);
#6235 = VERTEX_POINT('',#6236);
#6236 = CARTESIAN_POINT('',(-1.02,-2.,-0.25));
#6237 = LINE('',#6238,#6239);
#6238 = CARTESIAN_POINT('',(-1.02,-27.,-0.25));
#6239 = VECTOR('',#6240,1.);
#6240 = DIRECTION('',(-0.,1.,-0.));
#6241 = ORIENTED_EDGE('',*,*,#6242,.T.);
#6242 = EDGE_CURVE('',#6235,#6243,#6245,.T.);
#6243 = VERTEX_POINT('',#6244);
#6244 = CARTESIAN_POINT('',(-0.92,-2.,-0.25));
#6245 = LINE('',#6246,#6247);
#6246 = CARTESIAN_POINT('',(-1.62,-2.,-0.25));
#6247 = VECTOR('',#6248,1.);
#6248 = DIRECTION('',(1.,0.,7.744301232039E-17));
#6249 = ORIENTED_EDGE('',*,*,#6250,.F.);
#6250 = EDGE_CURVE('',#6251,#6243,#6253,.T.);
#6251 = VERTEX_POINT('',#6252);
#6252 = CARTESIAN_POINT('',(-0.92,-3.,-0.25));
#6253 = LINE('',#6254,#6255);
#6254 = CARTESIAN_POINT('',(-0.92,-3.,-0.25));
#6255 = VECTOR('',#6256,1.);
#6256 = DIRECTION('',(-0.,1.,0.));
#6257 = ORIENTED_EDGE('',*,*,#6258,.F.);
#6258 = EDGE_CURVE('',#6259,#6251,#6261,.T.);
#6259 = VERTEX_POINT('',#6260);
#6260 = CARTESIAN_POINT('',(-1.02,-3.,-0.25));
#6261 = LINE('',#6262,#6263);
#6262 = CARTESIAN_POINT('',(-1.62,-3.,-0.25));
#6263 = VECTOR('',#6264,1.);
#6264 = DIRECTION('',(1.,0.,7.744301232039E-17));
#6265 = ORIENTED_EDGE('',*,*,#6266,.F.);
#6266 = EDGE_CURVE('',#6179,#6259,#6267,.T.);
#6267 = LINE('',#6268,#6269);
#6268 = CARTESIAN_POINT('',(-1.02,-27.,-0.25));
#6269 = VECTOR('',#6270,1.);
#6270 = DIRECTION('',(-0.,1.,-0.));
#6271 = PLANE('',#6272);
#6272 = AXIS2_PLACEMENT_3D('',#6273,#6274,#6275);
#6273 = CARTESIAN_POINT('',(-1.52,-27.,-0.25));
#6274 = DIRECTION('',(-0.,0.,1.));
#6275 = DIRECTION('',(1.,0.,0.));
#6276 = ADVANCED_FACE('',(#6277),#6293,.T.);
#6277 = FACE_BOUND('',#6278,.T.);
#6278 = EDGE_LOOP('',(#6279,#6280,#6286,#6287));
#6279 = ORIENTED_EDGE('',*,*,#6186,.F.);
#6280 = ORIENTED_EDGE('',*,*,#6281,.F.);
#6281 = EDGE_CURVE('',#6075,#6177,#6282,.T.);
#6282 = LINE('',#6283,#6284);
#6283 = CARTESIAN_POINT('',(-1.52,-25.5,0.25));
#6284 = VECTOR('',#6285,1.);
#6285 = DIRECTION('',(0.,0.,-1.));
#6286 = ORIENTED_EDGE('',*,*,#6162,.T.);
#6287 = ORIENTED_EDGE('',*,*,#6288,.T.);
#6288 = EDGE_CURVE('',#6155,#6187,#6289,.T.);
#6289 = LINE('',#6290,#6291);
#6290 = CARTESIAN_POINT('',(-1.52,-3.,-0.25));
#6291 = VECTOR('',#6292,1.);
#6292 = DIRECTION('',(0.,0.,-1.));
#6293 = PLANE('',#6294);
#6294 = AXIS2_PLACEMENT_3D('',#6295,#6296,#6297);
#6295 = CARTESIAN_POINT('',(-1.52,-2.,0.25));
#6296 = DIRECTION('',(-1.,-0.,0.));
#6297 = DIRECTION('',(0.,0.,1.));
#6298 = ADVANCED_FACE('',(#6299),#6315,.T.);
#6299 = FACE_BOUND('',#6300,.T.);
#6300 = EDGE_LOOP('',(#6301,#6302,#6308,#6309));
#6301 = ORIENTED_EDGE('',*,*,#6082,.F.);
#6302 = ORIENTED_EDGE('',*,*,#6303,.F.);
#6303 = EDGE_CURVE('',#6179,#6073,#6304,.T.);
#6304 = LINE('',#6305,#6306);
#6305 = CARTESIAN_POINT('',(-1.02,-25.5,-0.25));
#6306 = VECTOR('',#6307,1.);
#6307 = DIRECTION('',(0.,0.,1.));
#6308 = ORIENTED_EDGE('',*,*,#6266,.T.);
#6309 = ORIENTED_EDGE('',*,*,#6310,.T.);
#6310 = EDGE_CURVE('',#6259,#6083,#6311,.T.);
#6311 = LINE('',#6312,#6313);
#6312 = CARTESIAN_POINT('',(-1.02,-3.,-0.25));
#6313 = VECTOR('',#6314,1.);
#6314 = DIRECTION('',(0.,0.,1.));
#6315 = PLANE('',#6316);
#6316 = AXIS2_PLACEMENT_3D('',#6317,#6318,#6319);
#6317 = CARTESIAN_POINT('',(-1.02,-2.,-0.25));
#6318 = DIRECTION('',(1.,0.,-0.));
#6319 = DIRECTION('',(-0.,0.,-1.));
#6320 = ADVANCED_FACE('',(#6321),#6337,.F.);
#6321 = FACE_BOUND('',#6322,.T.);
#6322 = EDGE_LOOP('',(#6323,#6329,#6330,#6336));
#6323 = ORIENTED_EDGE('',*,*,#6324,.T.);
#6324 = EDGE_CURVE('',#6243,#6099,#6325,.T.);
#6325 = LINE('',#6326,#6327);
#6326 = CARTESIAN_POINT('',(-0.92,-2.,-0.25));
#6327 = VECTOR('',#6328,1.);
#6328 = DIRECTION('',(0.,0.,1.));
#6329 = ORIENTED_EDGE('',*,*,#6098,.F.);
#6330 = ORIENTED_EDGE('',*,*,#6331,.F.);
#6331 = EDGE_CURVE('',#6251,#6091,#6332,.T.);
#6332 = LINE('',#6333,#6334);
#6333 = CARTESIAN_POINT('',(-0.92,-3.,-0.25));
#6334 = VECTOR('',#6335,1.);
#6335 = DIRECTION('',(0.,0.,1.));
#6336 = ORIENTED_EDGE('',*,*,#6250,.T.);
#6337 = PLANE('',#6338);
#6338 = AXIS2_PLACEMENT_3D('',#6339,#6340,#6341);
#6339 = CARTESIAN_POINT('',(-0.92,-3.,-0.25));
#6340 = DIRECTION('',(-1.,-0.,0.));
#6341 = DIRECTION('',(0.,0.,1.));
#6342 = ADVANCED_FACE('',(#6343),#6354,.F.);
#6343 = FACE_BOUND('',#6344,.T.);
#6344 = EDGE_LOOP('',(#6345,#6346,#6352,#6353));
#6345 = ORIENTED_EDGE('',*,*,#6242,.F.);
#6346 = ORIENTED_EDGE('',*,*,#6347,.T.);
#6347 = EDGE_CURVE('',#6235,#6107,#6348,.T.);
#6348 = LINE('',#6349,#6350);
#6349 = CARTESIAN_POINT('',(-1.02,-2.,-0.25));
#6350 = VECTOR('',#6351,1.);
#6351 = DIRECTION('',(0.,0.,1.));
#6352 = ORIENTED_EDGE('',*,*,#6106,.F.);
#6353 = ORIENTED_EDGE('',*,*,#6324,.F.);
#6354 = PLANE('',#6355);
#6355 = AXIS2_PLACEMENT_3D('',#6356,#6357,#6358);
#6356 = CARTESIAN_POINT('',(0.,-2.,0.));
#6357 = DIRECTION('',(0.,-1.,0.));
#6358 = DIRECTION('',(0.,-0.,-1.));
#6359 = ADVANCED_FACE('',(#6360),#6366,.T.);
#6360 = FACE_BOUND('',#6361,.T.);
#6361 = EDGE_LOOP('',(#6362,#6363,#6364,#6365));
#6362 = ORIENTED_EDGE('',*,*,#6310,.F.);
#6363 = ORIENTED_EDGE('',*,*,#6258,.T.);
#6364 = ORIENTED_EDGE('',*,*,#6331,.T.);
#6365 = ORIENTED_EDGE('',*,*,#6090,.T.);
#6366 = PLANE('',#6367);
#6367 = AXIS2_PLACEMENT_3D('',#6368,#6369,#6370);
#6368 = CARTESIAN_POINT('',(0.,-3.,0.));
#6369 = DIRECTION('',(0.,-1.,0.));
#6370 = DIRECTION('',(0.,-0.,-1.));
#6371 = ADVANCED_FACE('',(#6372),#6383,.T.);
#6372 = FACE_BOUND('',#6373,.T.);
#6373 = EDGE_LOOP('',(#6374,#6375,#6376,#6382));
#6374 = ORIENTED_EDGE('',*,*,#6347,.F.);
#6375 = ORIENTED_EDGE('',*,*,#6234,.T.);
#6376 = ORIENTED_EDGE('',*,*,#6377,.F.);
#6377 = EDGE_CURVE('',#6115,#6227,#6378,.T.);
#6378 = LINE('',#6379,#6380);
#6379 = CARTESIAN_POINT('',(-1.02,-4.336808689942E-16,-0.25));
#6380 = VECTOR('',#6381,1.);
#6381 = DIRECTION('',(0.,0.,-1.));
#6382 = ORIENTED_EDGE('',*,*,#6114,.F.);
#6383 = PLANE('',#6384);
#6384 = AXIS2_PLACEMENT_3D('',#6385,#6386,#6387);
#6385 = CARTESIAN_POINT('',(-1.02,-2.,-0.25));
#6386 = DIRECTION('',(1.,0.,-0.));
#6387 = DIRECTION('',(-0.,0.,-1.));
#6388 = ADVANCED_FACE('',(#6389),#6400,.F.);
#6389 = FACE_BOUND('',#6390,.T.);
#6390 = EDGE_LOOP('',(#6391,#6392,#6393,#6394));
#6391 = ORIENTED_EDGE('',*,*,#6122,.F.);
#6392 = ORIENTED_EDGE('',*,*,#6377,.T.);
#6393 = ORIENTED_EDGE('',*,*,#6226,.T.);
#6394 = ORIENTED_EDGE('',*,*,#6395,.T.);
#6395 = EDGE_CURVE('',#6219,#6123,#6396,.T.);
#6396 = LINE('',#6397,#6398);
#6397 = CARTESIAN_POINT('',(-1.52,-4.336808689942E-16,0.25));
#6398 = VECTOR('',#6399,1.);
#6399 = DIRECTION('',(0.,0.,1.));
#6400 = PLANE('',#6401);
#6401 = AXIS2_PLACEMENT_3D('',#6402,#6403,#6404);
#6402 = CARTESIAN_POINT('',(-1.27,0.,0.));
#6403 = DIRECTION('',(0.,-1.,0.));
#6404 = DIRECTION('',(0.,-0.,-1.));
#6405 = ADVANCED_FACE('',(#6406),#6417,.T.);
#6406 = FACE_BOUND('',#6407,.T.);
#6407 = EDGE_LOOP('',(#6408,#6414,#6415,#6416));
#6408 = ORIENTED_EDGE('',*,*,#6409,.F.);
#6409 = EDGE_CURVE('',#6131,#6211,#6410,.T.);
#6410 = LINE('',#6411,#6412);
#6411 = CARTESIAN_POINT('',(-1.52,-2.,-0.25));
#6412 = VECTOR('',#6413,1.);
#6413 = DIRECTION('',(0.,0.,-1.));
#6414 = ORIENTED_EDGE('',*,*,#6130,.T.);
#6415 = ORIENTED_EDGE('',*,*,#6395,.F.);
#6416 = ORIENTED_EDGE('',*,*,#6218,.F.);
#6417 = PLANE('',#6418);
#6418 = AXIS2_PLACEMENT_3D('',#6419,#6420,#6421);
#6419 = CARTESIAN_POINT('',(-1.52,-2.,0.25));
#6420 = DIRECTION('',(-1.,-0.,0.));
#6421 = DIRECTION('',(0.,0.,1.));
#6422 = ADVANCED_FACE('',(#6423),#6434,.F.);
#6423 = FACE_BOUND('',#6424,.T.);
#6424 = EDGE_LOOP('',(#6425,#6426,#6427,#6428));
#6425 = ORIENTED_EDGE('',*,*,#6138,.F.);
#6426 = ORIENTED_EDGE('',*,*,#6409,.T.);
#6427 = ORIENTED_EDGE('',*,*,#6210,.F.);
#6428 = ORIENTED_EDGE('',*,*,#6429,.F.);
#6429 = EDGE_CURVE('',#6139,#6203,#6430,.T.);
#6430 = LINE('',#6431,#6432);
#6431 = CARTESIAN_POINT('',(-1.62,-2.,0.25));
#6432 = VECTOR('',#6433,1.);
#6433 = DIRECTION('',(0.,0.,-1.));
#6434 = PLANE('',#6435);
#6435 = AXIS2_PLACEMENT_3D('',#6436,#6437,#6438);
#6436 = CARTESIAN_POINT('',(0.,-2.,0.));
#6437 = DIRECTION('',(0.,-1.,0.));
#6438 = DIRECTION('',(0.,-0.,-1.));
#6439 = ADVANCED_FACE('',(#6440),#6451,.T.);
#6440 = FACE_BOUND('',#6441,.T.);
#6441 = EDGE_LOOP('',(#6442,#6443,#6444,#6450));
#6442 = ORIENTED_EDGE('',*,*,#6288,.F.);
#6443 = ORIENTED_EDGE('',*,*,#6154,.T.);
#6444 = ORIENTED_EDGE('',*,*,#6445,.T.);
#6445 = EDGE_CURVE('',#6147,#6195,#6446,.T.);
#6446 = LINE('',#6447,#6448);
#6447 = CARTESIAN_POINT('',(-1.62,-3.,0.25));
#6448 = VECTOR('',#6449,1.);
#6449 = DIRECTION('',(0.,0.,-1.));
#6450 = ORIENTED_EDGE('',*,*,#6194,.T.);
#6451 = PLANE('',#6452);
#6452 = AXIS2_PLACEMENT_3D('',#6453,#6454,#6455);
#6453 = CARTESIAN_POINT('',(0.,-3.,0.));
#6454 = DIRECTION('',(0.,-1.,0.));
#6455 = DIRECTION('',(0.,-0.,-1.));
#6456 = ADVANCED_FACE('',(#6457),#6463,.F.);
#6457 = FACE_BOUND('',#6458,.T.);
#6458 = EDGE_LOOP('',(#6459,#6460,#6461,#6462));
#6459 = ORIENTED_EDGE('',*,*,#6429,.T.);
#6460 = ORIENTED_EDGE('',*,*,#6202,.F.);
#6461 = ORIENTED_EDGE('',*,*,#6445,.F.);
#6462 = ORIENTED_EDGE('',*,*,#6146,.T.);
#6463 = PLANE('',#6464);
#6464 = AXIS2_PLACEMENT_3D('',#6465,#6466,#6467);
#6465 = CARTESIAN_POINT('',(-1.62,-3.,0.25));
#6466 = DIRECTION('',(1.,0.,0.));
#6467 = DIRECTION('',(0.,0.,-1.));
#6468 = ADVANCED_FACE('',(#6469),#6475,.T.);
#6469 = FACE_BOUND('',#6470,.T.);
#6470 = EDGE_LOOP('',(#6471,#6472,#6473,#6474));
#6471 = ORIENTED_EDGE('',*,*,#6176,.T.);
#6472 = ORIENTED_EDGE('',*,*,#6303,.T.);
#6473 = ORIENTED_EDGE('',*,*,#6072,.T.);
#6474 = ORIENTED_EDGE('',*,*,#6281,.T.);
#6475 = PLANE('',#6476);
#6476 = AXIS2_PLACEMENT_3D('',#6477,#6478,#6479);
#6477 = CARTESIAN_POINT('',(0.,-25.5,0.));
#6478 = DIRECTION('',(0.,-1.,0.));
#6479 = DIRECTION('',(0.,-0.,-1.));
#6480 = ( GEOMETRIC_REPRESENTATION_CONTEXT(3) 
GLOBAL_UNCERTAINTY_ASSIGNED_CONTEXT((#6484)) 
GLOBAL_UNIT_ASSIGNED_CONTEXT((#6481,#6482,#6483)) REPRESENTATION_CONTEXT
('Context #1','3D Context with UNIT and UNCERTAINTY') );
#6481 = ( LENGTH_UNIT() NAMED_UNIT(*) SI_UNIT(.MILLI.,.METRE.) );
#6482 = ( NAMED_UNIT(*) PLANE_ANGLE_UNIT() SI_UNIT($,.RADIAN.) );
#6483 = ( NAMED_UNIT(*) SI_UNIT($,.STERADIAN.) SOLID_ANGLE_UNIT() );
#6484 = UNCERTAINTY_MEASURE_WITH_UNIT(LENGTH_MEASURE(5.E-05),#6481,
  'distance_accuracy_value','confusion accuracy');
#6485 = SHAPE_DEFINITION_REPRESENTATION(#6486,#4440);
#6486 = PRODUCT_DEFINITION_SHAPE('','',#6487);
#6487 = PRODUCT_DEFINITION('design','',#6488,#6491);
#6488 = PRODUCT_DEFINITION_FORMATION('','',#6489);
#6489 = PRODUCT('WP7113ID_WP7113ID','WP7113ID_WP7113ID','',(#6490));
#6490 = PRODUCT_CONTEXT('',#2,'mechanical');
#6491 = PRODUCT_DEFINITION_CONTEXT('part definition',#2,'design');
#6492 = CONTEXT_DEPENDENT_SHAPE_REPRESENTATION(#6493,#6495);
#6493 = ( REPRESENTATION_RELATIONSHIP('','',#4440,#4430) 
REPRESENTATION_RELATIONSHIP_WITH_TRANSFORMATION(#6494) 
SHAPE_REPRESENTATION_RELATIONSHIP() );
#6494 = ITEM_DEFINED_TRANSFORMATION('','',#11,#4431);
#6495 = PRODUCT_DEFINITION_SHAPE('Placement','Placement of an item',
  #6496);
#6496 = NEXT_ASSEMBLY_USAGE_OCCURRENCE('23','NAUO1','',#4425,#6487,$);
#6497 = PRODUCT_RELATED_PRODUCT_CATEGORY('part',$,(#6489));
#6498 = CONTEXT_DEPENDENT_SHAPE_REPRESENTATION(#6499,#6501);
#6499 = ( REPRESENTATION_RELATIONSHIP('','',#4430,#4413) 
REPRESENTATION_RELATIONSHIP_WITH_TRANSFORMATION(#6500) 
SHAPE_REPRESENTATION_RELATIONSHIP() );
#6500 = ITEM_DEFINED_TRANSFORMATION('','',#11,#4414);
#6501 = PRODUCT_DEFINITION_SHAPE('Placement','Placement of an item',
  #6502);
#6502 = NEXT_ASSEMBLY_USAGE_OCCURRENCE('24','','',#4408,#4425,$);
#6503 = PRODUCT_RELATED_PRODUCT_CATEGORY('part',$,(#4427));
#6504 = CONTEXT_DEPENDENT_SHAPE_REPRESENTATION(#6505,#6507);
#6505 = ( REPRESENTATION_RELATIONSHIP('','',#4413,#10) 
REPRESENTATION_RELATIONSHIP_WITH_TRANSFORMATION(#6506) 
SHAPE_REPRESENTATION_RELATIONSHIP() );
#6506 = ITEM_DEFINED_TRANSFORMATION('','',#11,#39);
#6507 = PRODUCT_DEFINITION_SHAPE('Placement','Placement of an item',
  #6508);
#6508 = NEXT_ASSEMBLY_USAGE_OCCURRENCE('25','','',#5,#4408,$);
#6509 = PRODUCT_RELATED_PRODUCT_CATEGORY('part',$,(#4410));
#6510 = SHAPE_DEFINITION_REPRESENTATION(#6511,#6517);
#6511 = PRODUCT_DEFINITION_SHAPE('','',#6512);
#6512 = PRODUCT_DEFINITION('design','',#6513,#6516);
#6513 = PRODUCT_DEFINITION_FORMATION('','',#6514);
#6514 = PRODUCT('RD2','RD2','',(#6515));
#6515 = PRODUCT_CONTEXT('',#2,'mechanical');
#6516 = PRODUCT_DEFINITION_CONTEXT('part definition',#2,'design');
#6517 = SHAPE_REPRESENTATION('',(#11,#6518),#6522);
#6518 = AXIS2_PLACEMENT_3D('',#6519,#6520,#6521);
#6519 = CARTESIAN_POINT('',(31.297998526875,10.44699980207,0.));
#6520 = DIRECTION('',(1.748455531469E-07,-1.,-4.371138828674E-08));
#6521 = DIRECTION('',(1.,1.748455531469E-07,0.));
#6522 = ( GEOMETRIC_REPRESENTATION_CONTEXT(3) 
GLOBAL_UNCERTAINTY_ASSIGNED_CONTEXT((#6526)) 
GLOBAL_UNIT_ASSIGNED_CONTEXT((#6523,#6524,#6525)) REPRESENTATION_CONTEXT
('Context #1','3D Context with UNIT and UNCERTAINTY') );
#6523 = ( LENGTH_UNIT() NAMED_UNIT(*) SI_UNIT(.MILLI.,.METRE.) );
#6524 = ( NAMED_UNIT(*) PLANE_ANGLE_UNIT() SI_UNIT($,.RADIAN.) );
#6525 = ( NAMED_UNIT(*) SI_UNIT($,.STERADIAN.) SOLID_ANGLE_UNIT() );
#6526 = UNCERTAINTY_MEASURE_WITH_UNIT(LENGTH_MEASURE(1.E-07),#6523,
  'distance_accuracy_value','confusion accuracy');
#6527 = SHAPE_DEFINITION_REPRESENTATION(#6528,#6534);
#6528 = PRODUCT_DEFINITION_SHAPE('','',#6529);
#6529 = PRODUCT_DEFINITION('design','',#6530,#6533);
#6530 = PRODUCT_DEFINITION_FORMATION('','',#6531);
#6531 = PRODUCT('6770374880','6770374880','',(#6532));
#6532 = PRODUCT_CONTEXT('',#2,'mechanical');
#6533 = PRODUCT_DEFINITION_CONTEXT('part definition',#2,'design');
#6534 = SHAPE_REPRESENTATION('',(#11,#6535,#6539,#6543,#6547,#6551),
  #6555);
#6535 = AXIS2_PLACEMENT_3D('',#6536,#6537,#6538);
#6536 = CARTESIAN_POINT('',(0.,0.,0.));
#6537 = DIRECTION('',(0.,0.,1.));
#6538 = DIRECTION('',(1.,0.,0.));
#6539 = AXIS2_PLACEMENT_3D('',#6540,#6541,#6542);
#6540 = CARTESIAN_POINT('',(0.,0.,0.));
#6541 = DIRECTION('',(0.,0.,1.));
#6542 = DIRECTION('',(1.,0.,0.));
#6543 = AXIS2_PLACEMENT_3D('',#6544,#6545,#6546);
#6544 = CARTESIAN_POINT('',(0.,0.,0.));
#6545 = DIRECTION('',(0.,0.,1.));
#6546 = DIRECTION('',(1.,0.,0.));
#6547 = AXIS2_PLACEMENT_3D('',#6548,#6549,#6550);
#6548 = CARTESIAN_POINT('',(0.,0.,0.));
#6549 = DIRECTION('',(0.,0.,1.));
#6550 = DIRECTION('',(1.,0.,0.));
#6551 = AXIS2_PLACEMENT_3D('',#6552,#6553,#6554);
#6552 = CARTESIAN_POINT('',(0.,0.,0.));
#6553 = DIRECTION('',(0.,0.,1.));
#6554 = DIRECTION('',(1.,0.,0.));
#6555 = ( GEOMETRIC_REPRESENTATION_CONTEXT(3) 
GLOBAL_UNCERTAINTY_ASSIGNED_CONTEXT((#6559)) 
GLOBAL_UNIT_ASSIGNED_CONTEXT((#6556,#6557,#6558)) REPRESENTATION_CONTEXT
('Context #1','3D Context with UNIT and UNCERTAINTY') );
#6556 = ( LENGTH_UNIT() NAMED_UNIT(*) SI_UNIT(.MILLI.,.METRE.) );
#6557 = ( NAMED_UNIT(*) PLANE_ANGLE_UNIT() SI_UNIT($,.RADIAN.) );
#6558 = ( NAMED_UNIT(*) SI_UNIT($,.STERADIAN.) SOLID_ANGLE_UNIT() );
#6559 = UNCERTAINTY_MEASURE_WITH_UNIT(LENGTH_MEASURE(1.E-07),#6556,
  'distance_accuracy_value','confusion accuracy');
#6560 = ADVANCED_BREP_SHAPE_REPRESENTATION('',(#11,#6561),#6665);
#6561 = MANIFOLD_SOLID_BREP('',#6562);
#6562 = CLOSED_SHELL('',(#6563,#6580,#6605,#6631,#6656));
#6563 = ADVANCED_FACE('',(#6564),#6575,.F.);
#6564 = FACE_BOUND('',#6565,.F.);
#6565 = EDGE_LOOP('',(#6566));
#6566 = ORIENTED_EDGE('',*,*,#6567,.T.);
#6567 = EDGE_CURVE('',#6568,#6568,#6570,.T.);
#6568 = VERTEX_POINT('',#6569);
#6569 = CARTESIAN_POINT('',(-1.75,0.7,0.));
#6570 = CIRCLE('',#6571,0.225);
#6571 = AXIS2_PLACEMENT_3D('',#6572,#6573,#6574);
#6572 = CARTESIAN_POINT('',(-1.75,0.925,0.));
#6573 = DIRECTION('',(-1.,0.,0.));
#6574 = DIRECTION('',(0.,-1.,0.));
#6575 = PLANE('',#6576);
#6576 = AXIS2_PLACEMENT_3D('',#6577,#6578,#6579);
#6577 = CARTESIAN_POINT('',(-1.75,0.925,2.6852890458E-18));
#6578 = DIRECTION('',(-1.,-0.,-0.));
#6579 = DIRECTION('',(0.,0.,-1.));
#6580 = ADVANCED_FACE('',(#6581),#6600,.T.);
#6581 = FACE_BOUND('',#6582,.T.);
#6582 = EDGE_LOOP('',(#6583,#6591,#6598,#6599));
#6583 = ORIENTED_EDGE('',*,*,#6584,.T.);
#6584 = EDGE_CURVE('',#6568,#6585,#6587,.T.);
#6585 = VERTEX_POINT('',#6586);
#6586 = CARTESIAN_POINT('',(-3.,0.7,0.));
#6587 = LINE('',#6588,#6589);
#6588 = CARTESIAN_POINT('',(-1.75,0.7,0.));
#6589 = VECTOR('',#6590,1.);
#6590 = DIRECTION('',(-1.,0.,0.));
#6591 = ORIENTED_EDGE('',*,*,#6592,.F.);
#6592 = EDGE_CURVE('',#6585,#6585,#6593,.T.);
#6593 = CIRCLE('',#6594,0.225);
#6594 = AXIS2_PLACEMENT_3D('',#6595,#6596,#6597);
#6595 = CARTESIAN_POINT('',(-3.,0.925,0.));
#6596 = DIRECTION('',(-1.,0.,0.));
#6597 = DIRECTION('',(0.,-1.,0.));
#6598 = ORIENTED_EDGE('',*,*,#6584,.F.);
#6599 = ORIENTED_EDGE('',*,*,#6567,.T.);
#6600 = CYLINDRICAL_SURFACE('',#6601,0.225);
#6601 = AXIS2_PLACEMENT_3D('',#6602,#6603,#6604);
#6602 = CARTESIAN_POINT('',(-1.75,0.925,0.));
#6603 = DIRECTION('',(-1.,0.,0.));
#6604 = DIRECTION('',(0.,-1.,0.));
#6605 = ADVANCED_FACE('',(#6606),#6626,.T.);
#6606 = FACE_BOUND('',#6607,.T.);
#6607 = EDGE_LOOP('',(#6608,#6617,#6624,#6625));
#6608 = ORIENTED_EDGE('',*,*,#6609,.T.);
#6609 = EDGE_CURVE('',#6585,#6610,#6612,.T.);
#6610 = VERTEX_POINT('',#6611);
#6611 = CARTESIAN_POINT('',(-3.275,0.425,0.));
#6612 = CIRCLE('',#6613,0.275);
#6613 = AXIS2_PLACEMENT_3D('',#6614,#6615,#6616);
#6614 = CARTESIAN_POINT('',(-3.,0.425,8.266365894245E-17));
#6615 = DIRECTION('',(0.,0.,1.));
#6616 = DIRECTION('',(1.,0.,-0.));
#6617 = ORIENTED_EDGE('',*,*,#6618,.T.);
#6618 = EDGE_CURVE('',#6610,#6610,#6619,.T.);
#6619 = CIRCLE('',#6620,0.225);
#6620 = AXIS2_PLACEMENT_3D('',#6621,#6622,#6623);
#6621 = CARTESIAN_POINT('',(-3.5,0.425,0.));
#6622 = DIRECTION('',(1.224646799147E-16,1.,-0.));
#6623 = DIRECTION('',(-1.,1.224646799147E-16,0.));
#6624 = ORIENTED_EDGE('',*,*,#6609,.F.);
#6625 = ORIENTED_EDGE('',*,*,#6592,.T.);
#6626 = TOROIDAL_SURFACE('',#6627,0.5,0.225);
#6627 = AXIS2_PLACEMENT_3D('',#6628,#6629,#6630);
#6628 = CARTESIAN_POINT('',(-3.,0.425,0.));
#6629 = DIRECTION('',(0.,0.,1.));
#6630 = DIRECTION('',(1.,0.,-0.));
#6631 = ADVANCED_FACE('',(#6632),#6651,.T.);
#6632 = FACE_BOUND('',#6633,.T.);
#6633 = EDGE_LOOP('',(#6634,#6642,#6649,#6650));
#6634 = ORIENTED_EDGE('',*,*,#6635,.T.);
#6635 = EDGE_CURVE('',#6610,#6636,#6638,.T.);
#6636 = VERTEX_POINT('',#6637);
#6637 = CARTESIAN_POINT('',(-3.275,-3.6,0.));
#6638 = LINE('',#6639,#6640);
#6639 = CARTESIAN_POINT('',(-3.275,0.425,0.));
#6640 = VECTOR('',#6641,1.);
#6641 = DIRECTION('',(0.,-1.,0.));
#6642 = ORIENTED_EDGE('',*,*,#6643,.F.);
#6643 = EDGE_CURVE('',#6636,#6636,#6644,.T.);
#6644 = CIRCLE('',#6645,0.225);
#6645 = AXIS2_PLACEMENT_3D('',#6646,#6647,#6648);
#6646 = CARTESIAN_POINT('',(-3.5,-3.6,0.));
#6647 = DIRECTION('',(0.,-1.,0.));
#6648 = DIRECTION('',(1.,0.,0.));
#6649 = ORIENTED_EDGE('',*,*,#6635,.F.);
#6650 = ORIENTED_EDGE('',*,*,#6618,.F.);
#6651 = CYLINDRICAL_SURFACE('',#6652,0.225);
#6652 = AXIS2_PLACEMENT_3D('',#6653,#6654,#6655);
#6653 = CARTESIAN_POINT('',(-3.5,0.425,0.));
#6654 = DIRECTION('',(0.,-1.,0.));
#6655 = DIRECTION('',(1.,0.,0.));
#6656 = ADVANCED_FACE('',(#6657),#6660,.T.);
#6657 = FACE_BOUND('',#6658,.T.);
#6658 = EDGE_LOOP('',(#6659));
#6659 = ORIENTED_EDGE('',*,*,#6643,.T.);
#6660 = PLANE('',#6661);
#6661 = AXIS2_PLACEMENT_3D('',#6662,#6663,#6664);
#6662 = CARTESIAN_POINT('',(-3.5,-3.6,-9.184850993605E-18));
#6663 = DIRECTION('',(-0.,-1.,-0.));
#6664 = DIRECTION('',(0.,0.,-1.));
#6665 = ( GEOMETRIC_REPRESENTATION_CONTEXT(3) 
GLOBAL_UNCERTAINTY_ASSIGNED_CONTEXT((#6669)) 
GLOBAL_UNIT_ASSIGNED_CONTEXT((#6666,#6667,#6668)) REPRESENTATION_CONTEXT
('Context #1','3D Context with UNIT and UNCERTAINTY') );
#6666 = ( LENGTH_UNIT() NAMED_UNIT(*) SI_UNIT(.MILLI.,.METRE.) );
#6667 = ( NAMED_UNIT(*) PLANE_ANGLE_UNIT() SI_UNIT($,.RADIAN.) );
#6668 = ( NAMED_UNIT(*) SI_UNIT($,.STERADIAN.) SOLID_ANGLE_UNIT() );
#6669 = UNCERTAINTY_MEASURE_WITH_UNIT(LENGTH_MEASURE(1.E-07),#6666,
  'distance_accuracy_value','confusion accuracy');
#6670 = SHAPE_DEFINITION_REPRESENTATION(#6671,#6560);
#6671 = PRODUCT_DEFINITION_SHAPE('','',#6672);
#6672 = PRODUCT_DEFINITION('design','',#6673,#6676);
#6673 = PRODUCT_DEFINITION_FORMATION('','',#6674);
#6674 = PRODUCT('Body002','Body002','',(#6675));
#6675 = PRODUCT_CONTEXT('',#2,'mechanical');
#6676 = PRODUCT_DEFINITION_CONTEXT('part definition',#2,'design');
#6677 = CONTEXT_DEPENDENT_SHAPE_REPRESENTATION(#6678,#6680);
#6678 = ( REPRESENTATION_RELATIONSHIP('','',#6560,#6534) 
REPRESENTATION_RELATIONSHIP_WITH_TRANSFORMATION(#6679) 
SHAPE_REPRESENTATION_RELATIONSHIP() );
#6679 = ITEM_DEFINED_TRANSFORMATION('','',#11,#6535);
#6680 = PRODUCT_DEFINITION_SHAPE('Placement','Placement of an item',
  #6681);
#6681 = NEXT_ASSEMBLY_USAGE_OCCURRENCE('26','Body002','',#6529,#6672,$);
#6682 = PRODUCT_RELATED_PRODUCT_CATEGORY('part',$,(#6674));
#6683 = ADVANCED_BREP_SHAPE_REPRESENTATION('',(#11,#6684),#6788);
#6684 = MANIFOLD_SOLID_BREP('',#6685);
#6685 = CLOSED_SHELL('',(#6686,#6703,#6728,#6754,#6779));
#6686 = ADVANCED_FACE('',(#6687),#6698,.F.);
#6687 = FACE_BOUND('',#6688,.T.);
#6688 = EDGE_LOOP('',(#6689));
#6689 = ORIENTED_EDGE('',*,*,#6690,.T.);
#6690 = EDGE_CURVE('',#6691,#6691,#6693,.T.);
#6691 = VERTEX_POINT('',#6692);
#6692 = CARTESIAN_POINT('',(1.75,0.7,0.));
#6693 = CIRCLE('',#6694,0.225);
#6694 = AXIS2_PLACEMENT_3D('',#6695,#6696,#6697);
#6695 = CARTESIAN_POINT('',(1.75,0.925,0.));
#6696 = DIRECTION('',(-1.,0.,0.));
#6697 = DIRECTION('',(-0.,-1.,-0.));
#6698 = PLANE('',#6699);
#6699 = AXIS2_PLACEMENT_3D('',#6700,#6701,#6702);
#6700 = CARTESIAN_POINT('',(1.75,0.925,2.6852890458E-18));
#6701 = DIRECTION('',(1.,-0.,-0.));
#6702 = DIRECTION('',(0.,0.,1.));
#6703 = ADVANCED_FACE('',(#6704),#6723,.T.);
#6704 = FACE_BOUND('',#6705,.T.);
#6705 = EDGE_LOOP('',(#6706,#6707,#6715,#6722));
#6706 = ORIENTED_EDGE('',*,*,#6690,.F.);
#6707 = ORIENTED_EDGE('',*,*,#6708,.T.);
#6708 = EDGE_CURVE('',#6691,#6709,#6711,.T.);
#6709 = VERTEX_POINT('',#6710);
#6710 = CARTESIAN_POINT('',(3.,0.7,0.));
#6711 = LINE('',#6712,#6713);
#6712 = CARTESIAN_POINT('',(1.75,0.7,0.));
#6713 = VECTOR('',#6714,1.);
#6714 = DIRECTION('',(1.,-0.,-0.));
#6715 = ORIENTED_EDGE('',*,*,#6716,.T.);
#6716 = EDGE_CURVE('',#6709,#6709,#6717,.T.);
#6717 = CIRCLE('',#6718,0.225);
#6718 = AXIS2_PLACEMENT_3D('',#6719,#6720,#6721);
#6719 = CARTESIAN_POINT('',(3.,0.925,0.));
#6720 = DIRECTION('',(-1.,0.,0.));
#6721 = DIRECTION('',(-0.,-1.,-0.));
#6722 = ORIENTED_EDGE('',*,*,#6708,.F.);
#6723 = CYLINDRICAL_SURFACE('',#6724,0.225);
#6724 = AXIS2_PLACEMENT_3D('',#6725,#6726,#6727);
#6725 = CARTESIAN_POINT('',(1.75,0.925,0.));
#6726 = DIRECTION('',(1.,-0.,-0.));
#6727 = DIRECTION('',(0.,-1.,0.));
#6728 = ADVANCED_FACE('',(#6729),#6749,.T.);
#6729 = FACE_BOUND('',#6730,.T.);
#6730 = EDGE_LOOP('',(#6731,#6740,#6747,#6748));
#6731 = ORIENTED_EDGE('',*,*,#6732,.T.);
#6732 = EDGE_CURVE('',#6709,#6733,#6735,.T.);
#6733 = VERTEX_POINT('',#6734);
#6734 = CARTESIAN_POINT('',(3.275,0.425,0.));
#6735 = CIRCLE('',#6736,0.275);
#6736 = AXIS2_PLACEMENT_3D('',#6737,#6738,#6739);
#6737 = CARTESIAN_POINT('',(3.,0.425,8.266365894245E-17));
#6738 = DIRECTION('',(0.,0.,-1.));
#6739 = DIRECTION('',(-1.,-0.,-0.));
#6740 = ORIENTED_EDGE('',*,*,#6741,.F.);
#6741 = EDGE_CURVE('',#6733,#6733,#6742,.T.);
#6742 = CIRCLE('',#6743,0.225);
#6743 = AXIS2_PLACEMENT_3D('',#6744,#6745,#6746);
#6744 = CARTESIAN_POINT('',(3.5,0.425,0.));
#6745 = DIRECTION('',(1.224646799147E-16,-1.,0.));
#6746 = DIRECTION('',(1.,1.224646799147E-16,0.));
#6747 = ORIENTED_EDGE('',*,*,#6732,.F.);
#6748 = ORIENTED_EDGE('',*,*,#6716,.F.);
#6749 = TOROIDAL_SURFACE('',#6750,0.5,0.225);
#6750 = AXIS2_PLACEMENT_3D('',#6751,#6752,#6753);
#6751 = CARTESIAN_POINT('',(3.,0.425,0.));
#6752 = DIRECTION('',(-0.,-0.,1.));
#6753 = DIRECTION('',(-1.,0.,0.));
#6754 = ADVANCED_FACE('',(#6755),#6774,.T.);
#6755 = FACE_BOUND('',#6756,.T.);
#6756 = EDGE_LOOP('',(#6757,#6758,#6766,#6773));
#6757 = ORIENTED_EDGE('',*,*,#6741,.T.);
#6758 = ORIENTED_EDGE('',*,*,#6759,.T.);
#6759 = EDGE_CURVE('',#6733,#6760,#6762,.T.);
#6760 = VERTEX_POINT('',#6761);
#6761 = CARTESIAN_POINT('',(3.275,-3.6,0.));
#6762 = LINE('',#6763,#6764);
#6763 = CARTESIAN_POINT('',(3.275,0.425,0.));
#6764 = VECTOR('',#6765,1.);
#6765 = DIRECTION('',(-0.,-1.,-0.));
#6766 = ORIENTED_EDGE('',*,*,#6767,.T.);
#6767 = EDGE_CURVE('',#6760,#6760,#6768,.T.);
#6768 = CIRCLE('',#6769,0.225);
#6769 = AXIS2_PLACEMENT_3D('',#6770,#6771,#6772);
#6770 = CARTESIAN_POINT('',(3.5,-3.6,0.));
#6771 = DIRECTION('',(0.,1.,0.));
#6772 = DIRECTION('',(-1.,0.,-0.));
#6773 = ORIENTED_EDGE('',*,*,#6759,.F.);
#6774 = CYLINDRICAL_SURFACE('',#6775,0.225);
#6775 = AXIS2_PLACEMENT_3D('',#6776,#6777,#6778);
#6776 = CARTESIAN_POINT('',(3.5,0.425,0.));
#6777 = DIRECTION('',(-0.,-1.,-0.));
#6778 = DIRECTION('',(-1.,0.,0.));
#6779 = ADVANCED_FACE('',(#6780),#6783,.T.);
#6780 = FACE_BOUND('',#6781,.F.);
#6781 = EDGE_LOOP('',(#6782));
#6782 = ORIENTED_EDGE('',*,*,#6767,.T.);
#6783 = PLANE('',#6784);
#6784 = AXIS2_PLACEMENT_3D('',#6785,#6786,#6787);
#6785 = CARTESIAN_POINT('',(3.5,-3.6,-9.184850993605E-18));
#6786 = DIRECTION('',(0.,-1.,-0.));
#6787 = DIRECTION('',(0.,0.,1.));
#6788 = ( GEOMETRIC_REPRESENTATION_CONTEXT(3) 
GLOBAL_UNCERTAINTY_ASSIGNED_CONTEXT((#6792)) 
GLOBAL_UNIT_ASSIGNED_CONTEXT((#6789,#6790,#6791)) REPRESENTATION_CONTEXT
('Context #1','3D Context with UNIT and UNCERTAINTY') );
#6789 = ( LENGTH_UNIT() NAMED_UNIT(*) SI_UNIT(.MILLI.,.METRE.) );
#6790 = ( NAMED_UNIT(*) PLANE_ANGLE_UNIT() SI_UNIT($,.RADIAN.) );
#6791 = ( NAMED_UNIT(*) SI_UNIT($,.STERADIAN.) SOLID_ANGLE_UNIT() );
#6792 = UNCERTAINTY_MEASURE_WITH_UNIT(LENGTH_MEASURE(1.E-07),#6789,
  'distance_accuracy_value','confusion accuracy');
#6793 = SHAPE_DEFINITION_REPRESENTATION(#6794,#6683);
#6794 = PRODUCT_DEFINITION_SHAPE('','',#6795);
#6795 = PRODUCT_DEFINITION('design','',#6796,#6799);
#6796 = PRODUCT_DEFINITION_FORMATION('','',#6797);
#6797 = PRODUCT('Body002 (Mirror #2)','Body002 (Mirror #2)','',(#6798));
#6798 = PRODUCT_CONTEXT('',#2,'mechanical');
#6799 = PRODUCT_DEFINITION_CONTEXT('part definition',#2,'design');
#6800 = CONTEXT_DEPENDENT_SHAPE_REPRESENTATION(#6801,#6803);
#6801 = ( REPRESENTATION_RELATIONSHIP('','',#6683,#6534) 
REPRESENTATION_RELATIONSHIP_WITH_TRANSFORMATION(#6802) 
SHAPE_REPRESENTATION_RELATIONSHIP() );
#6802 = ITEM_DEFINED_TRANSFORMATION('','',#11,#6539);
#6803 = PRODUCT_DEFINITION_SHAPE('Placement','Placement of an item',
  #6804);
#6804 = NEXT_ASSEMBLY_USAGE_OCCURRENCE('27','Body002 (Mirror #2)','',
  #6529,#6795,$);
#6805 = PRODUCT_RELATED_PRODUCT_CATEGORY('part',$,(#6797));
#6806 = ADVANCED_BREP_SHAPE_REPRESENTATION('',(#11,#6807),#6860);
#6807 = MANIFOLD_SOLID_BREP('',#6808);
#6808 = CLOSED_SHELL('',(#6809,#6842,#6851));
#6809 = ADVANCED_FACE('',(#6810),#6837,.T.);
#6810 = FACE_BOUND('',#6811,.T.);
#6811 = EDGE_LOOP('',(#6812,#6822,#6829,#6830));
#6812 = ORIENTED_EDGE('',*,*,#6813,.T.);
#6813 = EDGE_CURVE('',#6814,#6816,#6818,.T.);
#6814 = VERTEX_POINT('',#6815);
#6815 = CARTESIAN_POINT('',(-1.,1.8,0.));
#6816 = VERTEX_POINT('',#6817);
#6817 = CARTESIAN_POINT('',(1.,1.8,0.));
#6818 = LINE('',#6819,#6820);
#6819 = CARTESIAN_POINT('',(-1.,1.8,0.));
#6820 = VECTOR('',#6821,1.);
#6821 = DIRECTION('',(1.,0.,0.));
#6822 = ORIENTED_EDGE('',*,*,#6823,.T.);
#6823 = EDGE_CURVE('',#6816,#6816,#6824,.T.);
#6824 = CIRCLE('',#6825,0.875);
#6825 = AXIS2_PLACEMENT_3D('',#6826,#6827,#6828);
#6826 = CARTESIAN_POINT('',(1.,0.925,0.));
#6827 = DIRECTION('',(-1.,0.,0.));
#6828 = DIRECTION('',(0.,1.,0.));
#6829 = ORIENTED_EDGE('',*,*,#6813,.F.);
#6830 = ORIENTED_EDGE('',*,*,#6831,.T.);
#6831 = EDGE_CURVE('',#6814,#6814,#6832,.T.);
#6832 = CIRCLE('',#6833,0.875);
#6833 = AXIS2_PLACEMENT_3D('',#6834,#6835,#6836);
#6834 = CARTESIAN_POINT('',(-1.,0.925,0.));
#6835 = DIRECTION('',(1.,0.,0.));
#6836 = DIRECTION('',(-0.,1.,0.));
#6837 = CYLINDRICAL_SURFACE('',#6838,0.875);
#6838 = AXIS2_PLACEMENT_3D('',#6839,#6840,#6841);
#6839 = CARTESIAN_POINT('',(-1.,0.925,0.));
#6840 = DIRECTION('',(-1.,-0.,-0.));
#6841 = DIRECTION('',(0.,1.,0.));
#6842 = ADVANCED_FACE('',(#6843),#6846,.F.);
#6843 = FACE_BOUND('',#6844,.F.);
#6844 = EDGE_LOOP('',(#6845));
#6845 = ORIENTED_EDGE('',*,*,#6831,.T.);
#6846 = PLANE('',#6847);
#6847 = AXIS2_PLACEMENT_3D('',#6848,#6849,#6850);
#6848 = CARTESIAN_POINT('',(-1.,0.925,-4.E-17));
#6849 = DIRECTION('',(1.,0.,0.));
#6850 = DIRECTION('',(0.,0.,1.));
#6851 = ADVANCED_FACE('',(#6852),#6855,.T.);
#6852 = FACE_BOUND('',#6853,.F.);
#6853 = EDGE_LOOP('',(#6854));
#6854 = ORIENTED_EDGE('',*,*,#6823,.T.);
#6855 = PLANE('',#6856);
#6856 = AXIS2_PLACEMENT_3D('',#6857,#6858,#6859);
#6857 = CARTESIAN_POINT('',(1.,0.925,0.));
#6858 = DIRECTION('',(1.,0.,0.));
#6859 = DIRECTION('',(-0.,1.,0.));
#6860 = ( GEOMETRIC_REPRESENTATION_CONTEXT(3) 
GLOBAL_UNCERTAINTY_ASSIGNED_CONTEXT((#6864)) 
GLOBAL_UNIT_ASSIGNED_CONTEXT((#6861,#6862,#6863)) REPRESENTATION_CONTEXT
('Context #1','3D Context with UNIT and UNCERTAINTY') );
#6861 = ( LENGTH_UNIT() NAMED_UNIT(*) SI_UNIT(.MILLI.,.METRE.) );
#6862 = ( NAMED_UNIT(*) PLANE_ANGLE_UNIT() SI_UNIT($,.RADIAN.) );
#6863 = ( NAMED_UNIT(*) SI_UNIT($,.STERADIAN.) SOLID_ANGLE_UNIT() );
#6864 = UNCERTAINTY_MEASURE_WITH_UNIT(LENGTH_MEASURE(1.E-07),#6861,
  'distance_accuracy_value','confusion accuracy');
#6865 = SHAPE_DEFINITION_REPRESENTATION(#6866,#6806);
#6866 = PRODUCT_DEFINITION_SHAPE('','',#6867);
#6867 = PRODUCT_DEFINITION('design','',#6868,#6871);
#6868 = PRODUCT_DEFINITION_FORMATION('','',#6869);
#6869 = PRODUCT('Body001','Body001','',(#6870));
#6870 = PRODUCT_CONTEXT('',#2,'mechanical');
#6871 = PRODUCT_DEFINITION_CONTEXT('part definition',#2,'design');
#6872 = CONTEXT_DEPENDENT_SHAPE_REPRESENTATION(#6873,#6875);
#6873 = ( REPRESENTATION_RELATIONSHIP('','',#6806,#6534) 
REPRESENTATION_RELATIONSHIP_WITH_TRANSFORMATION(#6874) 
SHAPE_REPRESENTATION_RELATIONSHIP() );
#6874 = ITEM_DEFINED_TRANSFORMATION('','',#11,#6543);
#6875 = PRODUCT_DEFINITION_SHAPE('Placement','Placement of an item',
  #6876);
#6876 = NEXT_ASSEMBLY_USAGE_OCCURRENCE('28','Body001','',#6529,#6867,$);
#6877 = PRODUCT_RELATED_PRODUCT_CATEGORY('part',$,(#6869));
#6878 = ADVANCED_BREP_SHAPE_REPRESENTATION('',(#11,#6879),#6984);
#6879 = MANIFOLD_SOLID_BREP('',#6880);
#6880 = CLOSED_SHELL('',(#6881,#6898,#6924,#6949,#6975));
#6881 = ADVANCED_FACE('',(#6882),#6893,.T.);
#6882 = FACE_BOUND('',#6883,.F.);
#6883 = EDGE_LOOP('',(#6884));
#6884 = ORIENTED_EDGE('',*,*,#6885,.F.);
#6885 = EDGE_CURVE('',#6886,#6886,#6888,.T.);
#6886 = VERTEX_POINT('',#6887);
#6887 = CARTESIAN_POINT('',(-1.75,5.E-02,0.));
#6888 = CIRCLE('',#6889,0.875);
#6889 = AXIS2_PLACEMENT_3D('',#6890,#6891,#6892);
#6890 = CARTESIAN_POINT('',(-1.75,0.925,0.));
#6891 = DIRECTION('',(-1.,0.,0.));
#6892 = DIRECTION('',(0.,-1.,0.));
#6893 = PLANE('',#6894);
#6894 = AXIS2_PLACEMENT_3D('',#6895,#6896,#6897);
#6895 = CARTESIAN_POINT('',(-1.75,0.925,0.));
#6896 = DIRECTION('',(-1.,-0.,-0.));
#6897 = DIRECTION('',(0.,-1.,0.));
#6898 = ADVANCED_FACE('',(#6899),#6919,.T.);
#6899 = FACE_BOUND('',#6900,.T.);
#6900 = EDGE_LOOP('',(#6901,#6910,#6911,#6912));
#6901 = ORIENTED_EDGE('',*,*,#6902,.F.);
#6902 = EDGE_CURVE('',#6886,#6903,#6905,.T.);
#6903 = VERTEX_POINT('',#6904);
#6904 = CARTESIAN_POINT('',(-1.7,0.,0.));
#6905 = CIRCLE('',#6906,5.E-02);
#6906 = AXIS2_PLACEMENT_3D('',#6907,#6908,#6909);
#6907 = CARTESIAN_POINT('',(-1.7,5.E-02,0.));
#6908 = DIRECTION('',(-0.,0.,1.));
#6909 = DIRECTION('',(0.,-1.,0.));
#6910 = ORIENTED_EDGE('',*,*,#6885,.F.);
#6911 = ORIENTED_EDGE('',*,*,#6902,.T.);
#6912 = ORIENTED_EDGE('',*,*,#6913,.T.);
#6913 = EDGE_CURVE('',#6903,#6903,#6914,.T.);
#6914 = CIRCLE('',#6915,0.925);
#6915 = AXIS2_PLACEMENT_3D('',#6916,#6917,#6918);
#6916 = CARTESIAN_POINT('',(-1.7,0.925,0.));
#6917 = DIRECTION('',(-1.,0.,0.));
#6918 = DIRECTION('',(0.,-1.,0.));
#6919 = TOROIDAL_SURFACE('',#6920,0.875,5.E-02);
#6920 = AXIS2_PLACEMENT_3D('',#6921,#6922,#6923);
#6921 = CARTESIAN_POINT('',(-1.7,0.925,0.));
#6922 = DIRECTION('',(1.,0.,0.));
#6923 = DIRECTION('',(0.,-1.,0.));
#6924 = ADVANCED_FACE('',(#6925),#6944,.T.);
#6925 = FACE_BOUND('',#6926,.T.);
#6926 = EDGE_LOOP('',(#6927,#6936,#6942,#6943));
#6927 = ORIENTED_EDGE('',*,*,#6928,.T.);
#6928 = EDGE_CURVE('',#6929,#6929,#6931,.T.);
#6929 = VERTEX_POINT('',#6930);
#6930 = CARTESIAN_POINT('',(-1.05,0.,0.));
#6931 = CIRCLE('',#6932,0.925);
#6932 = AXIS2_PLACEMENT_3D('',#6933,#6934,#6935);
#6933 = CARTESIAN_POINT('',(-1.05,0.925,0.));
#6934 = DIRECTION('',(-1.,0.,0.));
#6935 = DIRECTION('',(0.,-1.,0.));
#6936 = ORIENTED_EDGE('',*,*,#6937,.F.);
#6937 = EDGE_CURVE('',#6903,#6929,#6938,.T.);
#6938 = LINE('',#6939,#6940);
#6939 = CARTESIAN_POINT('',(-1.75,0.,0.));
#6940 = VECTOR('',#6941,1.);
#6941 = DIRECTION('',(1.,0.,0.));
#6942 = ORIENTED_EDGE('',*,*,#6913,.F.);
#6943 = ORIENTED_EDGE('',*,*,#6937,.T.);
#6944 = CYLINDRICAL_SURFACE('',#6945,0.925);
#6945 = AXIS2_PLACEMENT_3D('',#6946,#6947,#6948);
#6946 = CARTESIAN_POINT('',(-1.75,0.925,0.));
#6947 = DIRECTION('',(1.,0.,0.));
#6948 = DIRECTION('',(0.,-1.,0.));
#6949 = ADVANCED_FACE('',(#6950),#6970,.T.);
#6950 = FACE_BOUND('',#6951,.T.);
#6951 = EDGE_LOOP('',(#6952,#6961,#6962,#6963));
#6952 = ORIENTED_EDGE('',*,*,#6953,.F.);
#6953 = EDGE_CURVE('',#6929,#6954,#6956,.T.);
#6954 = VERTEX_POINT('',#6955);
#6955 = CARTESIAN_POINT('',(-1.,5.E-02,0.));
#6956 = CIRCLE('',#6957,5.E-02);
#6957 = AXIS2_PLACEMENT_3D('',#6958,#6959,#6960);
#6958 = CARTESIAN_POINT('',(-1.05,5.E-02,0.));
#6959 = DIRECTION('',(-0.,0.,1.));
#6960 = DIRECTION('',(0.,-1.,0.));
#6961 = ORIENTED_EDGE('',*,*,#6928,.F.);
#6962 = ORIENTED_EDGE('',*,*,#6953,.T.);
#6963 = ORIENTED_EDGE('',*,*,#6964,.T.);
#6964 = EDGE_CURVE('',#6954,#6954,#6965,.T.);
#6965 = CIRCLE('',#6966,0.875);
#6966 = AXIS2_PLACEMENT_3D('',#6967,#6968,#6969);
#6967 = CARTESIAN_POINT('',(-1.,0.925,0.));
#6968 = DIRECTION('',(-1.,0.,0.));
#6969 = DIRECTION('',(0.,-1.,0.));
#6970 = TOROIDAL_SURFACE('',#6971,0.875,5.E-02);
#6971 = AXIS2_PLACEMENT_3D('',#6972,#6973,#6974);
#6972 = CARTESIAN_POINT('',(-1.05,0.925,0.));
#6973 = DIRECTION('',(1.,0.,0.));
#6974 = DIRECTION('',(0.,-1.,0.));
#6975 = ADVANCED_FACE('',(#6976),#6979,.F.);
#6976 = FACE_BOUND('',#6977,.F.);
#6977 = EDGE_LOOP('',(#6978));
#6978 = ORIENTED_EDGE('',*,*,#6964,.T.);
#6979 = PLANE('',#6980);
#6980 = AXIS2_PLACEMENT_3D('',#6981,#6982,#6983);
#6981 = CARTESIAN_POINT('',(-1.,0.925,0.));
#6982 = DIRECTION('',(-1.,-0.,-0.));
#6983 = DIRECTION('',(0.,-1.,0.));
#6984 = ( GEOMETRIC_REPRESENTATION_CONTEXT(3) 
GLOBAL_UNCERTAINTY_ASSIGNED_CONTEXT((#6988)) 
GLOBAL_UNIT_ASSIGNED_CONTEXT((#6985,#6986,#6987)) REPRESENTATION_CONTEXT
('Context #1','3D Context with UNIT and UNCERTAINTY') );
#6985 = ( LENGTH_UNIT() NAMED_UNIT(*) SI_UNIT(.MILLI.,.METRE.) );
#6986 = ( NAMED_UNIT(*) PLANE_ANGLE_UNIT() SI_UNIT($,.RADIAN.) );
#6987 = ( NAMED_UNIT(*) SI_UNIT($,.STERADIAN.) SOLID_ANGLE_UNIT() );
#6988 = UNCERTAINTY_MEASURE_WITH_UNIT(LENGTH_MEASURE(1.E-07),#6985,
  'distance_accuracy_value','confusion accuracy');
#6989 = SHAPE_DEFINITION_REPRESENTATION(#6990,#6878);
#6990 = PRODUCT_DEFINITION_SHAPE('','',#6991);
#6991 = PRODUCT_DEFINITION('design','',#6992,#6995);
#6992 = PRODUCT_DEFINITION_FORMATION('','',#6993);
#6993 = PRODUCT('Body','Body','',(#6994));
#6994 = PRODUCT_CONTEXT('',#2,'mechanical');
#6995 = PRODUCT_DEFINITION_CONTEXT('part definition',#2,'design');
#6996 = CONTEXT_DEPENDENT_SHAPE_REPRESENTATION(#6997,#6999);
#6997 = ( REPRESENTATION_RELATIONSHIP('','',#6878,#6534) 
REPRESENTATION_RELATIONSHIP_WITH_TRANSFORMATION(#6998) 
SHAPE_REPRESENTATION_RELATIONSHIP() );
#6998 = ITEM_DEFINED_TRANSFORMATION('','',#11,#6547);
#6999 = PRODUCT_DEFINITION_SHAPE('Placement','Placement of an item',
  #7000);
#7000 = NEXT_ASSEMBLY_USAGE_OCCURRENCE('29','Body','',#6529,#6991,$);
#7001 = PRODUCT_RELATED_PRODUCT_CATEGORY('part',$,(#6993));
#7002 = ADVANCED_BREP_SHAPE_REPRESENTATION('',(#11,#7003),#7108);
#7003 = MANIFOLD_SOLID_BREP('',#7004);
#7004 = CLOSED_SHELL('',(#7005,#7022,#7048,#7073,#7099));
#7005 = ADVANCED_FACE('',(#7006),#7017,.T.);
#7006 = FACE_BOUND('',#7007,.T.);
#7007 = EDGE_LOOP('',(#7008));
#7008 = ORIENTED_EDGE('',*,*,#7009,.F.);
#7009 = EDGE_CURVE('',#7010,#7010,#7012,.T.);
#7010 = VERTEX_POINT('',#7011);
#7011 = CARTESIAN_POINT('',(1.75,5.E-02,0.));
#7012 = CIRCLE('',#7013,0.875);
#7013 = AXIS2_PLACEMENT_3D('',#7014,#7015,#7016);
#7014 = CARTESIAN_POINT('',(1.75,0.925,0.));
#7015 = DIRECTION('',(-1.,0.,0.));
#7016 = DIRECTION('',(-0.,-1.,-0.));
#7017 = PLANE('',#7018);
#7018 = AXIS2_PLACEMENT_3D('',#7019,#7020,#7021);
#7019 = CARTESIAN_POINT('',(1.75,0.925,0.));
#7020 = DIRECTION('',(1.,0.,0.));
#7021 = DIRECTION('',(-0.,1.,0.));
#7022 = ADVANCED_FACE('',(#7023),#7043,.T.);
#7023 = FACE_BOUND('',#7024,.T.);
#7024 = EDGE_LOOP('',(#7025,#7034,#7035,#7036));
#7025 = ORIENTED_EDGE('',*,*,#7026,.F.);
#7026 = EDGE_CURVE('',#7010,#7027,#7029,.T.);
#7027 = VERTEX_POINT('',#7028);
#7028 = CARTESIAN_POINT('',(1.7,0.,0.));
#7029 = CIRCLE('',#7030,5.E-02);
#7030 = AXIS2_PLACEMENT_3D('',#7031,#7032,#7033);
#7031 = CARTESIAN_POINT('',(1.7,5.E-02,0.));
#7032 = DIRECTION('',(0.,0.,-1.));
#7033 = DIRECTION('',(0.,-1.,0.));
#7034 = ORIENTED_EDGE('',*,*,#7009,.T.);
#7035 = ORIENTED_EDGE('',*,*,#7026,.T.);
#7036 = ORIENTED_EDGE('',*,*,#7037,.F.);
#7037 = EDGE_CURVE('',#7027,#7027,#7038,.T.);
#7038 = CIRCLE('',#7039,0.925);
#7039 = AXIS2_PLACEMENT_3D('',#7040,#7041,#7042);
#7040 = CARTESIAN_POINT('',(1.7,0.925,0.));
#7041 = DIRECTION('',(-1.,0.,0.));
#7042 = DIRECTION('',(-0.,-1.,-0.));
#7043 = TOROIDAL_SURFACE('',#7044,0.875,5.E-02);
#7044 = AXIS2_PLACEMENT_3D('',#7045,#7046,#7047);
#7045 = CARTESIAN_POINT('',(1.7,0.925,0.));
#7046 = DIRECTION('',(-1.,-0.,-0.));
#7047 = DIRECTION('',(0.,-1.,0.));
#7048 = ADVANCED_FACE('',(#7049),#7068,.T.);
#7049 = FACE_BOUND('',#7050,.T.);
#7050 = EDGE_LOOP('',(#7051,#7059,#7060,#7061));
#7051 = ORIENTED_EDGE('',*,*,#7052,.F.);
#7052 = EDGE_CURVE('',#7027,#7053,#7055,.T.);
#7053 = VERTEX_POINT('',#7054);
#7054 = CARTESIAN_POINT('',(1.05,0.,0.));
#7055 = LINE('',#7056,#7057);
#7056 = CARTESIAN_POINT('',(1.75,0.,0.));
#7057 = VECTOR('',#7058,1.);
#7058 = DIRECTION('',(-1.,-0.,-0.));
#7059 = ORIENTED_EDGE('',*,*,#7037,.T.);
#7060 = ORIENTED_EDGE('',*,*,#7052,.T.);
#7061 = ORIENTED_EDGE('',*,*,#7062,.F.);
#7062 = EDGE_CURVE('',#7053,#7053,#7063,.T.);
#7063 = CIRCLE('',#7064,0.925);
#7064 = AXIS2_PLACEMENT_3D('',#7065,#7066,#7067);
#7065 = CARTESIAN_POINT('',(1.05,0.925,0.));
#7066 = DIRECTION('',(-1.,0.,0.));
#7067 = DIRECTION('',(-0.,-1.,-0.));
#7068 = CYLINDRICAL_SURFACE('',#7069,0.925);
#7069 = AXIS2_PLACEMENT_3D('',#7070,#7071,#7072);
#7070 = CARTESIAN_POINT('',(1.75,0.925,0.));
#7071 = DIRECTION('',(-1.,-0.,-0.));
#7072 = DIRECTION('',(0.,-1.,0.));
#7073 = ADVANCED_FACE('',(#7074),#7094,.T.);
#7074 = FACE_BOUND('',#7075,.T.);
#7075 = EDGE_LOOP('',(#7076,#7085,#7086,#7087));
#7076 = ORIENTED_EDGE('',*,*,#7077,.F.);
#7077 = EDGE_CURVE('',#7053,#7078,#7080,.T.);
#7078 = VERTEX_POINT('',#7079);
#7079 = CARTESIAN_POINT('',(1.,5.E-02,0.));
#7080 = CIRCLE('',#7081,5.E-02);
#7081 = AXIS2_PLACEMENT_3D('',#7082,#7083,#7084);
#7082 = CARTESIAN_POINT('',(1.05,5.E-02,0.));
#7083 = DIRECTION('',(0.,0.,-1.));
#7084 = DIRECTION('',(0.,-1.,0.));
#7085 = ORIENTED_EDGE('',*,*,#7062,.T.);
#7086 = ORIENTED_EDGE('',*,*,#7077,.T.);
#7087 = ORIENTED_EDGE('',*,*,#7088,.F.);
#7088 = EDGE_CURVE('',#7078,#7078,#7089,.T.);
#7089 = CIRCLE('',#7090,0.875);
#7090 = AXIS2_PLACEMENT_3D('',#7091,#7092,#7093);
#7091 = CARTESIAN_POINT('',(1.,0.925,0.));
#7092 = DIRECTION('',(-1.,0.,0.));
#7093 = DIRECTION('',(-0.,-1.,-0.));
#7094 = TOROIDAL_SURFACE('',#7095,0.875,5.E-02);
#7095 = AXIS2_PLACEMENT_3D('',#7096,#7097,#7098);
#7096 = CARTESIAN_POINT('',(1.05,0.925,0.));
#7097 = DIRECTION('',(-1.,-0.,-0.));
#7098 = DIRECTION('',(0.,-1.,0.));
#7099 = ADVANCED_FACE('',(#7100),#7103,.F.);
#7100 = FACE_BOUND('',#7101,.T.);
#7101 = EDGE_LOOP('',(#7102));
#7102 = ORIENTED_EDGE('',*,*,#7088,.T.);
#7103 = PLANE('',#7104);
#7104 = AXIS2_PLACEMENT_3D('',#7105,#7106,#7107);
#7105 = CARTESIAN_POINT('',(1.,0.925,0.));
#7106 = DIRECTION('',(1.,0.,0.));
#7107 = DIRECTION('',(-0.,1.,0.));
#7108 = ( GEOMETRIC_REPRESENTATION_CONTEXT(3) 
GLOBAL_UNCERTAINTY_ASSIGNED_CONTEXT((#7112)) 
GLOBAL_UNIT_ASSIGNED_CONTEXT((#7109,#7110,#7111)) REPRESENTATION_CONTEXT
('Context #1','3D Context with UNIT and UNCERTAINTY') );
#7109 = ( LENGTH_UNIT() NAMED_UNIT(*) SI_UNIT(.MILLI.,.METRE.) );
#7110 = ( NAMED_UNIT(*) PLANE_ANGLE_UNIT() SI_UNIT($,.RADIAN.) );
#7111 = ( NAMED_UNIT(*) SI_UNIT($,.STERADIAN.) SOLID_ANGLE_UNIT() );
#7112 = UNCERTAINTY_MEASURE_WITH_UNIT(LENGTH_MEASURE(1.E-07),#7109,
  'distance_accuracy_value','confusion accuracy');
#7113 = SHAPE_DEFINITION_REPRESENTATION(#7114,#7002);
#7114 = PRODUCT_DEFINITION_SHAPE('','',#7115);
#7115 = PRODUCT_DEFINITION('design','',#7116,#7119);
#7116 = PRODUCT_DEFINITION_FORMATION('','',#7117);
#7117 = PRODUCT('Body (Mirror #1)','Body (Mirror #1)','',(#7118));
#7118 = PRODUCT_CONTEXT('',#2,'mechanical');
#7119 = PRODUCT_DEFINITION_CONTEXT('part definition',#2,'design');
#7120 = CONTEXT_DEPENDENT_SHAPE_REPRESENTATION(#7121,#7123);
#7121 = ( REPRESENTATION_RELATIONSHIP('','',#7002,#6534) 
REPRESENTATION_RELATIONSHIP_WITH_TRANSFORMATION(#7122) 
SHAPE_REPRESENTATION_RELATIONSHIP() );
#7122 = ITEM_DEFINED_TRANSFORMATION('','',#11,#6551);
#7123 = PRODUCT_DEFINITION_SHAPE('Placement','Placement of an item',
  #7124);
#7124 = NEXT_ASSEMBLY_USAGE_OCCURRENCE('30','Body (Mirror #1)','',#6529,
  #7115,$);
#7125 = PRODUCT_RELATED_PRODUCT_CATEGORY('part',$,(#7117));
#7126 = CONTEXT_DEPENDENT_SHAPE_REPRESENTATION(#7127,#7129);
#7127 = ( REPRESENTATION_RELATIONSHIP('','',#6534,#6517) 
REPRESENTATION_RELATIONSHIP_WITH_TRANSFORMATION(#7128) 
SHAPE_REPRESENTATION_RELATIONSHIP() );
#7128 = ITEM_DEFINED_TRANSFORMATION('','',#11,#6518);
#7129 = PRODUCT_DEFINITION_SHAPE('Placement','Placement of an item',
  #7130);
#7130 = NEXT_ASSEMBLY_USAGE_OCCURRENCE('31','','',#6512,#6529,$);
#7131 = PRODUCT_RELATED_PRODUCT_CATEGORY('part',$,(#6531));
#7132 = CONTEXT_DEPENDENT_SHAPE_REPRESENTATION(#7133,#7135);
#7133 = ( REPRESENTATION_RELATIONSHIP('','',#6517,#10) 
REPRESENTATION_RELATIONSHIP_WITH_TRANSFORMATION(#7134) 
SHAPE_REPRESENTATION_RELATIONSHIP() );
#7134 = ITEM_DEFINED_TRANSFORMATION('','',#11,#43);
#7135 = PRODUCT_DEFINITION_SHAPE('Placement','Placement of an item',
  #7136);
#7136 = NEXT_ASSEMBLY_USAGE_OCCURRENCE('32','','',#5,#6512,$);
#7137 = PRODUCT_RELATED_PRODUCT_CATEGORY('part',$,(#6514));
#7138 = SHAPE_DEFINITION_REPRESENTATION(#7139,#7145);
#7139 = PRODUCT_DEFINITION_SHAPE('','',#7140);
#7140 = PRODUCT_DEFINITION('design','',#7141,#7144);
#7141 = PRODUCT_DEFINITION_FORMATION('','',#7142);
#7142 = PRODUCT('RD1','RD1','',(#7143));
#7143 = PRODUCT_CONTEXT('',#2,'mechanical');
#7144 = PRODUCT_DEFINITION_CONTEXT('part definition',#2,'design');
#7145 = SHAPE_REPRESENTATION('',(#11,#7146),#7150);
#7146 = AXIS2_PLACEMENT_3D('',#7147,#7148,#7149);
#7147 = CARTESIAN_POINT('',(31.297998526875,13.956006302314,0.));
#7148 = DIRECTION('',(1.748455531469E-07,-1.,-4.371138828674E-08));
#7149 = DIRECTION('',(1.,1.748455531469E-07,0.));
#7150 = ( GEOMETRIC_REPRESENTATION_CONTEXT(3) 
GLOBAL_UNCERTAINTY_ASSIGNED_CONTEXT((#7154)) 
GLOBAL_UNIT_ASSIGNED_CONTEXT((#7151,#7152,#7153)) REPRESENTATION_CONTEXT
('Context #1','3D Context with UNIT and UNCERTAINTY') );
#7151 = ( LENGTH_UNIT() NAMED_UNIT(*) SI_UNIT(.MILLI.,.METRE.) );
#7152 = ( NAMED_UNIT(*) PLANE_ANGLE_UNIT() SI_UNIT($,.RADIAN.) );
#7153 = ( NAMED_UNIT(*) SI_UNIT($,.STERADIAN.) SOLID_ANGLE_UNIT() );
#7154 = UNCERTAINTY_MEASURE_WITH_UNIT(LENGTH_MEASURE(1.E-07),#7151,
  'distance_accuracy_value','confusion accuracy');
#7155 = CONTEXT_DEPENDENT_SHAPE_REPRESENTATION(#7156,#7158);
#7156 = ( REPRESENTATION_RELATIONSHIP('','',#6534,#7145) 
REPRESENTATION_RELATIONSHIP_WITH_TRANSFORMATION(#7157) 
SHAPE_REPRESENTATION_RELATIONSHIP() );
#7157 = ITEM_DEFINED_TRANSFORMATION('','',#11,#7146);
#7158 = PRODUCT_DEFINITION_SHAPE('Placement','Placement of an item',
  #7159);
#7159 = NEXT_ASSEMBLY_USAGE_OCCURRENCE('33','','',#7140,#6529,$);
#7160 = CONTEXT_DEPENDENT_SHAPE_REPRESENTATION(#7161,#7163);
#7161 = ( REPRESENTATION_RELATIONSHIP('','',#7145,#10) 
REPRESENTATION_RELATIONSHIP_WITH_TRANSFORMATION(#7162) 
SHAPE_REPRESENTATION_RELATIONSHIP() );
#7162 = ITEM_DEFINED_TRANSFORMATION('','',#11,#47);
#7163 = PRODUCT_DEFINITION_SHAPE('Placement','Placement of an item',
  #7164);
#7164 = NEXT_ASSEMBLY_USAGE_OCCURRENCE('34','','',#5,#7140,$);
#7165 = PRODUCT_RELATED_PRODUCT_CATEGORY('part',$,(#7142));
#7166 = SHAPE_DEFINITION_REPRESENTATION(#7167,#7173);
#7167 = PRODUCT_DEFINITION_SHAPE('','',#7168);
#7168 = PRODUCT_DEFINITION('design','',#7169,#7172);
#7169 = PRODUCT_DEFINITION_FORMATION('','',#7170);
#7170 = PRODUCT('DBG2','DBG2','',(#7171));
#7171 = PRODUCT_CONTEXT('',#2,'mechanical');
#7172 = PRODUCT_DEFINITION_CONTEXT('part definition',#2,'design');
#7173 = SHAPE_REPRESENTATION('',(#11,#7174),#7178);
#7174 = AXIS2_PLACEMENT_3D('',#7175,#7176,#7177);
#7175 = CARTESIAN_POINT('',(33.828996756855,4.680001511055,
    -0.411480009556));
#7176 = DIRECTION('',(-8.742277657348E-08,-1.,-4.371138828674E-08));
#7177 = DIRECTION('',(-1.,8.742277657348E-08,7.642741860659E-15));
#7178 = ( GEOMETRIC_REPRESENTATION_CONTEXT(3) 
GLOBAL_UNCERTAINTY_ASSIGNED_CONTEXT((#7182)) 
GLOBAL_UNIT_ASSIGNED_CONTEXT((#7179,#7180,#7181)) REPRESENTATION_CONTEXT
('Context #1','3D Context with UNIT and UNCERTAINTY') );
#7179 = ( LENGTH_UNIT() NAMED_UNIT(*) SI_UNIT(.MILLI.,.METRE.) );
#7180 = ( NAMED_UNIT(*) PLANE_ANGLE_UNIT() SI_UNIT($,.RADIAN.) );
#7181 = ( NAMED_UNIT(*) SI_UNIT($,.STERADIAN.) SOLID_ANGLE_UNIT() );
#7182 = UNCERTAINTY_MEASURE_WITH_UNIT(LENGTH_MEASURE(5.E-05),#7179,
  'distance_accuracy_value','confusion accuracy');
#7183 = CONTEXT_DEPENDENT_SHAPE_REPRESENTATION(#7184,#7186);
#7184 = ( REPRESENTATION_RELATIONSHIP('','',#4430,#7173) 
REPRESENTATION_RELATIONSHIP_WITH_TRANSFORMATION(#7185) 
SHAPE_REPRESENTATION_RELATIONSHIP() );
#7185 = ITEM_DEFINED_TRANSFORMATION('','',#11,#7174);
#7186 = PRODUCT_DEFINITION_SHAPE('Placement','Placement of an item',
  #7187);
#7187 = NEXT_ASSEMBLY_USAGE_OCCURRENCE('35','','',#7168,#4425,$);
#7188 = CONTEXT_DEPENDENT_SHAPE_REPRESENTATION(#7189,#7191);
#7189 = ( REPRESENTATION_RELATIONSHIP('','',#7173,#10) 
REPRESENTATION_RELATIONSHIP_WITH_TRANSFORMATION(#7190) 
SHAPE_REPRESENTATION_RELATIONSHIP() );
#7190 = ITEM_DEFINED_TRANSFORMATION('','',#11,#51);
#7191 = PRODUCT_DEFINITION_SHAPE('Placement','Placement of an item',
  #7192);
#7192 = NEXT_ASSEMBLY_USAGE_OCCURRENCE('36','','',#5,#7168,$);
#7193 = PRODUCT_RELATED_PRODUCT_CATEGORY('part',$,(#7170));
#7194 = SHAPE_DEFINITION_REPRESENTATION(#7195,#7201);
#7195 = PRODUCT_DEFINITION_SHAPE('','',#7196);
#7196 = PRODUCT_DEFINITION('design','',#7197,#7200);
#7197 = PRODUCT_DEFINITION_FORMATION('','',#7198);
#7198 = PRODUCT('DBG1','DBG1','',(#7199));
#7199 = PRODUCT_CONTEXT('',#2,'mechanical');
#7200 = PRODUCT_DEFINITION_CONTEXT('part definition',#2,'design');
#7201 = SHAPE_REPRESENTATION('',(#11,#7202),#7206);
#7202 = AXIS2_PLACEMENT_3D('',#7203,#7204,#7205);
#7203 = CARTESIAN_POINT('',(23.668996909443,4.680001511055,
    -0.411480009556));
#7204 = DIRECTION('',(0.,1.,1.311341577548E-07));
#7205 = DIRECTION('',(1.,0.,-0.));
#7206 = ( GEOMETRIC_REPRESENTATION_CONTEXT(3) 
GLOBAL_UNCERTAINTY_ASSIGNED_CONTEXT((#7210)) 
GLOBAL_UNIT_ASSIGNED_CONTEXT((#7207,#7208,#7209)) REPRESENTATION_CONTEXT
('Context #1','3D Context with UNIT and UNCERTAINTY') );
#7207 = ( LENGTH_UNIT() NAMED_UNIT(*) SI_UNIT(.MILLI.,.METRE.) );
#7208 = ( NAMED_UNIT(*) PLANE_ANGLE_UNIT() SI_UNIT($,.RADIAN.) );
#7209 = ( NAMED_UNIT(*) SI_UNIT($,.STERADIAN.) SOLID_ANGLE_UNIT() );
#7210 = UNCERTAINTY_MEASURE_WITH_UNIT(LENGTH_MEASURE(5.E-05),#7207,
  'distance_accuracy_value','confusion accuracy');
#7211 = SHAPE_DEFINITION_REPRESENTATION(#7212,#7218);
#7212 = PRODUCT_DEFINITION_SHAPE('','',#7213);
#7213 = PRODUCT_DEFINITION('design','',#7214,#7217);
#7214 = PRODUCT_DEFINITION_FORMATION('','',#7215);
#7215 = PRODUCT('6770374720','6770374720','',(#7216));
#7216 = PRODUCT_CONTEXT('',#2,'mechanical');
#7217 = PRODUCT_DEFINITION_CONTEXT('part definition',#2,'design');
#7218 = SHAPE_REPRESENTATION('',(#11,#7219),#7223);
#7219 = AXIS2_PLACEMENT_3D('',#7220,#7221,#7222);
#7220 = CARTESIAN_POINT('',(0.,1.,0.));
#7221 = DIRECTION('',(0.,0.,1.));
#7222 = DIRECTION('',(1.,0.,0.));
#7223 = ( GEOMETRIC_REPRESENTATION_CONTEXT(3) 
GLOBAL_UNCERTAINTY_ASSIGNED_CONTEXT((#7227)) 
GLOBAL_UNIT_ASSIGNED_CONTEXT((#7224,#7225,#7226)) REPRESENTATION_CONTEXT
('Context #1','3D Context with UNIT and UNCERTAINTY') );
#7224 = ( LENGTH_UNIT() NAMED_UNIT(*) SI_UNIT(.MILLI.,.METRE.) );
#7225 = ( NAMED_UNIT(*) PLANE_ANGLE_UNIT() SI_UNIT($,.RADIAN.) );
#7226 = ( NAMED_UNIT(*) SI_UNIT($,.STERADIAN.) SOLID_ANGLE_UNIT() );
#7227 = UNCERTAINTY_MEASURE_WITH_UNIT(LENGTH_MEASURE(5.E-05),#7224,
  'distance_accuracy_value','confusion accuracy');
#7228 = SHAPE_REPRESENTATION('',(#11,#7229,#7528,#7984,#8398,#8854),
  #9268);
#7229 = MANIFOLD_SOLID_BREP('',#7230);
#7230 = CLOSED_SHELL('',(#7231,#7275,#7316,#7358,#7391,#7416,#7441,#7483
    ,#7503,#7515));
#7231 = ADVANCED_FACE('',(#7232),#7270,.T.);
#7232 = FACE_BOUND('',#7233,.T.);
#7233 = EDGE_LOOP('',(#7234,#7245,#7254,#7263));
#7234 = ORIENTED_EDGE('',*,*,#7235,.F.);
#7235 = EDGE_CURVE('',#7236,#7238,#7240,.T.);
#7236 = VERTEX_POINT('',#7237);
#7237 = CARTESIAN_POINT('',(-1.530808498934E-16,8.6,0.));
#7238 = VERTEX_POINT('',#7239);
#7239 = CARTESIAN_POINT('',(-2.5,6.1,0.));
#7240 = CIRCLE('',#7241,2.5);
#7241 = AXIS2_PLACEMENT_3D('',#7242,#7243,#7244);
#7242 = CARTESIAN_POINT('',(0.,6.1,0.));
#7243 = DIRECTION('',(-0.,0.,1.));
#7244 = DIRECTION('',(1.,0.,0.));
#7245 = ORIENTED_EDGE('',*,*,#7246,.T.);
#7246 = EDGE_CURVE('',#7236,#7247,#7249,.T.);
#7247 = VERTEX_POINT('',#7248);
#7248 = CARTESIAN_POINT('',(2.5,6.1,-3.061616997868E-16));
#7249 = CIRCLE('',#7250,2.5);
#7250 = AXIS2_PLACEMENT_3D('',#7251,#7252,#7253);
#7251 = CARTESIAN_POINT('',(0.,6.1,0.));
#7252 = DIRECTION('',(-1.224646799147E-16,0.,-1.));
#7253 = DIRECTION('',(-1.,0.,1.224646799147E-16));
#7254 = ORIENTED_EDGE('',*,*,#7255,.F.);
#7255 = EDGE_CURVE('',#7256,#7247,#7258,.T.);
#7256 = VERTEX_POINT('',#7257);
#7257 = CARTESIAN_POINT('',(0.,6.1,-2.5));
#7258 = CIRCLE('',#7259,2.5);
#7259 = AXIS2_PLACEMENT_3D('',#7260,#7261,#7262);
#7260 = CARTESIAN_POINT('',(0.,6.1,0.));
#7261 = DIRECTION('',(0.,-1.,-0.));
#7262 = DIRECTION('',(0.,0.,-1.));
#7263 = ORIENTED_EDGE('',*,*,#7264,.F.);
#7264 = EDGE_CURVE('',#7238,#7256,#7265,.T.);
#7265 = CIRCLE('',#7266,2.5);
#7266 = AXIS2_PLACEMENT_3D('',#7267,#7268,#7269);
#7267 = CARTESIAN_POINT('',(0.,6.1,0.));
#7268 = DIRECTION('',(0.,-1.,-0.));
#7269 = DIRECTION('',(0.,0.,-1.));
#7270 = SPHERICAL_SURFACE('',#7271,2.5);
#7271 = AXIS2_PLACEMENT_3D('',#7272,#7273,#7274);
#7272 = CARTESIAN_POINT('',(0.,6.1,0.));
#7273 = DIRECTION('',(-0.,-0.,-1.));
#7274 = DIRECTION('',(-1.,0.,0.));
#7275 = ADVANCED_FACE('',(#7276),#7311,.T.);
#7276 = FACE_BOUND('',#7277,.T.);
#7277 = EDGE_LOOP('',(#7278,#7279,#7288,#7296,#7305));
#7278 = ORIENTED_EDGE('',*,*,#7255,.T.);
#7279 = ORIENTED_EDGE('',*,*,#7280,.T.);
#7280 = EDGE_CURVE('',#7247,#7281,#7283,.T.);
#7281 = VERTEX_POINT('',#7282);
#7282 = CARTESIAN_POINT('',(3.061616997868E-16,6.1,2.5));
#7283 = CIRCLE('',#7284,2.5);
#7284 = AXIS2_PLACEMENT_3D('',#7285,#7286,#7287);
#7285 = CARTESIAN_POINT('',(0.,6.1,0.));
#7286 = DIRECTION('',(0.,-1.,-0.));
#7287 = DIRECTION('',(0.,0.,-1.));
#7288 = ORIENTED_EDGE('',*,*,#7289,.T.);
#7289 = EDGE_CURVE('',#7281,#7290,#7292,.T.);
#7290 = VERTEX_POINT('',#7291);
#7291 = CARTESIAN_POINT('',(3.061616997868E-16,1.,2.5));
#7292 = LINE('',#7293,#7294);
#7293 = CARTESIAN_POINT('',(3.061616997868E-16,0.,2.5));
#7294 = VECTOR('',#7295,1.);
#7295 = DIRECTION('',(-0.,-1.,-0.));
#7296 = ORIENTED_EDGE('',*,*,#7297,.F.);
#7297 = EDGE_CURVE('',#7298,#7290,#7300,.T.);
#7298 = VERTEX_POINT('',#7299);
#7299 = CARTESIAN_POINT('',(0.,1.,-2.5));
#7300 = CIRCLE('',#7301,2.5);
#7301 = AXIS2_PLACEMENT_3D('',#7302,#7303,#7304);
#7302 = CARTESIAN_POINT('',(0.,1.,0.));
#7303 = DIRECTION('',(0.,-1.,-0.));
#7304 = DIRECTION('',(0.,0.,-1.));
#7305 = ORIENTED_EDGE('',*,*,#7306,.F.);
#7306 = EDGE_CURVE('',#7256,#7298,#7307,.T.);
#7307 = LINE('',#7308,#7309);
#7308 = CARTESIAN_POINT('',(0.,0.,-2.5));
#7309 = VECTOR('',#7310,1.);
#7310 = DIRECTION('',(-0.,-1.,-0.));
#7311 = CYLINDRICAL_SURFACE('',#7312,2.5);
#7312 = AXIS2_PLACEMENT_3D('',#7313,#7314,#7315);
#7313 = CARTESIAN_POINT('',(0.,0.,0.));
#7314 = DIRECTION('',(-0.,-1.,-0.));
#7315 = DIRECTION('',(0.,0.,-1.));
#7316 = ADVANCED_FACE('',(#7317),#7353,.T.);
#7317 = FACE_BOUND('',#7318,.T.);
#7318 = EDGE_LOOP('',(#7319,#7330,#7338,#7347));
#7319 = ORIENTED_EDGE('',*,*,#7320,.T.);
#7320 = EDGE_CURVE('',#7321,#7323,#7325,.T.);
#7321 = VERTEX_POINT('',#7322);
#7322 = CARTESIAN_POINT('',(0.,1.,-2.95));
#7323 = VERTEX_POINT('',#7324);
#7324 = CARTESIAN_POINT('',(3.612708057485E-16,1.,2.95));
#7325 = CIRCLE('',#7326,2.95);
#7326 = AXIS2_PLACEMENT_3D('',#7327,#7328,#7329);
#7327 = CARTESIAN_POINT('',(0.,1.,0.));
#7328 = DIRECTION('',(0.,-1.,-0.));
#7329 = DIRECTION('',(0.,0.,-1.));
#7330 = ORIENTED_EDGE('',*,*,#7331,.T.);
#7331 = EDGE_CURVE('',#7323,#7332,#7334,.T.);
#7332 = VERTEX_POINT('',#7333);
#7333 = CARTESIAN_POINT('',(3.612708057485E-16,-3.612708057485E-16,2.95)
  );
#7334 = LINE('',#7335,#7336);
#7335 = CARTESIAN_POINT('',(3.612708057485E-16,0.,2.95));
#7336 = VECTOR('',#7337,1.);
#7337 = DIRECTION('',(-0.,-1.,-0.));
#7338 = ORIENTED_EDGE('',*,*,#7339,.F.);
#7339 = EDGE_CURVE('',#7340,#7332,#7342,.T.);
#7340 = VERTEX_POINT('',#7341);
#7341 = CARTESIAN_POINT('',(0.,-3.612708057485E-16,-2.95));
#7342 = CIRCLE('',#7343,2.95);
#7343 = AXIS2_PLACEMENT_3D('',#7344,#7345,#7346);
#7344 = CARTESIAN_POINT('',(0.,-3.612708057485E-16,0.));
#7345 = DIRECTION('',(0.,-1.,-0.));
#7346 = DIRECTION('',(0.,0.,-1.));
#7347 = ORIENTED_EDGE('',*,*,#7348,.F.);
#7348 = EDGE_CURVE('',#7321,#7340,#7349,.T.);
#7349 = LINE('',#7350,#7351);
#7350 = CARTESIAN_POINT('',(0.,0.,-2.95));
#7351 = VECTOR('',#7352,1.);
#7352 = DIRECTION('',(-0.,-1.,-0.));
#7353 = CYLINDRICAL_SURFACE('',#7354,2.95);
#7354 = AXIS2_PLACEMENT_3D('',#7355,#7356,#7357);
#7355 = CARTESIAN_POINT('',(0.,0.,0.));
#7356 = DIRECTION('',(-0.,-1.,-0.));
#7357 = DIRECTION('',(0.,0.,-1.));
#7358 = ADVANCED_FACE('',(#7359),#7386,.T.);
#7359 = FACE_BOUND('',#7360,.T.);
#7360 = EDGE_LOOP('',(#7361,#7370,#7371,#7380));
#7361 = ORIENTED_EDGE('',*,*,#7362,.T.);
#7362 = EDGE_CURVE('',#7363,#7321,#7365,.T.);
#7363 = VERTEX_POINT('',#7364);
#7364 = CARTESIAN_POINT('',(-2.5,1.,-1.566045976337));
#7365 = CIRCLE('',#7366,2.95);
#7366 = AXIS2_PLACEMENT_3D('',#7367,#7368,#7369);
#7367 = CARTESIAN_POINT('',(0.,1.,0.));
#7368 = DIRECTION('',(0.,-1.,-0.));
#7369 = DIRECTION('',(0.,0.,-1.));
#7370 = ORIENTED_EDGE('',*,*,#7348,.T.);
#7371 = ORIENTED_EDGE('',*,*,#7372,.F.);
#7372 = EDGE_CURVE('',#7373,#7340,#7375,.T.);
#7373 = VERTEX_POINT('',#7374);
#7374 = CARTESIAN_POINT('',(-2.5,-3.612727868938E-16,-1.566045976337));
#7375 = CIRCLE('',#7376,2.95);
#7376 = AXIS2_PLACEMENT_3D('',#7377,#7378,#7379);
#7377 = CARTESIAN_POINT('',(0.,-3.612708057485E-16,0.));
#7378 = DIRECTION('',(0.,-1.,-0.));
#7379 = DIRECTION('',(0.,0.,-1.));
#7380 = ORIENTED_EDGE('',*,*,#7381,.F.);
#7381 = EDGE_CURVE('',#7363,#7373,#7382,.T.);
#7382 = LINE('',#7383,#7384);
#7383 = CARTESIAN_POINT('',(-2.5,0.,-1.566045976337));
#7384 = VECTOR('',#7385,1.);
#7385 = DIRECTION('',(-0.,-1.,-0.));
#7386 = CYLINDRICAL_SURFACE('',#7387,2.95);
#7387 = AXIS2_PLACEMENT_3D('',#7388,#7389,#7390);
#7388 = CARTESIAN_POINT('',(0.,0.,0.));
#7389 = DIRECTION('',(-0.,-1.,-0.));
#7390 = DIRECTION('',(0.,0.,-1.));
#7391 = ADVANCED_FACE('',(#7392),#7411,.F.);
#7392 = FACE_BOUND('',#7393,.T.);
#7393 = EDGE_LOOP('',(#7394,#7402,#7403,#7404));
#7394 = ORIENTED_EDGE('',*,*,#7395,.F.);
#7395 = EDGE_CURVE('',#7373,#7396,#7398,.T.);
#7396 = VERTEX_POINT('',#7397);
#7397 = CARTESIAN_POINT('',(-2.5,-3.612708057485E-16,1.566045976337));
#7398 = LINE('',#7399,#7400);
#7399 = CARTESIAN_POINT('',(-2.5,-1.806354028742E-16,0.));
#7400 = VECTOR('',#7401,1.);
#7401 = DIRECTION('',(0.,0.,1.));
#7402 = ORIENTED_EDGE('',*,*,#7372,.T.);
#7403 = ORIENTED_EDGE('',*,*,#7339,.T.);
#7404 = ORIENTED_EDGE('',*,*,#7405,.T.);
#7405 = EDGE_CURVE('',#7332,#7396,#7406,.T.);
#7406 = CIRCLE('',#7407,2.95);
#7407 = AXIS2_PLACEMENT_3D('',#7408,#7409,#7410);
#7408 = CARTESIAN_POINT('',(0.,-3.612708057485E-16,0.));
#7409 = DIRECTION('',(0.,-1.,-0.));
#7410 = DIRECTION('',(0.,0.,-1.));
#7411 = PLANE('',#7412);
#7412 = AXIS2_PLACEMENT_3D('',#7413,#7414,#7415);
#7413 = CARTESIAN_POINT('',(0.,-1.806354028742E-16,0.));
#7414 = DIRECTION('',(0.,1.,0.));
#7415 = DIRECTION('',(0.,-0.,1.));
#7416 = ADVANCED_FACE('',(#7417),#7436,.T.);
#7417 = FACE_BOUND('',#7418,.T.);
#7418 = EDGE_LOOP('',(#7419,#7420,#7429,#7435));
#7419 = ORIENTED_EDGE('',*,*,#7331,.F.);
#7420 = ORIENTED_EDGE('',*,*,#7421,.T.);
#7421 = EDGE_CURVE('',#7323,#7422,#7424,.T.);
#7422 = VERTEX_POINT('',#7423);
#7423 = CARTESIAN_POINT('',(-2.5,1.,1.566045976337));
#7424 = CIRCLE('',#7425,2.95);
#7425 = AXIS2_PLACEMENT_3D('',#7426,#7427,#7428);
#7426 = CARTESIAN_POINT('',(0.,1.,0.));
#7427 = DIRECTION('',(0.,-1.,-0.));
#7428 = DIRECTION('',(0.,0.,-1.));
#7429 = ORIENTED_EDGE('',*,*,#7430,.F.);
#7430 = EDGE_CURVE('',#7396,#7422,#7431,.T.);
#7431 = LINE('',#7432,#7433);
#7432 = CARTESIAN_POINT('',(-2.5,0.,1.566045976337));
#7433 = VECTOR('',#7434,1.);
#7434 = DIRECTION('',(0.,1.,0.));
#7435 = ORIENTED_EDGE('',*,*,#7405,.F.);
#7436 = CYLINDRICAL_SURFACE('',#7437,2.95);
#7437 = AXIS2_PLACEMENT_3D('',#7438,#7439,#7440);
#7438 = CARTESIAN_POINT('',(0.,0.,0.));
#7439 = DIRECTION('',(-0.,-1.,-0.));
#7440 = DIRECTION('',(0.,0.,-1.));
#7441 = ADVANCED_FACE('',(#7442,#7461),#7478,.F.);
#7442 = FACE_BOUND('',#7443,.F.);
#7443 = EDGE_LOOP('',(#7444,#7453,#7454));
#7444 = ORIENTED_EDGE('',*,*,#7445,.F.);
#7445 = EDGE_CURVE('',#7290,#7446,#7448,.T.);
#7446 = VERTEX_POINT('',#7447);
#7447 = CARTESIAN_POINT('',(-2.5,1.,0.));
#7448 = CIRCLE('',#7449,2.5);
#7449 = AXIS2_PLACEMENT_3D('',#7450,#7451,#7452);
#7450 = CARTESIAN_POINT('',(0.,1.,0.));
#7451 = DIRECTION('',(0.,-1.,-0.));
#7452 = DIRECTION('',(0.,0.,-1.));
#7453 = ORIENTED_EDGE('',*,*,#7297,.F.);
#7454 = ORIENTED_EDGE('',*,*,#7455,.F.);
#7455 = EDGE_CURVE('',#7446,#7298,#7456,.T.);
#7456 = CIRCLE('',#7457,2.5);
#7457 = AXIS2_PLACEMENT_3D('',#7458,#7459,#7460);
#7458 = CARTESIAN_POINT('',(0.,1.,0.));
#7459 = DIRECTION('',(0.,-1.,-0.));
#7460 = DIRECTION('',(0.,0.,-1.));
#7461 = FACE_BOUND('',#7462,.F.);
#7462 = EDGE_LOOP('',(#7463,#7469,#7470,#7471,#7472));
#7463 = ORIENTED_EDGE('',*,*,#7464,.T.);
#7464 = EDGE_CURVE('',#7446,#7363,#7465,.T.);
#7465 = LINE('',#7466,#7467);
#7466 = CARTESIAN_POINT('',(-2.5,1.,0.));
#7467 = VECTOR('',#7468,1.);
#7468 = DIRECTION('',(0.,0.,-1.));
#7469 = ORIENTED_EDGE('',*,*,#7362,.T.);
#7470 = ORIENTED_EDGE('',*,*,#7320,.T.);
#7471 = ORIENTED_EDGE('',*,*,#7421,.T.);
#7472 = ORIENTED_EDGE('',*,*,#7473,.T.);
#7473 = EDGE_CURVE('',#7422,#7446,#7474,.T.);
#7474 = LINE('',#7475,#7476);
#7475 = CARTESIAN_POINT('',(-2.5,1.,0.));
#7476 = VECTOR('',#7477,1.);
#7477 = DIRECTION('',(0.,0.,-1.));
#7478 = PLANE('',#7479);
#7479 = AXIS2_PLACEMENT_3D('',#7480,#7481,#7482);
#7480 = CARTESIAN_POINT('',(-2.95,1.,0.));
#7481 = DIRECTION('',(0.,-1.,-0.));
#7482 = DIRECTION('',(0.,0.,-1.));
#7483 = ADVANCED_FACE('',(#7484),#7498,.T.);
#7484 = FACE_BOUND('',#7485,.T.);
#7485 = EDGE_LOOP('',(#7486,#7487,#7494,#7495,#7496,#7497));
#7486 = ORIENTED_EDGE('',*,*,#7289,.F.);
#7487 = ORIENTED_EDGE('',*,*,#7488,.T.);
#7488 = EDGE_CURVE('',#7281,#7238,#7489,.T.);
#7489 = CIRCLE('',#7490,2.5);
#7490 = AXIS2_PLACEMENT_3D('',#7491,#7492,#7493);
#7491 = CARTESIAN_POINT('',(0.,6.1,0.));
#7492 = DIRECTION('',(0.,-1.,-0.));
#7493 = DIRECTION('',(0.,0.,-1.));
#7494 = ORIENTED_EDGE('',*,*,#7264,.T.);
#7495 = ORIENTED_EDGE('',*,*,#7306,.T.);
#7496 = ORIENTED_EDGE('',*,*,#7455,.F.);
#7497 = ORIENTED_EDGE('',*,*,#7445,.F.);
#7498 = CYLINDRICAL_SURFACE('',#7499,2.5);
#7499 = AXIS2_PLACEMENT_3D('',#7500,#7501,#7502);
#7500 = CARTESIAN_POINT('',(0.,0.,0.));
#7501 = DIRECTION('',(-0.,-1.,-0.));
#7502 = DIRECTION('',(0.,0.,-1.));
#7503 = ADVANCED_FACE('',(#7504),#7510,.T.);
#7504 = FACE_BOUND('',#7505,.T.);
#7505 = EDGE_LOOP('',(#7506,#7507,#7508,#7509));
#7506 = ORIENTED_EDGE('',*,*,#7246,.F.);
#7507 = ORIENTED_EDGE('',*,*,#7235,.T.);
#7508 = ORIENTED_EDGE('',*,*,#7488,.F.);
#7509 = ORIENTED_EDGE('',*,*,#7280,.F.);
#7510 = SPHERICAL_SURFACE('',#7511,2.5);
#7511 = AXIS2_PLACEMENT_3D('',#7512,#7513,#7514);
#7512 = CARTESIAN_POINT('',(0.,6.1,0.));
#7513 = DIRECTION('',(-0.,-0.,-1.));
#7514 = DIRECTION('',(-1.,0.,0.));
#7515 = ADVANCED_FACE('',(#7516),#7523,.T.);
#7516 = FACE_BOUND('',#7517,.T.);
#7517 = EDGE_LOOP('',(#7518,#7519,#7520,#7521,#7522));
#7518 = ORIENTED_EDGE('',*,*,#7473,.T.);
#7519 = ORIENTED_EDGE('',*,*,#7464,.T.);
#7520 = ORIENTED_EDGE('',*,*,#7381,.T.);
#7521 = ORIENTED_EDGE('',*,*,#7395,.T.);
#7522 = ORIENTED_EDGE('',*,*,#7430,.T.);
#7523 = PLANE('',#7524);
#7524 = AXIS2_PLACEMENT_3D('',#7525,#7526,#7527);
#7525 = CARTESIAN_POINT('',(-2.5,8.6,3.));
#7526 = DIRECTION('',(-1.,0.,-0.));
#7527 = DIRECTION('',(0.,0.,1.));
#7528 = MANIFOLD_SOLID_BREP('',#7529);
#7529 = CLOSED_SHELL('',(#7530,#7572,#7633,#7674,#7715,#7733,#7784,#7821
    ,#7846,#7871,#7905,#7923,#7957));
#7530 = ADVANCED_FACE('',(#7531),#7567,.T.);
#7531 = FACE_BOUND('',#7532,.T.);
#7532 = EDGE_LOOP('',(#7533,#7544,#7552,#7561));
#7533 = ORIENTED_EDGE('',*,*,#7534,.T.);
#7534 = EDGE_CURVE('',#7535,#7537,#7539,.T.);
#7535 = VERTEX_POINT('',#7536);
#7536 = CARTESIAN_POINT('',(-1.27,-0.36528538,0.6));
#7537 = VERTEX_POINT('',#7538);
#7538 = CARTESIAN_POINT('',(-1.27,-0.36528538,-0.6));
#7539 = CIRCLE('',#7540,0.6);
#7540 = AXIS2_PLACEMENT_3D('',#7541,#7542,#7543);
#7541 = CARTESIAN_POINT('',(-1.27,-0.36528538,0.));
#7542 = DIRECTION('',(-0.,1.,0.));
#7543 = DIRECTION('',(0.,0.,-1.));
#7544 = ORIENTED_EDGE('',*,*,#7545,.T.);
#7545 = EDGE_CURVE('',#7537,#7546,#7548,.T.);
#7546 = VERTEX_POINT('',#7547);
#7547 = CARTESIAN_POINT('',(-1.27,0.,-0.6));
#7548 = LINE('',#7549,#7550);
#7549 = CARTESIAN_POINT('',(-1.27,-0.91528538,-0.6));
#7550 = VECTOR('',#7551,1.);
#7551 = DIRECTION('',(-0.,1.,-0.));
#7552 = ORIENTED_EDGE('',*,*,#7553,.T.);
#7553 = EDGE_CURVE('',#7546,#7554,#7556,.T.);
#7554 = VERTEX_POINT('',#7555);
#7555 = CARTESIAN_POINT('',(-1.27,0.,0.6));
#7556 = CIRCLE('',#7557,0.6);
#7557 = AXIS2_PLACEMENT_3D('',#7558,#7559,#7560);
#7558 = CARTESIAN_POINT('',(-1.27,0.,0.));
#7559 = DIRECTION('',(0.,-1.,0.));
#7560 = DIRECTION('',(0.,0.,-1.));
#7561 = ORIENTED_EDGE('',*,*,#7562,.F.);
#7562 = EDGE_CURVE('',#7535,#7554,#7563,.T.);
#7563 = LINE('',#7564,#7565);
#7564 = CARTESIAN_POINT('',(-1.27,-0.91528538,0.6));
#7565 = VECTOR('',#7566,1.);
#7566 = DIRECTION('',(-0.,1.,-0.));
#7567 = CYLINDRICAL_SURFACE('',#7568,0.6);
#7568 = AXIS2_PLACEMENT_3D('',#7569,#7570,#7571);
#7569 = CARTESIAN_POINT('',(-1.27,-0.91528538,0.));
#7570 = DIRECTION('',(-0.,1.,-0.));
#7571 = DIRECTION('',(0.,0.,1.));
#7572 = ADVANCED_FACE('',(#7573),#7621,.T.);
#7573 = FACE_BOUND('',#7574,.T.);
#7574 = EDGE_LOOP('',(#7575,#7576,#7585,#7594,#7605,#7614));
#7575 = ORIENTED_EDGE('',*,*,#7534,.F.);
#7576 = ORIENTED_EDGE('',*,*,#7577,.T.);
#7577 = EDGE_CURVE('',#7535,#7578,#7580,.T.);
#7578 = VERTEX_POINT('',#7579);
#7579 = CARTESIAN_POINT('',(-1.27,-0.83053322315,0.343333333333));
#7580 = CIRCLE('',#7581,0.55);
#7581 = AXIS2_PLACEMENT_3D('',#7582,#7583,#7584);
#7582 = CARTESIAN_POINT('',(-1.27,-0.36528538,5.E-02));
#7583 = DIRECTION('',(1.,0.,-1.224646799147E-16));
#7584 = DIRECTION('',(-1.224646799147E-16,-0.,-1.));
#7585 = ORIENTED_EDGE('',*,*,#7586,.T.);
#7586 = EDGE_CURVE('',#7578,#7587,#7589,.T.);
#7587 = VERTEX_POINT('',#7588);
#7588 = CARTESIAN_POINT('',(-0.930571909585,-0.708184087733,
    0.339428090416));
#7589 = B_SPLINE_CURVE_WITH_KNOTS('',3,(#7590,#7591,#7592,#7593),
  .UNSPECIFIED.,.F.,.F.,(4,4),(3.669106867986E-04,7.350412846847E-04),
  .PIECEWISE_BEZIER_KNOTS.);
#7590 = CARTESIAN_POINT('',(-1.27,-0.83053322315,0.343333333333));
#7591 = CARTESIAN_POINT('',(-1.145870192876,-0.83053322315,
    0.343333333333));
#7592 = CARTESIAN_POINT('',(-1.024215693663,-0.790055185495,
    0.340746950613));
#7593 = CARTESIAN_POINT('',(-0.930571909585,-0.708184087733,
    0.339428090416));
#7594 = ORIENTED_EDGE('',*,*,#7595,.T.);
#7595 = EDGE_CURVE('',#7587,#7596,#7598,.T.);
#7596 = VERTEX_POINT('',#7597);
#7597 = CARTESIAN_POINT('',(-0.930571909585,-0.708184087733,
    -0.339428090416));
#7598 = B_SPLINE_CURVE_WITH_KNOTS('',3,(#7599,#7600,#7601,#7602,#7603,
    #7604),.UNSPECIFIED.,.F.,.F.,(4,2,4),(8.924087115509E-16,
    3.675206423427E-04,7.350412846845E-04),.UNSPECIFIED.);
#7599 = CARTESIAN_POINT('',(-0.930571909585,-0.708184087733,
    0.339428090416));
#7600 = CARTESIAN_POINT('',(-0.929256010888,-0.789871343906,0.2459945835
    ));
#7601 = CARTESIAN_POINT('',(-0.926658041766,-0.83066781193,
    0.123284811925));
#7602 = CARTESIAN_POINT('',(-0.926675334621,-0.830397962527,
    -0.124518724522));
#7603 = CARTESIAN_POINT('',(-0.929255234607,-0.789919533283,
    -0.245939464712));
#7604 = CARTESIAN_POINT('',(-0.930571909585,-0.708184087733,
    -0.339428090416));
#7605 = ORIENTED_EDGE('',*,*,#7606,.T.);
#7606 = EDGE_CURVE('',#7596,#7607,#7609,.T.);
#7607 = VERTEX_POINT('',#7608);
#7608 = CARTESIAN_POINT('',(-1.27,-0.83053322315,-0.343333333333));
#7609 = B_SPLINE_CURVE_WITH_KNOTS('',3,(#7610,#7611,#7612,#7613),
  .UNSPECIFIED.,.F.,.F.,(4,4),(0.,3.669106867986E-04),
  .PIECEWISE_BEZIER_KNOTS.);
#7610 = CARTESIAN_POINT('',(-0.930571909585,-0.708184087733,
    -0.339428090416));
#7611 = CARTESIAN_POINT('',(-1.023850349603,-0.789735771671,
    -0.340741805181));
#7612 = CARTESIAN_POINT('',(-1.146281534201,-0.83053322315,
    -0.343333333333));
#7613 = CARTESIAN_POINT('',(-1.27,-0.83053322315,-0.343333333333));
#7614 = ORIENTED_EDGE('',*,*,#7615,.F.);
#7615 = EDGE_CURVE('',#7537,#7607,#7616,.T.);
#7616 = CIRCLE('',#7617,0.55);
#7617 = AXIS2_PLACEMENT_3D('',#7618,#7619,#7620);
#7618 = CARTESIAN_POINT('',(-1.27,-0.36528538,-5.E-02));
#7619 = DIRECTION('',(-1.,0.,-0.));
#7620 = DIRECTION('',(-0.,0.,1.));
#7621 = SURFACE_OF_REVOLUTION('',#7622,#7630);
#7622 = B_SPLINE_CURVE_WITH_KNOTS('',6,(#7623,#7624,#7625,#7626,#7627,
    #7628,#7629),.UNSPECIFIED.,.F.,.F.,(7,7),(0.,1.008260085193),
  .PIECEWISE_BEZIER_KNOTS.);
#7623 = CARTESIAN_POINT('',(-1.27,-0.36528538,-0.6));
#7624 = CARTESIAN_POINT('',(-1.27,-0.457709221143,-0.6));
#7625 = CARTESIAN_POINT('',(-1.27,-0.550132402892,-0.581362867522));
#7626 = CARTESIAN_POINT('',(-1.27,-0.637861660483,-0.544086465511));
#7627 = CARTESIAN_POINT('',(-1.27,-0.716182898862,-0.489756580519));
#7628 = CARTESIAN_POINT('',(-1.27,-0.781240508967,-0.421515137105));
#7629 = CARTESIAN_POINT('',(-1.27,-0.830533224013,-0.343333331965));
#7630 = AXIS1_PLACEMENT('',#7631,#7632);
#7631 = CARTESIAN_POINT('',(-1.27,-0.36528538,0.));
#7632 = DIRECTION('',(0.,-1.,0.));
#7633 = ADVANCED_FACE('',(#7634),#7669,.F.);
#7634 = FACE_BOUND('',#7635,.T.);
#7635 = EDGE_LOOP('',(#7636,#7647,#7655,#7663));
#7636 = ORIENTED_EDGE('',*,*,#7637,.T.);
#7637 = EDGE_CURVE('',#7638,#7640,#7642,.T.);
#7638 = VERTEX_POINT('',#7639);
#7639 = CARTESIAN_POINT('',(-1.02,-0.953909326765,0.25));
#7640 = VERTEX_POINT('',#7641);
#7641 = CARTESIAN_POINT('',(-1.52,-0.953909326765,0.25));
#7642 = B_SPLINE_CURVE_WITH_KNOTS('',3,(#7643,#7644,#7645,#7646),
  .UNSPECIFIED.,.F.,.F.,(4,4),(0.,5.149310952809E-04),
  .PIECEWISE_BEZIER_KNOTS.);
#7643 = CARTESIAN_POINT('',(-1.02,-0.953909326765,0.25));
#7644 = CARTESIAN_POINT('',(-1.180275992135,-1.015369879129,0.25));
#7645 = CARTESIAN_POINT('',(-1.359756974635,-1.015357237461,0.25));
#7646 = CARTESIAN_POINT('',(-1.52,-0.953909326765,0.25));
#7647 = ORIENTED_EDGE('',*,*,#7648,.F.);
#7648 = EDGE_CURVE('',#7649,#7640,#7651,.T.);
#7649 = VERTEX_POINT('',#7650);
#7650 = CARTESIAN_POINT('',(-1.52,-4.336808689942E-16,0.25));
#7651 = LINE('',#7652,#7653);
#7652 = CARTESIAN_POINT('',(-1.52,-3.,0.25));
#7653 = VECTOR('',#7654,1.);
#7654 = DIRECTION('',(0.,-1.,0.));
#7655 = ORIENTED_EDGE('',*,*,#7656,.F.);
#7656 = EDGE_CURVE('',#7657,#7649,#7659,.T.);
#7657 = VERTEX_POINT('',#7658);
#7658 = CARTESIAN_POINT('',(-1.02,0.,0.25));
#7659 = LINE('',#7660,#7661);
#7660 = CARTESIAN_POINT('',(-1.27,0.,0.25));
#7661 = VECTOR('',#7662,1.);
#7662 = DIRECTION('',(-1.,0.,-0.));
#7663 = ORIENTED_EDGE('',*,*,#7664,.F.);
#7664 = EDGE_CURVE('',#7638,#7657,#7665,.T.);
#7665 = LINE('',#7666,#7667);
#7666 = CARTESIAN_POINT('',(-1.02,-3.,0.25));
#7667 = VECTOR('',#7668,1.);
#7668 = DIRECTION('',(0.,1.,0.));
#7669 = PLANE('',#7670);
#7670 = AXIS2_PLACEMENT_3D('',#7671,#7672,#7673);
#7671 = CARTESIAN_POINT('',(-1.02,-3.,0.25));
#7672 = DIRECTION('',(0.,-0.,1.));
#7673 = DIRECTION('',(1.,0.,0.));
#7674 = ADVANCED_FACE('',(#7675,#7685),#7710,.F.);
#7675 = FACE_BOUND('',#7676,.T.);
#7676 = EDGE_LOOP('',(#7677,#7684));
#7677 = ORIENTED_EDGE('',*,*,#7678,.F.);
#7678 = EDGE_CURVE('',#7554,#7546,#7679,.T.);
#7679 = CIRCLE('',#7680,0.6);
#7680 = AXIS2_PLACEMENT_3D('',#7681,#7682,#7683);
#7681 = CARTESIAN_POINT('',(-1.27,0.,0.));
#7682 = DIRECTION('',(0.,-1.,0.));
#7683 = DIRECTION('',(0.,0.,-1.));
#7684 = ORIENTED_EDGE('',*,*,#7553,.F.);
#7685 = FACE_BOUND('',#7686,.T.);
#7686 = EDGE_LOOP('',(#7687,#7688,#7696,#7704));
#7687 = ORIENTED_EDGE('',*,*,#7656,.T.);
#7688 = ORIENTED_EDGE('',*,*,#7689,.F.);
#7689 = EDGE_CURVE('',#7690,#7649,#7692,.T.);
#7690 = VERTEX_POINT('',#7691);
#7691 = CARTESIAN_POINT('',(-1.52,0.,-0.25));
#7692 = LINE('',#7693,#7694);
#7693 = CARTESIAN_POINT('',(-1.52,-4.336808689942E-16,0.25));
#7694 = VECTOR('',#7695,1.);
#7695 = DIRECTION('',(0.,0.,1.));
#7696 = ORIENTED_EDGE('',*,*,#7697,.T.);
#7697 = EDGE_CURVE('',#7690,#7698,#7700,.T.);
#7698 = VERTEX_POINT('',#7699);
#7699 = CARTESIAN_POINT('',(-1.02,-4.336808689942E-16,-0.25));
#7700 = LINE('',#7701,#7702);
#7701 = CARTESIAN_POINT('',(-1.27,0.,-0.25));
#7702 = VECTOR('',#7703,1.);
#7703 = DIRECTION('',(1.,0.,0.));
#7704 = ORIENTED_EDGE('',*,*,#7705,.F.);
#7705 = EDGE_CURVE('',#7657,#7698,#7706,.T.);
#7706 = LINE('',#7707,#7708);
#7707 = CARTESIAN_POINT('',(-1.02,-4.336808689942E-16,-0.25));
#7708 = VECTOR('',#7709,1.);
#7709 = DIRECTION('',(0.,0.,-1.));
#7710 = PLANE('',#7711);
#7711 = AXIS2_PLACEMENT_3D('',#7712,#7713,#7714);
#7712 = CARTESIAN_POINT('',(-1.27,0.,0.));
#7713 = DIRECTION('',(0.,-1.,0.));
#7714 = DIRECTION('',(0.,-0.,-1.));
#7715 = ADVANCED_FACE('',(#7716),#7728,.T.);
#7716 = FACE_BOUND('',#7717,.T.);
#7717 = EDGE_LOOP('',(#7718,#7719,#7726,#7727));
#7718 = ORIENTED_EDGE('',*,*,#7545,.F.);
#7719 = ORIENTED_EDGE('',*,*,#7720,.T.);
#7720 = EDGE_CURVE('',#7537,#7535,#7721,.T.);
#7721 = CIRCLE('',#7722,0.6);
#7722 = AXIS2_PLACEMENT_3D('',#7723,#7724,#7725);
#7723 = CARTESIAN_POINT('',(-1.27,-0.36528538,0.));
#7724 = DIRECTION('',(-0.,1.,0.));
#7725 = DIRECTION('',(0.,0.,-1.));
#7726 = ORIENTED_EDGE('',*,*,#7562,.T.);
#7727 = ORIENTED_EDGE('',*,*,#7678,.T.);
#7728 = CYLINDRICAL_SURFACE('',#7729,0.6);
#7729 = AXIS2_PLACEMENT_3D('',#7730,#7731,#7732);
#7730 = CARTESIAN_POINT('',(-1.27,-0.91528538,0.));
#7731 = DIRECTION('',(-0.,1.,-0.));
#7732 = DIRECTION('',(0.,0.,1.));
#7733 = ADVANCED_FACE('',(#7734),#7765,.F.);
#7734 = FACE_BOUND('',#7735,.F.);
#7735 = EDGE_LOOP('',(#7736,#7747,#7754,#7755,#7764));
#7736 = ORIENTED_EDGE('',*,*,#7737,.F.);
#7737 = EDGE_CURVE('',#7738,#7640,#7740,.T.);
#7738 = VERTEX_POINT('',#7739);
#7739 = CARTESIAN_POINT('',(-1.609428090415,-0.708184087733,
    0.339428090416));
#7740 = B_SPLINE_CURVE_WITH_KNOTS('',3,(#7741,#7742,#7743,#7744,#7745,
    #7746),.UNSPECIFIED.,.F.,.F.,(4,2,4),(-2.566325591967E-06,
    1.382116633846E-04,2.789896523612E-04),.UNSPECIFIED.);
#7741 = CARTESIAN_POINT('',(-1.609428090415,-0.708184087733,
    0.339428090416));
#7742 = CARTESIAN_POINT('',(-1.588740892469,-0.744873716806,
    0.318740892466));
#7743 = CARTESIAN_POINT('',(-1.56808719709,-0.781725486939,0.29808719709
    ));
#7744 = CARTESIAN_POINT('',(-1.534076309238,-0.86170348181,
    0.264076309238));
#7745 = CARTESIAN_POINT('',(-1.52,-0.90613131984,0.25));
#7746 = CARTESIAN_POINT('',(-1.52,-0.953909326765,0.25));
#7747 = ORIENTED_EDGE('',*,*,#7748,.T.);
#7748 = EDGE_CURVE('',#7738,#7578,#7749,.T.);
#7749 = B_SPLINE_CURVE_WITH_KNOTS('',3,(#7750,#7751,#7752,#7753),
  .UNSPECIFIED.,.F.,.F.,(4,4),(0.,3.669106867986E-04),
  .PIECEWISE_BEZIER_KNOTS.);
#7750 = CARTESIAN_POINT('',(-1.609428090415,-0.708184087733,
    0.339428090416));
#7751 = CARTESIAN_POINT('',(-1.516149650397,-0.789735771671,
    0.340741805181));
#7752 = CARTESIAN_POINT('',(-1.393718465799,-0.83053322315,
    0.343333333333));
#7753 = CARTESIAN_POINT('',(-1.27,-0.83053322315,0.343333333333));
#7754 = ORIENTED_EDGE('',*,*,#7586,.T.);
#7755 = ORIENTED_EDGE('',*,*,#7756,.T.);
#7756 = EDGE_CURVE('',#7587,#7638,#7757,.T.);
#7757 = B_SPLINE_CURVE_WITH_KNOTS('',3,(#7758,#7759,#7760,#7761,#7762,
    #7763),.UNSPECIFIED.,.F.,.F.,(4,2,4),(-2.566325591965E-06,
    1.382116633846E-04,2.789896523612E-04),.UNSPECIFIED.);
#7758 = CARTESIAN_POINT('',(-0.930571909585,-0.708184087733,
    0.339428090416));
#7759 = CARTESIAN_POINT('',(-0.951259107534,-0.744873716806,
    0.318740892469));
#7760 = CARTESIAN_POINT('',(-0.97191280291,-0.781725486939,0.29808719709
    ));
#7761 = CARTESIAN_POINT('',(-1.005923690762,-0.86170348181,
    0.264076309238));
#7762 = CARTESIAN_POINT('',(-1.02,-0.90613131984,0.25));
#7763 = CARTESIAN_POINT('',(-1.02,-0.953909326765,0.25));
#7764 = ORIENTED_EDGE('',*,*,#7637,.T.);
#7765 = ( BOUNDED_SURFACE() B_SPLINE_SURFACE(3,2,(
    (#7766,#7767,#7768)
    ,(#7769,#7770,#7771)
    ,(#7772,#7773,#7774)
    ,(#7775,#7776,#7777)
    ,(#7778,#7779,#7780)
    ,(#7781,#7782,#7783
)),.UNSPECIFIED.,.F.,.F.,.F.) B_SPLINE_SURFACE_WITH_KNOTS((4,2,4),(3,3),
  (1.040290242745E-03,1.535147072079E-03,2.030003901413E-03),(0.,1.),
.UNSPECIFIED.) GEOMETRIC_REPRESENTATION_ITEM() RATIONAL_B_SPLINE_SURFACE
((
    (1.,0.881218111854,1.)
    ,(1.,0.879721282842,1.)
    ,(1.,0.875586404508,1.)
    ,(1.,0.875603695599,1.)
    ,(1.,0.879714376944,1.)
,(1.,0.881217888699,1.))) REPRESENTATION_ITEM('') SURFACE() );
#7766 = CARTESIAN_POINT('',(-1.612718706114,-0.705279813609,
    0.339381855736));
#7767 = CARTESIAN_POINT('',(-1.652499652031,-0.749308797281,0.25));
#7768 = CARTESIAN_POINT('',(-1.724424463609,-0.828914153103,0.25));
#7769 = CARTESIAN_POINT('',(-1.520997771493,-0.787000941821,
    0.340667528821));
#7770 = CARTESIAN_POINT('',(-1.548812920009,-0.841647053409,0.25));
#7771 = CARTESIAN_POINT('',(-1.600744718246,-0.940660827876,0.25));
#7772 = CARTESIAN_POINT('',(-1.396900720324,-0.830627582642,
    0.34333938767));
#7773 = CARTESIAN_POINT('',(-1.410615335025,-0.889482905277,0.25));
#7774 = CARTESIAN_POINT('',(-1.436326217414,-0.999842910997,0.25));
#7775 = CARTESIAN_POINT('',(-1.142258090116,-0.830438551419,
    0.343327258987));
#7776 = CARTESIAN_POINT('',(-1.128455360396,-0.889274352548,0.25));
#7777 = CARTESIAN_POINT('',(-1.102571252549,-0.999585177268,0.25));
#7778 = CARTESIAN_POINT('',(-1.019354025493,-0.787309113319,
    0.340672436988));
#7779 = CARTESIAN_POINT('',(-0.991576924084,-0.841988366663,0.25));
#7780 = CARTESIAN_POINT('',(-0.939710578855,-0.941065184885,0.25));
#7781 = CARTESIAN_POINT('',(-0.927292517234,-0.70528981302,
    0.339382013054));
#7782 = CARTESIAN_POINT('',(-0.887512985504,-0.749320051288,0.25));
#7783 = CARTESIAN_POINT('',(-0.815590628518,-0.828927788663,0.25));
#7784 = ADVANCED_FACE('',(#7785),#7809,.T.);
#7785 = FACE_BOUND('',#7786,.T.);
#7786 = EDGE_LOOP('',(#7787,#7788,#7789,#7790,#7799,#7808));
#7787 = ORIENTED_EDGE('',*,*,#7577,.F.);
#7788 = ORIENTED_EDGE('',*,*,#7720,.F.);
#7789 = ORIENTED_EDGE('',*,*,#7615,.T.);
#7790 = ORIENTED_EDGE('',*,*,#7791,.T.);
#7791 = EDGE_CURVE('',#7607,#7792,#7794,.T.);
#7792 = VERTEX_POINT('',#7793);
#7793 = CARTESIAN_POINT('',(-1.609428090416,-0.708184087733,
    -0.339428090415));
#7794 = B_SPLINE_CURVE_WITH_KNOTS('',3,(#7795,#7796,#7797,#7798),
  .UNSPECIFIED.,.F.,.F.,(4,4),(3.669106867986E-04,7.35041284685E-04),
  .PIECEWISE_BEZIER_KNOTS.);
#7795 = CARTESIAN_POINT('',(-1.27,-0.83053322315,-0.343333333333));
#7796 = CARTESIAN_POINT('',(-1.394129807124,-0.83053322315,
    -0.343333333333));
#7797 = CARTESIAN_POINT('',(-1.515784306337,-0.790055185496,
    -0.340746950613));
#7798 = CARTESIAN_POINT('',(-1.609428090416,-0.708184087733,
    -0.339428090415));
#7799 = ORIENTED_EDGE('',*,*,#7800,.T.);
#7800 = EDGE_CURVE('',#7792,#7738,#7801,.T.);
#7801 = B_SPLINE_CURVE_WITH_KNOTS('',3,(#7802,#7803,#7804,#7805,#7806,
    #7807),.UNSPECIFIED.,.F.,.F.,(4,2,4),(0.,3.675206423425E-04,
    7.35041284685E-04),.UNSPECIFIED.);
#7802 = CARTESIAN_POINT('',(-1.609428090416,-0.708184087733,
    -0.339428090415));
#7803 = CARTESIAN_POINT('',(-1.610743989112,-0.789871343906,
    -0.2459945835));
#7804 = CARTESIAN_POINT('',(-1.613341958234,-0.830667811929,
    -0.123284811926));
#7805 = CARTESIAN_POINT('',(-1.613324665379,-0.830397962527,
    0.124518724521));
#7806 = CARTESIAN_POINT('',(-1.610744765393,-0.789919533283,
    0.245939464712));
#7807 = CARTESIAN_POINT('',(-1.609428090415,-0.708184087733,
    0.339428090416));
#7808 = ORIENTED_EDGE('',*,*,#7748,.T.);
#7809 = SURFACE_OF_REVOLUTION('',#7810,#7818);
#7810 = B_SPLINE_CURVE_WITH_KNOTS('',6,(#7811,#7812,#7813,#7814,#7815,
    #7816,#7817),.UNSPECIFIED.,.F.,.F.,(7,7),(0.,1.008260085193),
  .PIECEWISE_BEZIER_KNOTS.);
#7811 = CARTESIAN_POINT('',(-1.27,-0.36528538,-0.6));
#7812 = CARTESIAN_POINT('',(-1.27,-0.457709221143,-0.6));
#7813 = CARTESIAN_POINT('',(-1.27,-0.550132402892,-0.581362867522));
#7814 = CARTESIAN_POINT('',(-1.27,-0.637861660483,-0.544086465511));
#7815 = CARTESIAN_POINT('',(-1.27,-0.716182898862,-0.489756580519));
#7816 = CARTESIAN_POINT('',(-1.27,-0.781240508967,-0.421515137105));
#7817 = CARTESIAN_POINT('',(-1.27,-0.830533224013,-0.343333331965));
#7818 = AXIS1_PLACEMENT('',#7819,#7820);
#7819 = CARTESIAN_POINT('',(-1.27,-0.36528538,0.));
#7820 = DIRECTION('',(0.,-1.,0.));
#7821 = ADVANCED_FACE('',(#7822),#7841,.F.);
#7822 = FACE_BOUND('',#7823,.T.);
#7823 = EDGE_LOOP('',(#7824,#7825,#7826,#7835));
#7824 = ORIENTED_EDGE('',*,*,#7689,.T.);
#7825 = ORIENTED_EDGE('',*,*,#7648,.T.);
#7826 = ORIENTED_EDGE('',*,*,#7827,.T.);
#7827 = EDGE_CURVE('',#7640,#7828,#7830,.T.);
#7828 = VERTEX_POINT('',#7829);
#7829 = CARTESIAN_POINT('',(-1.52,-0.953909326765,-0.25));
#7830 = B_SPLINE_CURVE_WITH_KNOTS('',3,(#7831,#7832,#7833,#7834),
  .UNSPECIFIED.,.F.,.F.,(4,4),(0.,5.149310952809E-04),
  .PIECEWISE_BEZIER_KNOTS.);
#7831 = CARTESIAN_POINT('',(-1.52,-0.953909326765,0.25));
#7832 = CARTESIAN_POINT('',(-1.52,-1.015369879129,8.972400786539E-02));
#7833 = CARTESIAN_POINT('',(-1.52,-1.015357237461,-8.975697463469E-02));
#7834 = CARTESIAN_POINT('',(-1.52,-0.953909326765,-0.25));
#7835 = ORIENTED_EDGE('',*,*,#7836,.T.);
#7836 = EDGE_CURVE('',#7828,#7690,#7837,.T.);
#7837 = LINE('',#7838,#7839);
#7838 = CARTESIAN_POINT('',(-1.52,-3.,-0.25));
#7839 = VECTOR('',#7840,1.);
#7840 = DIRECTION('',(0.,1.,0.));
#7841 = PLANE('',#7842);
#7842 = AXIS2_PLACEMENT_3D('',#7843,#7844,#7845);
#7843 = CARTESIAN_POINT('',(-1.52,-2.,0.25));
#7844 = DIRECTION('',(-1.,-0.,0.));
#7845 = DIRECTION('',(0.,0.,1.));
#7846 = ADVANCED_FACE('',(#7847),#7866,.F.);
#7847 = FACE_BOUND('',#7848,.T.);
#7848 = EDGE_LOOP('',(#7849,#7858,#7859,#7860));
#7849 = ORIENTED_EDGE('',*,*,#7850,.T.);
#7850 = EDGE_CURVE('',#7851,#7638,#7853,.T.);
#7851 = VERTEX_POINT('',#7852);
#7852 = CARTESIAN_POINT('',(-1.02,-0.953909326765,-0.25));
#7853 = B_SPLINE_CURVE_WITH_KNOTS('',3,(#7854,#7855,#7856,#7857),
  .UNSPECIFIED.,.F.,.F.,(4,4),(0.,5.149310952809E-04),
  .PIECEWISE_BEZIER_KNOTS.);
#7854 = CARTESIAN_POINT('',(-1.02,-0.953909326765,-0.25));
#7855 = CARTESIAN_POINT('',(-1.02,-1.015369879129,-8.972400786539E-02));
#7856 = CARTESIAN_POINT('',(-1.02,-1.015357237461,8.975697463469E-02));
#7857 = CARTESIAN_POINT('',(-1.02,-0.953909326765,0.25));
#7858 = ORIENTED_EDGE('',*,*,#7664,.T.);
#7859 = ORIENTED_EDGE('',*,*,#7705,.T.);
#7860 = ORIENTED_EDGE('',*,*,#7861,.F.);
#7861 = EDGE_CURVE('',#7851,#7698,#7862,.T.);
#7862 = LINE('',#7863,#7864);
#7863 = CARTESIAN_POINT('',(-1.02,-2.,-0.25));
#7864 = VECTOR('',#7865,1.);
#7865 = DIRECTION('',(0.,1.,0.));
#7866 = PLANE('',#7867);
#7867 = AXIS2_PLACEMENT_3D('',#7868,#7869,#7870);
#7868 = CARTESIAN_POINT('',(-1.02,-2.,-0.25));
#7869 = DIRECTION('',(1.,0.,-0.));
#7870 = DIRECTION('',(-0.,0.,-1.));
#7871 = ADVANCED_FACE('',(#7872),#7886,.F.);
#7872 = FACE_BOUND('',#7873,.F.);
#7873 = EDGE_LOOP('',(#7874,#7875,#7876,#7885));
#7874 = ORIENTED_EDGE('',*,*,#7737,.T.);
#7875 = ORIENTED_EDGE('',*,*,#7827,.T.);
#7876 = ORIENTED_EDGE('',*,*,#7877,.T.);
#7877 = EDGE_CURVE('',#7828,#7792,#7878,.T.);
#7878 = B_SPLINE_CURVE_WITH_KNOTS('',3,(#7879,#7880,#7881,#7882,#7883,
    #7884),.UNSPECIFIED.,.F.,.F.,(4,2,4),(9.006059638196E-19,
    1.404793661642E-04,2.809587323283E-04),.UNSPECIFIED.);
#7879 = CARTESIAN_POINT('',(-1.52,-0.953909326765,-0.25));
#7880 = CARTESIAN_POINT('',(-1.52,-0.906130385574,-0.25));
#7881 = CARTESIAN_POINT('',(-1.534076822686,-0.861701785781,
    -0.264076822686));
#7882 = CARTESIAN_POINT('',(-1.56808867883,-0.781722491231,
    -0.29808867883));
#7883 = CARTESIAN_POINT('',(-1.588784774818,-0.744795889581,
    -0.31878477482));
#7884 = CARTESIAN_POINT('',(-1.609428090416,-0.708184087733,
    -0.339428090415));
#7885 = ORIENTED_EDGE('',*,*,#7800,.T.);
#7886 = ( BOUNDED_SURFACE() B_SPLINE_SURFACE(3,2,(
    (#7887,#7888,#7889)
    ,(#7890,#7891,#7892)
    ,(#7893,#7894,#7895)
    ,(#7896,#7897,#7898)
    ,(#7899,#7900,#7901)
    ,(#7902,#7903,#7904
)),.UNSPECIFIED.,.F.,.F.,.F.) B_SPLINE_SURFACE_WITH_KNOTS((4,2,4),(3,3),
  (1.040290242745E-03,1.535147072079E-03,2.030003901413E-03),(0.,1.),
.UNSPECIFIED.) GEOMETRIC_REPRESENTATION_ITEM() RATIONAL_B_SPLINE_SURFACE
((
    (1.,0.881218111854,1.)
    ,(1.,0.879721282842,1.)
    ,(1.,0.875586404508,1.)
    ,(1.,0.875603695599,1.)
    ,(1.,0.879714376944,1.)
,(1.,0.881217888699,1.))) REPRESENTATION_ITEM('') SURFACE() );
#7887 = CARTESIAN_POINT('',(-1.609381855736,-0.705279813609,
    -0.342718706114));
#7888 = CARTESIAN_POINT('',(-1.52,-0.749308797281,-0.382499652031));
#7889 = CARTESIAN_POINT('',(-1.52,-0.828914153103,-0.454424463609));
#7890 = CARTESIAN_POINT('',(-1.610667528821,-0.787000941821,
    -0.250997771493));
#7891 = CARTESIAN_POINT('',(-1.52,-0.841647053409,-0.278812920009));
#7892 = CARTESIAN_POINT('',(-1.52,-0.940660827876,-0.330744718246));
#7893 = CARTESIAN_POINT('',(-1.61333938767,-0.830627582642,
    -0.126900720324));
#7894 = CARTESIAN_POINT('',(-1.52,-0.889482905277,-0.140615335025));
#7895 = CARTESIAN_POINT('',(-1.52,-0.999842910997,-0.166326217414));
#7896 = CARTESIAN_POINT('',(-1.613327258987,-0.830438551419,
    0.127741909884));
#7897 = CARTESIAN_POINT('',(-1.52,-0.889274352548,0.141544639604));
#7898 = CARTESIAN_POINT('',(-1.52,-0.999585177268,0.167428747451));
#7899 = CARTESIAN_POINT('',(-1.610672436988,-0.787309113319,
    0.250645974508));
#7900 = CARTESIAN_POINT('',(-1.52,-0.841988366663,0.278423075916));
#7901 = CARTESIAN_POINT('',(-1.52,-0.941065184885,0.330289421145));
#7902 = CARTESIAN_POINT('',(-1.609382013054,-0.70528981302,
    0.342707482766));
#7903 = CARTESIAN_POINT('',(-1.52,-0.749320051288,0.382487014497));
#7904 = CARTESIAN_POINT('',(-1.52,-0.828927788663,0.454409371483));
#7905 = ADVANCED_FACE('',(#7906),#7918,.F.);
#7906 = FACE_BOUND('',#7907,.T.);
#7907 = EDGE_LOOP('',(#7908,#7909,#7910,#7917));
#7908 = ORIENTED_EDGE('',*,*,#7697,.F.);
#7909 = ORIENTED_EDGE('',*,*,#7836,.F.);
#7910 = ORIENTED_EDGE('',*,*,#7911,.T.);
#7911 = EDGE_CURVE('',#7828,#7851,#7912,.T.);
#7912 = B_SPLINE_CURVE_WITH_KNOTS('',3,(#7913,#7914,#7915,#7916),
  .UNSPECIFIED.,.F.,.F.,(4,4),(1.167721476618E-18,5.149310952809E-04),
  .PIECEWISE_BEZIER_KNOTS.);
#7913 = CARTESIAN_POINT('',(-1.52,-0.953909326765,-0.25));
#7914 = CARTESIAN_POINT('',(-1.359724007865,-1.015369879129,-0.25));
#7915 = CARTESIAN_POINT('',(-1.180243025365,-1.015357237461,-0.25));
#7916 = CARTESIAN_POINT('',(-1.02,-0.953909326765,-0.25));
#7917 = ORIENTED_EDGE('',*,*,#7861,.T.);
#7918 = PLANE('',#7919);
#7919 = AXIS2_PLACEMENT_3D('',#7920,#7921,#7922);
#7920 = CARTESIAN_POINT('',(-1.52,-3.,-0.25));
#7921 = DIRECTION('',(0.,0.,-1.));
#7922 = DIRECTION('',(-1.,0.,-0.));
#7923 = ADVANCED_FACE('',(#7924),#7938,.F.);
#7924 = FACE_BOUND('',#7925,.F.);
#7925 = EDGE_LOOP('',(#7926,#7927,#7936,#7937));
#7926 = ORIENTED_EDGE('',*,*,#7595,.T.);
#7927 = ORIENTED_EDGE('',*,*,#7928,.F.);
#7928 = EDGE_CURVE('',#7851,#7596,#7929,.T.);
#7929 = B_SPLINE_CURVE_WITH_KNOTS('',3,(#7930,#7931,#7932,#7933,#7934,
    #7935),.UNSPECIFIED.,.F.,.F.,(4,2,4),(5.448048490814E-19,
    1.404793661642E-04,2.809587323283E-04),.UNSPECIFIED.);
#7930 = CARTESIAN_POINT('',(-1.02,-0.953909326765,-0.25));
#7931 = CARTESIAN_POINT('',(-1.02,-0.906130385574,-0.25));
#7932 = CARTESIAN_POINT('',(-1.005923177314,-0.861701785781,
    -0.264076822686));
#7933 = CARTESIAN_POINT('',(-0.97191132117,-0.781722491231,
    -0.29808867883));
#7934 = CARTESIAN_POINT('',(-0.951215225179,-0.744795889581,
    -0.318784774818));
#7935 = CARTESIAN_POINT('',(-0.930571909585,-0.708184087733,
    -0.339428090416));
#7936 = ORIENTED_EDGE('',*,*,#7850,.T.);
#7937 = ORIENTED_EDGE('',*,*,#7756,.F.);
#7938 = ( BOUNDED_SURFACE() B_SPLINE_SURFACE(3,2,(
    (#7939,#7940,#7941)
    ,(#7942,#7943,#7944)
    ,(#7945,#7946,#7947)
    ,(#7948,#7949,#7950)
    ,(#7951,#7952,#7953)
    ,(#7954,#7955,#7956
)),.UNSPECIFIED.,.F.,.F.,.F.) B_SPLINE_SURFACE_WITH_KNOTS((4,2,4),(3,3),
  (1.040290242745E-03,1.535147072079E-03,2.030003901413E-03),(0.,1.),
.UNSPECIFIED.) GEOMETRIC_REPRESENTATION_ITEM() RATIONAL_B_SPLINE_SURFACE
((
    (1.,0.881218111854,1.)
    ,(1.,0.879721282842,1.)
    ,(1.,0.875586404508,1.)
    ,(1.,0.875603695599,1.)
    ,(1.,0.879714376944,1.)
,(1.,0.881217888699,1.))) REPRESENTATION_ITEM('') SURFACE() );
#7939 = CARTESIAN_POINT('',(-0.930618144264,-0.705279813609,
    0.342718706114));
#7940 = CARTESIAN_POINT('',(-1.02,-0.749308797281,0.382499652031));
#7941 = CARTESIAN_POINT('',(-1.02,-0.828914153103,0.454424463609));
#7942 = CARTESIAN_POINT('',(-0.929332471179,-0.787000941821,
    0.250997771493));
#7943 = CARTESIAN_POINT('',(-1.02,-0.841647053409,0.278812920009));
#7944 = CARTESIAN_POINT('',(-1.02,-0.940660827876,0.330744718246));
#7945 = CARTESIAN_POINT('',(-0.92666061233,-0.830627582642,
    0.126900720324));
#7946 = CARTESIAN_POINT('',(-1.02,-0.889482905277,0.140615335025));
#7947 = CARTESIAN_POINT('',(-1.02,-0.999842910997,0.166326217414));
#7948 = CARTESIAN_POINT('',(-0.926672741013,-0.830438551419,
    -0.127741909884));
#7949 = CARTESIAN_POINT('',(-1.02,-0.889274352548,-0.141544639604));
#7950 = CARTESIAN_POINT('',(-1.02,-0.999585177268,-0.167428747451));
#7951 = CARTESIAN_POINT('',(-0.929327563012,-0.787309113319,
    -0.250645974508));
#7952 = CARTESIAN_POINT('',(-1.02,-0.841988366663,-0.278423075916));
#7953 = CARTESIAN_POINT('',(-1.02,-0.941065184885,-0.330289421145));
#7954 = CARTESIAN_POINT('',(-0.930617986946,-0.70528981302,
    -0.342707482766));
#7955 = CARTESIAN_POINT('',(-1.02,-0.749320051288,-0.382487014497));
#7956 = CARTESIAN_POINT('',(-1.02,-0.828927788663,-0.454409371483));
#7957 = ADVANCED_FACE('',(#7958),#7965,.F.);
#7958 = FACE_BOUND('',#7959,.F.);
#7959 = EDGE_LOOP('',(#7960,#7961,#7962,#7963,#7964));
#7960 = ORIENTED_EDGE('',*,*,#7791,.T.);
#7961 = ORIENTED_EDGE('',*,*,#7877,.F.);
#7962 = ORIENTED_EDGE('',*,*,#7911,.T.);
#7963 = ORIENTED_EDGE('',*,*,#7928,.T.);
#7964 = ORIENTED_EDGE('',*,*,#7606,.T.);
#7965 = ( BOUNDED_SURFACE() B_SPLINE_SURFACE(3,2,(
    (#7966,#7967,#7968)
    ,(#7969,#7970,#7971)
    ,(#7972,#7973,#7974)
    ,(#7975,#7976,#7977)
    ,(#7978,#7979,#7980)
    ,(#7981,#7982,#7983
)),.UNSPECIFIED.,.F.,.F.,.F.) B_SPLINE_SURFACE_WITH_KNOTS((4,2,4),(3,3),
  (1.040290242745E-03,1.535147072079E-03,2.030003901413E-03),(0.,1.),
.UNSPECIFIED.) GEOMETRIC_REPRESENTATION_ITEM() RATIONAL_B_SPLINE_SURFACE
((
    (1.,0.881218111854,1.)
    ,(1.,0.879721282842,1.)
    ,(1.,0.875586404508,1.)
    ,(1.,0.875603695599,1.)
    ,(1.,0.879714376944,1.)
,(1.,0.881217888699,1.))) REPRESENTATION_ITEM('') SURFACE() );
#7966 = CARTESIAN_POINT('',(-0.927281293886,-0.705279813609,
    -0.339381855736));
#7967 = CARTESIAN_POINT('',(-0.887500347969,-0.749308797281,-0.25));
#7968 = CARTESIAN_POINT('',(-0.815575536391,-0.828914153103,-0.25));
#7969 = CARTESIAN_POINT('',(-1.019002228507,-0.787000941821,
    -0.340667528821));
#7970 = CARTESIAN_POINT('',(-0.991187079991,-0.841647053409,-0.25));
#7971 = CARTESIAN_POINT('',(-0.939255281754,-0.940660827876,-0.25));
#7972 = CARTESIAN_POINT('',(-1.143099279676,-0.830627582642,
    -0.34333938767));
#7973 = CARTESIAN_POINT('',(-1.129384664975,-0.889482905277,-0.25));
#7974 = CARTESIAN_POINT('',(-1.103673782586,-0.999842910997,-0.25));
#7975 = CARTESIAN_POINT('',(-1.397741909884,-0.830438551419,
    -0.343327258987));
#7976 = CARTESIAN_POINT('',(-1.411544639604,-0.889274352548,-0.25));
#7977 = CARTESIAN_POINT('',(-1.437428747451,-0.999585177268,-0.25));
#7978 = CARTESIAN_POINT('',(-1.520645974508,-0.787309113319,
    -0.340672436988));
#7979 = CARTESIAN_POINT('',(-1.548423075916,-0.841988366663,-0.25));
#7980 = CARTESIAN_POINT('',(-1.600289421145,-0.941065184885,-0.25));
#7981 = CARTESIAN_POINT('',(-1.612707482766,-0.70528981302,
    -0.339382013054));
#7982 = CARTESIAN_POINT('',(-1.652487014497,-0.749320051288,-0.25));
#7983 = CARTESIAN_POINT('',(-1.724409371483,-0.828927788663,-0.25));
#7984 = MANIFOLD_SOLID_BREP('',#7985);
#7985 = CLOSED_SHELL('',(#7986,#8026,#8066,#8088,#8169,#8250,#8267,#8289
    ,#8311,#8328,#8340,#8352,#8374,#8386));
#7986 = ADVANCED_FACE('',(#7987),#8021,.T.);
#7987 = FACE_BOUND('',#7988,.T.);
#7988 = EDGE_LOOP('',(#7989,#7999,#8007,#8015));
#7989 = ORIENTED_EDGE('',*,*,#7990,.T.);
#7990 = EDGE_CURVE('',#7991,#7993,#7995,.T.);
#7991 = VERTEX_POINT('',#7992);
#7992 = CARTESIAN_POINT('',(1.02,-3.,-0.25));
#7993 = VERTEX_POINT('',#7994);
#7994 = CARTESIAN_POINT('',(1.02,-3.,0.25));
#7995 = LINE('',#7996,#7997);
#7996 = CARTESIAN_POINT('',(1.02,-3.,-0.25));
#7997 = VECTOR('',#7998,1.);
#7998 = DIRECTION('',(0.,0.,1.));
#7999 = ORIENTED_EDGE('',*,*,#8000,.F.);
#8000 = EDGE_CURVE('',#8001,#7993,#8003,.T.);
#8001 = VERTEX_POINT('',#8002);
#8002 = CARTESIAN_POINT('',(0.92,-3.,0.25));
#8003 = LINE('',#8004,#8005);
#8004 = CARTESIAN_POINT('',(0.92,-3.,0.25));
#8005 = VECTOR('',#8006,1.);
#8006 = DIRECTION('',(1.,0.,0.));
#8007 = ORIENTED_EDGE('',*,*,#8008,.F.);
#8008 = EDGE_CURVE('',#8009,#8001,#8011,.T.);
#8009 = VERTEX_POINT('',#8010);
#8010 = CARTESIAN_POINT('',(0.92,-3.,-0.25));
#8011 = LINE('',#8012,#8013);
#8012 = CARTESIAN_POINT('',(0.92,-3.,-0.25));
#8013 = VECTOR('',#8014,1.);
#8014 = DIRECTION('',(0.,0.,1.));
#8015 = ORIENTED_EDGE('',*,*,#8016,.F.);
#8016 = EDGE_CURVE('',#7991,#8009,#8017,.T.);
#8017 = LINE('',#8018,#8019);
#8018 = CARTESIAN_POINT('',(1.62,-3.,-0.25));
#8019 = VECTOR('',#8020,1.);
#8020 = DIRECTION('',(-1.,0.,7.744301232039E-17));
#8021 = PLANE('',#8022);
#8022 = AXIS2_PLACEMENT_3D('',#8023,#8024,#8025);
#8023 = CARTESIAN_POINT('',(0.,-3.,0.));
#8024 = DIRECTION('',(0.,-1.,-0.));
#8025 = DIRECTION('',(-0.,0.,-1.));
#8026 = ADVANCED_FACE('',(#8027),#8061,.F.);
#8027 = FACE_BOUND('',#8028,.T.);
#8028 = EDGE_LOOP('',(#8029,#8039,#8047,#8055));
#8029 = ORIENTED_EDGE('',*,*,#8030,.T.);
#8030 = EDGE_CURVE('',#8031,#8033,#8035,.T.);
#8031 = VERTEX_POINT('',#8032);
#8032 = CARTESIAN_POINT('',(1.02,-2.,-0.25));
#8033 = VERTEX_POINT('',#8034);
#8034 = CARTESIAN_POINT('',(0.92,-2.,-0.25));
#8035 = LINE('',#8036,#8037);
#8036 = CARTESIAN_POINT('',(1.62,-2.,-0.25));
#8037 = VECTOR('',#8038,1.);
#8038 = DIRECTION('',(-1.,0.,7.744301232039E-17));
#8039 = ORIENTED_EDGE('',*,*,#8040,.T.);
#8040 = EDGE_CURVE('',#8033,#8041,#8043,.T.);
#8041 = VERTEX_POINT('',#8042);
#8042 = CARTESIAN_POINT('',(0.92,-2.,0.25));
#8043 = LINE('',#8044,#8045);
#8044 = CARTESIAN_POINT('',(0.92,-2.,-0.25));
#8045 = VECTOR('',#8046,1.);
#8046 = DIRECTION('',(0.,0.,1.));
#8047 = ORIENTED_EDGE('',*,*,#8048,.T.);
#8048 = EDGE_CURVE('',#8041,#8049,#8051,.T.);
#8049 = VERTEX_POINT('',#8050);
#8050 = CARTESIAN_POINT('',(1.02,-2.,0.25));
#8051 = LINE('',#8052,#8053);
#8052 = CARTESIAN_POINT('',(0.92,-2.,0.25));
#8053 = VECTOR('',#8054,1.);
#8054 = DIRECTION('',(1.,0.,0.));
#8055 = ORIENTED_EDGE('',*,*,#8056,.F.);
#8056 = EDGE_CURVE('',#8031,#8049,#8057,.T.);
#8057 = LINE('',#8058,#8059);
#8058 = CARTESIAN_POINT('',(1.02,-2.,-0.25));
#8059 = VECTOR('',#8060,1.);
#8060 = DIRECTION('',(0.,0.,1.));
#8061 = PLANE('',#8062);
#8062 = AXIS2_PLACEMENT_3D('',#8063,#8064,#8065);
#8063 = CARTESIAN_POINT('',(0.,-2.,0.));
#8064 = DIRECTION('',(0.,-1.,-0.));
#8065 = DIRECTION('',(-0.,0.,-1.));
#8066 = ADVANCED_FACE('',(#8067),#8083,.F.);
#8067 = FACE_BOUND('',#8068,.T.);
#8068 = EDGE_LOOP('',(#8069,#8070,#8076,#8077));
#8069 = ORIENTED_EDGE('',*,*,#8040,.F.);
#8070 = ORIENTED_EDGE('',*,*,#8071,.F.);
#8071 = EDGE_CURVE('',#8009,#8033,#8072,.T.);
#8072 = LINE('',#8073,#8074);
#8073 = CARTESIAN_POINT('',(0.92,-3.,-0.25));
#8074 = VECTOR('',#8075,1.);
#8075 = DIRECTION('',(0.,1.,0.));
#8076 = ORIENTED_EDGE('',*,*,#8008,.T.);
#8077 = ORIENTED_EDGE('',*,*,#8078,.T.);
#8078 = EDGE_CURVE('',#8001,#8041,#8079,.T.);
#8079 = LINE('',#8080,#8081);
#8080 = CARTESIAN_POINT('',(0.92,-3.,0.25));
#8081 = VECTOR('',#8082,1.);
#8082 = DIRECTION('',(0.,1.,0.));
#8083 = PLANE('',#8084);
#8084 = AXIS2_PLACEMENT_3D('',#8085,#8086,#8087);
#8085 = CARTESIAN_POINT('',(0.92,-3.,-0.25));
#8086 = DIRECTION('',(1.,0.,-0.));
#8087 = DIRECTION('',(0.,0.,1.));
#8088 = ADVANCED_FACE('',(#8089),#8164,.F.);
#8089 = FACE_BOUND('',#8090,.T.);
#8090 = EDGE_LOOP('',(#8091,#8092,#8093,#8094,#8102,#8110,#8118,#8126,
    #8134,#8142,#8150,#8158));
#8091 = ORIENTED_EDGE('',*,*,#8048,.F.);
#8092 = ORIENTED_EDGE('',*,*,#8078,.F.);
#8093 = ORIENTED_EDGE('',*,*,#8000,.T.);
#8094 = ORIENTED_EDGE('',*,*,#8095,.F.);
#8095 = EDGE_CURVE('',#8096,#7993,#8098,.T.);
#8096 = VERTEX_POINT('',#8097);
#8097 = CARTESIAN_POINT('',(1.02,-27.,0.25));
#8098 = LINE('',#8099,#8100);
#8099 = CARTESIAN_POINT('',(1.02,-27.,0.25));
#8100 = VECTOR('',#8101,1.);
#8101 = DIRECTION('',(0.,1.,0.));
#8102 = ORIENTED_EDGE('',*,*,#8103,.T.);
#8103 = EDGE_CURVE('',#8096,#8104,#8106,.T.);
#8104 = VERTEX_POINT('',#8105);
#8105 = CARTESIAN_POINT('',(1.52,-27.,0.25));
#8106 = LINE('',#8107,#8108);
#8107 = CARTESIAN_POINT('',(1.52,-27.,0.25));
#8108 = VECTOR('',#8109,1.);
#8109 = DIRECTION('',(1.,-0.,-0.));
#8110 = ORIENTED_EDGE('',*,*,#8111,.T.);
#8111 = EDGE_CURVE('',#8104,#8112,#8114,.T.);
#8112 = VERTEX_POINT('',#8113);
#8113 = CARTESIAN_POINT('',(1.52,-3.,0.25));
#8114 = LINE('',#8115,#8116);
#8115 = CARTESIAN_POINT('',(1.52,-27.,0.25));
#8116 = VECTOR('',#8117,1.);
#8117 = DIRECTION('',(0.,1.,0.));
#8118 = ORIENTED_EDGE('',*,*,#8119,.T.);
#8119 = EDGE_CURVE('',#8112,#8120,#8122,.T.);
#8120 = VERTEX_POINT('',#8121);
#8121 = CARTESIAN_POINT('',(1.62,-3.,0.25));
#8122 = LINE('',#8123,#8124);
#8123 = CARTESIAN_POINT('',(0.92,-3.,0.25));
#8124 = VECTOR('',#8125,1.);
#8125 = DIRECTION('',(1.,0.,0.));
#8126 = ORIENTED_EDGE('',*,*,#8127,.T.);
#8127 = EDGE_CURVE('',#8120,#8128,#8130,.T.);
#8128 = VERTEX_POINT('',#8129);
#8129 = CARTESIAN_POINT('',(1.62,-2.,0.25));
#8130 = LINE('',#8131,#8132);
#8131 = CARTESIAN_POINT('',(1.62,-3.,0.25));
#8132 = VECTOR('',#8133,1.);
#8133 = DIRECTION('',(0.,1.,0.));
#8134 = ORIENTED_EDGE('',*,*,#8135,.F.);
#8135 = EDGE_CURVE('',#8136,#8128,#8138,.T.);
#8136 = VERTEX_POINT('',#8137);
#8137 = CARTESIAN_POINT('',(1.52,-2.,0.25));
#8138 = LINE('',#8139,#8140);
#8139 = CARTESIAN_POINT('',(0.92,-2.,0.25));
#8140 = VECTOR('',#8141,1.);
#8141 = DIRECTION('',(1.,0.,0.));
#8142 = ORIENTED_EDGE('',*,*,#8143,.T.);
#8143 = EDGE_CURVE('',#8136,#8144,#8146,.T.);
#8144 = VERTEX_POINT('',#8145);
#8145 = CARTESIAN_POINT('',(1.52,0.,0.25));
#8146 = LINE('',#8147,#8148);
#8147 = CARTESIAN_POINT('',(1.52,-27.,0.25));
#8148 = VECTOR('',#8149,1.);
#8149 = DIRECTION('',(0.,1.,0.));
#8150 = ORIENTED_EDGE('',*,*,#8151,.F.);
#8151 = EDGE_CURVE('',#8152,#8144,#8154,.T.);
#8152 = VERTEX_POINT('',#8153);
#8153 = CARTESIAN_POINT('',(1.02,0.,0.25));
#8154 = LINE('',#8155,#8156);
#8155 = CARTESIAN_POINT('',(1.27,0.,0.25));
#8156 = VECTOR('',#8157,1.);
#8157 = DIRECTION('',(1.,0.,0.));
#8158 = ORIENTED_EDGE('',*,*,#8159,.F.);
#8159 = EDGE_CURVE('',#8049,#8152,#8160,.T.);
#8160 = LINE('',#8161,#8162);
#8161 = CARTESIAN_POINT('',(1.02,-27.,0.25));
#8162 = VECTOR('',#8163,1.);
#8163 = DIRECTION('',(0.,1.,0.));
#8164 = PLANE('',#8165);
#8165 = AXIS2_PLACEMENT_3D('',#8166,#8167,#8168);
#8166 = CARTESIAN_POINT('',(1.52,-27.,0.25));
#8167 = DIRECTION('',(0.,0.,-1.));
#8168 = DIRECTION('',(1.,0.,0.));
#8169 = ADVANCED_FACE('',(#8170),#8245,.F.);
#8170 = FACE_BOUND('',#8171,.T.);
#8171 = EDGE_LOOP('',(#8172,#8173,#8174,#8175,#8183,#8191,#8199,#8207,
    #8215,#8223,#8231,#8239));
#8172 = ORIENTED_EDGE('',*,*,#8016,.T.);
#8173 = ORIENTED_EDGE('',*,*,#8071,.T.);
#8174 = ORIENTED_EDGE('',*,*,#8030,.F.);
#8175 = ORIENTED_EDGE('',*,*,#8176,.T.);
#8176 = EDGE_CURVE('',#8031,#8177,#8179,.T.);
#8177 = VERTEX_POINT('',#8178);
#8178 = CARTESIAN_POINT('',(1.02,-4.336808689942E-16,-0.25));
#8179 = LINE('',#8180,#8181);
#8180 = CARTESIAN_POINT('',(1.02,-27.,-0.25));
#8181 = VECTOR('',#8182,1.);
#8182 = DIRECTION('',(0.,1.,0.));
#8183 = ORIENTED_EDGE('',*,*,#8184,.T.);
#8184 = EDGE_CURVE('',#8177,#8185,#8187,.T.);
#8185 = VERTEX_POINT('',#8186);
#8186 = CARTESIAN_POINT('',(1.52,-4.336808689942E-16,-0.25));
#8187 = LINE('',#8188,#8189);
#8188 = CARTESIAN_POINT('',(1.52,-4.336808689942E-16,-0.25));
#8189 = VECTOR('',#8190,1.);
#8190 = DIRECTION('',(1.,0.,0.));
#8191 = ORIENTED_EDGE('',*,*,#8192,.F.);
#8192 = EDGE_CURVE('',#8193,#8185,#8195,.T.);
#8193 = VERTEX_POINT('',#8194);
#8194 = CARTESIAN_POINT('',(1.52,-2.,-0.25));
#8195 = LINE('',#8196,#8197);
#8196 = CARTESIAN_POINT('',(1.52,-27.,-0.25));
#8197 = VECTOR('',#8198,1.);
#8198 = DIRECTION('',(0.,1.,0.));
#8199 = ORIENTED_EDGE('',*,*,#8200,.F.);
#8200 = EDGE_CURVE('',#8201,#8193,#8203,.T.);
#8201 = VERTEX_POINT('',#8202);
#8202 = CARTESIAN_POINT('',(1.62,-2.,-0.25));
#8203 = LINE('',#8204,#8205);
#8204 = CARTESIAN_POINT('',(1.62,-2.,-0.25));
#8205 = VECTOR('',#8206,1.);
#8206 = DIRECTION('',(-1.,0.,7.744301232039E-17));
#8207 = ORIENTED_EDGE('',*,*,#8208,.F.);
#8208 = EDGE_CURVE('',#8209,#8201,#8211,.T.);
#8209 = VERTEX_POINT('',#8210);
#8210 = CARTESIAN_POINT('',(1.62,-3.,-0.25));
#8211 = LINE('',#8212,#8213);
#8212 = CARTESIAN_POINT('',(1.62,-3.,-0.25));
#8213 = VECTOR('',#8214,1.);
#8214 = DIRECTION('',(0.,1.,0.));
#8215 = ORIENTED_EDGE('',*,*,#8216,.T.);
#8216 = EDGE_CURVE('',#8209,#8217,#8219,.T.);
#8217 = VERTEX_POINT('',#8218);
#8218 = CARTESIAN_POINT('',(1.52,-3.,-0.25));
#8219 = LINE('',#8220,#8221);
#8220 = CARTESIAN_POINT('',(1.62,-3.,-0.25));
#8221 = VECTOR('',#8222,1.);
#8222 = DIRECTION('',(-1.,0.,7.744301232039E-17));
#8223 = ORIENTED_EDGE('',*,*,#8224,.F.);
#8224 = EDGE_CURVE('',#8225,#8217,#8227,.T.);
#8225 = VERTEX_POINT('',#8226);
#8226 = CARTESIAN_POINT('',(1.52,-27.,-0.25));
#8227 = LINE('',#8228,#8229);
#8228 = CARTESIAN_POINT('',(1.52,-27.,-0.25));
#8229 = VECTOR('',#8230,1.);
#8230 = DIRECTION('',(0.,1.,0.));
#8231 = ORIENTED_EDGE('',*,*,#8232,.T.);
#8232 = EDGE_CURVE('',#8225,#8233,#8235,.T.);
#8233 = VERTEX_POINT('',#8234);
#8234 = CARTESIAN_POINT('',(1.02,-27.,-0.25));
#8235 = LINE('',#8236,#8237);
#8236 = CARTESIAN_POINT('',(1.52,-27.,-0.25));
#8237 = VECTOR('',#8238,1.);
#8238 = DIRECTION('',(-1.,0.,0.));
#8239 = ORIENTED_EDGE('',*,*,#8240,.T.);
#8240 = EDGE_CURVE('',#8233,#7991,#8241,.T.);
#8241 = LINE('',#8242,#8243);
#8242 = CARTESIAN_POINT('',(1.02,-27.,-0.25));
#8243 = VECTOR('',#8244,1.);
#8244 = DIRECTION('',(0.,1.,0.));
#8245 = PLANE('',#8246);
#8246 = AXIS2_PLACEMENT_3D('',#8247,#8248,#8249);
#8247 = CARTESIAN_POINT('',(1.52,-27.,-0.25));
#8248 = DIRECTION('',(0.,0.,1.));
#8249 = DIRECTION('',(-1.,0.,0.));
#8250 = ADVANCED_FACE('',(#8251),#8262,.T.);
#8251 = FACE_BOUND('',#8252,.T.);
#8252 = EDGE_LOOP('',(#8253,#8254,#8255,#8261));
#8253 = ORIENTED_EDGE('',*,*,#8056,.T.);
#8254 = ORIENTED_EDGE('',*,*,#8159,.T.);
#8255 = ORIENTED_EDGE('',*,*,#8256,.T.);
#8256 = EDGE_CURVE('',#8152,#8177,#8257,.T.);
#8257 = LINE('',#8258,#8259);
#8258 = CARTESIAN_POINT('',(1.02,-4.336808689942E-16,-0.25));
#8259 = VECTOR('',#8260,1.);
#8260 = DIRECTION('',(0.,0.,-1.));
#8261 = ORIENTED_EDGE('',*,*,#8176,.F.);
#8262 = PLANE('',#8263);
#8263 = AXIS2_PLACEMENT_3D('',#8264,#8265,#8266);
#8264 = CARTESIAN_POINT('',(1.02,-2.,-0.25));
#8265 = DIRECTION('',(-1.,0.,0.));
#8266 = DIRECTION('',(0.,0.,-1.));
#8267 = ADVANCED_FACE('',(#8268),#8284,.T.);
#8268 = FACE_BOUND('',#8269,.T.);
#8269 = EDGE_LOOP('',(#8270,#8271,#8277,#8278));
#8270 = ORIENTED_EDGE('',*,*,#8111,.F.);
#8271 = ORIENTED_EDGE('',*,*,#8272,.T.);
#8272 = EDGE_CURVE('',#8104,#8225,#8273,.T.);
#8273 = LINE('',#8274,#8275);
#8274 = CARTESIAN_POINT('',(1.52,-27.,-0.25));
#8275 = VECTOR('',#8276,1.);
#8276 = DIRECTION('',(0.,-0.,-1.));
#8277 = ORIENTED_EDGE('',*,*,#8224,.T.);
#8278 = ORIENTED_EDGE('',*,*,#8279,.F.);
#8279 = EDGE_CURVE('',#8112,#8217,#8280,.T.);
#8280 = LINE('',#8281,#8282);
#8281 = CARTESIAN_POINT('',(1.52,-3.,-0.25));
#8282 = VECTOR('',#8283,1.);
#8283 = DIRECTION('',(0.,0.,-1.));
#8284 = PLANE('',#8285);
#8285 = AXIS2_PLACEMENT_3D('',#8286,#8287,#8288);
#8286 = CARTESIAN_POINT('',(1.52,-2.,0.25));
#8287 = DIRECTION('',(1.,0.,-0.));
#8288 = DIRECTION('',(0.,0.,1.));
#8289 = ADVANCED_FACE('',(#8290),#8306,.T.);
#8290 = FACE_BOUND('',#8291,.T.);
#8291 = EDGE_LOOP('',(#8292,#8298,#8299,#8305));
#8292 = ORIENTED_EDGE('',*,*,#8293,.T.);
#8293 = EDGE_CURVE('',#8136,#8193,#8294,.T.);
#8294 = LINE('',#8295,#8296);
#8295 = CARTESIAN_POINT('',(1.52,-2.,-0.25));
#8296 = VECTOR('',#8297,1.);
#8297 = DIRECTION('',(0.,0.,-1.));
#8298 = ORIENTED_EDGE('',*,*,#8192,.T.);
#8299 = ORIENTED_EDGE('',*,*,#8300,.T.);
#8300 = EDGE_CURVE('',#8185,#8144,#8301,.T.);
#8301 = LINE('',#8302,#8303);
#8302 = CARTESIAN_POINT('',(1.52,-4.336808689942E-16,0.25));
#8303 = VECTOR('',#8304,1.);
#8304 = DIRECTION('',(0.,0.,1.));
#8305 = ORIENTED_EDGE('',*,*,#8143,.F.);
#8306 = PLANE('',#8307);
#8307 = AXIS2_PLACEMENT_3D('',#8308,#8309,#8310);
#8308 = CARTESIAN_POINT('',(1.52,-2.,0.25));
#8309 = DIRECTION('',(1.,0.,-0.));
#8310 = DIRECTION('',(0.,0.,1.));
#8311 = ADVANCED_FACE('',(#8312),#8323,.T.);
#8312 = FACE_BOUND('',#8313,.T.);
#8313 = EDGE_LOOP('',(#8314,#8315,#8321,#8322));
#8314 = ORIENTED_EDGE('',*,*,#8240,.F.);
#8315 = ORIENTED_EDGE('',*,*,#8316,.T.);
#8316 = EDGE_CURVE('',#8233,#8096,#8317,.T.);
#8317 = LINE('',#8318,#8319);
#8318 = CARTESIAN_POINT('',(1.02,-27.,-0.25));
#8319 = VECTOR('',#8320,1.);
#8320 = DIRECTION('',(0.,0.,1.));
#8321 = ORIENTED_EDGE('',*,*,#8095,.T.);
#8322 = ORIENTED_EDGE('',*,*,#7990,.F.);
#8323 = PLANE('',#8324);
#8324 = AXIS2_PLACEMENT_3D('',#8325,#8326,#8327);
#8325 = CARTESIAN_POINT('',(1.02,-2.,-0.25));
#8326 = DIRECTION('',(-1.,0.,0.));
#8327 = DIRECTION('',(0.,0.,-1.));
#8328 = ADVANCED_FACE('',(#8329),#8335,.F.);
#8329 = FACE_BOUND('',#8330,.T.);
#8330 = EDGE_LOOP('',(#8331,#8332,#8333,#8334));
#8331 = ORIENTED_EDGE('',*,*,#8316,.F.);
#8332 = ORIENTED_EDGE('',*,*,#8232,.F.);
#8333 = ORIENTED_EDGE('',*,*,#8272,.F.);
#8334 = ORIENTED_EDGE('',*,*,#8103,.F.);
#8335 = PLANE('',#8336);
#8336 = AXIS2_PLACEMENT_3D('',#8337,#8338,#8339);
#8337 = CARTESIAN_POINT('',(0.,-27.,0.));
#8338 = DIRECTION('',(0.,1.,0.));
#8339 = DIRECTION('',(0.,-0.,1.));
#8340 = ADVANCED_FACE('',(#8341),#8347,.F.);
#8341 = FACE_BOUND('',#8342,.T.);
#8342 = EDGE_LOOP('',(#8343,#8344,#8345,#8346));
#8343 = ORIENTED_EDGE('',*,*,#8151,.T.);
#8344 = ORIENTED_EDGE('',*,*,#8300,.F.);
#8345 = ORIENTED_EDGE('',*,*,#8184,.F.);
#8346 = ORIENTED_EDGE('',*,*,#8256,.F.);
#8347 = PLANE('',#8348);
#8348 = AXIS2_PLACEMENT_3D('',#8349,#8350,#8351);
#8349 = CARTESIAN_POINT('',(1.27,0.,0.));
#8350 = DIRECTION('',(0.,-1.,-0.));
#8351 = DIRECTION('',(-0.,0.,-1.));
#8352 = ADVANCED_FACE('',(#8353),#8369,.F.);
#8353 = FACE_BOUND('',#8354,.T.);
#8354 = EDGE_LOOP('',(#8355,#8361,#8362,#8368));
#8355 = ORIENTED_EDGE('',*,*,#8356,.F.);
#8356 = EDGE_CURVE('',#8128,#8201,#8357,.T.);
#8357 = LINE('',#8358,#8359);
#8358 = CARTESIAN_POINT('',(1.62,-2.,0.25));
#8359 = VECTOR('',#8360,1.);
#8360 = DIRECTION('',(0.,0.,-1.));
#8361 = ORIENTED_EDGE('',*,*,#8127,.F.);
#8362 = ORIENTED_EDGE('',*,*,#8363,.T.);
#8363 = EDGE_CURVE('',#8120,#8209,#8364,.T.);
#8364 = LINE('',#8365,#8366);
#8365 = CARTESIAN_POINT('',(1.62,-3.,0.25));
#8366 = VECTOR('',#8367,1.);
#8367 = DIRECTION('',(0.,0.,-1.));
#8368 = ORIENTED_EDGE('',*,*,#8208,.T.);
#8369 = PLANE('',#8370);
#8370 = AXIS2_PLACEMENT_3D('',#8371,#8372,#8373);
#8371 = CARTESIAN_POINT('',(1.62,-3.,0.25));
#8372 = DIRECTION('',(-1.,0.,0.));
#8373 = DIRECTION('',(0.,0.,-1.));
#8374 = ADVANCED_FACE('',(#8375),#8381,.T.);
#8375 = FACE_BOUND('',#8376,.T.);
#8376 = EDGE_LOOP('',(#8377,#8378,#8379,#8380));
#8377 = ORIENTED_EDGE('',*,*,#8279,.T.);
#8378 = ORIENTED_EDGE('',*,*,#8216,.F.);
#8379 = ORIENTED_EDGE('',*,*,#8363,.F.);
#8380 = ORIENTED_EDGE('',*,*,#8119,.F.);
#8381 = PLANE('',#8382);
#8382 = AXIS2_PLACEMENT_3D('',#8383,#8384,#8385);
#8383 = CARTESIAN_POINT('',(0.,-3.,0.));
#8384 = DIRECTION('',(0.,-1.,-0.));
#8385 = DIRECTION('',(-0.,0.,-1.));
#8386 = ADVANCED_FACE('',(#8387),#8393,.F.);
#8387 = FACE_BOUND('',#8388,.T.);
#8388 = EDGE_LOOP('',(#8389,#8390,#8391,#8392));
#8389 = ORIENTED_EDGE('',*,*,#8135,.T.);
#8390 = ORIENTED_EDGE('',*,*,#8356,.T.);
#8391 = ORIENTED_EDGE('',*,*,#8200,.T.);
#8392 = ORIENTED_EDGE('',*,*,#8293,.F.);
#8393 = PLANE('',#8394);
#8394 = AXIS2_PLACEMENT_3D('',#8395,#8396,#8397);
#8395 = CARTESIAN_POINT('',(0.,-2.,0.));
#8396 = DIRECTION('',(0.,-1.,-0.));
#8397 = DIRECTION('',(-0.,0.,-1.));
#8398 = MANIFOLD_SOLID_BREP('',#8399);
#8399 = CLOSED_SHELL('',(#8400,#8442,#8503,#8544,#8595,#8638,#8656,#8691
    ,#8716,#8741,#8775,#8793,#8827));
#8400 = ADVANCED_FACE('',(#8401),#8437,.T.);
#8401 = FACE_BOUND('',#8402,.T.);
#8402 = EDGE_LOOP('',(#8403,#8414,#8422,#8431));
#8403 = ORIENTED_EDGE('',*,*,#8404,.F.);
#8404 = EDGE_CURVE('',#8405,#8407,#8409,.T.);
#8405 = VERTEX_POINT('',#8406);
#8406 = CARTESIAN_POINT('',(1.27,-0.36528538,-0.6));
#8407 = VERTEX_POINT('',#8408);
#8408 = CARTESIAN_POINT('',(1.27,-0.36528538,0.6));
#8409 = CIRCLE('',#8410,0.6);
#8410 = AXIS2_PLACEMENT_3D('',#8411,#8412,#8413);
#8411 = CARTESIAN_POINT('',(1.27,-0.36528538,0.));
#8412 = DIRECTION('',(0.,-1.,0.));
#8413 = DIRECTION('',(0.,0.,-1.));
#8414 = ORIENTED_EDGE('',*,*,#8415,.T.);
#8415 = EDGE_CURVE('',#8405,#8416,#8418,.T.);
#8416 = VERTEX_POINT('',#8417);
#8417 = CARTESIAN_POINT('',(1.27,0.,-0.6));
#8418 = LINE('',#8419,#8420);
#8419 = CARTESIAN_POINT('',(1.27,-0.91528538,-0.6));
#8420 = VECTOR('',#8421,1.);
#8421 = DIRECTION('',(0.,1.,0.));
#8422 = ORIENTED_EDGE('',*,*,#8423,.F.);
#8423 = EDGE_CURVE('',#8424,#8416,#8426,.T.);
#8424 = VERTEX_POINT('',#8425);
#8425 = CARTESIAN_POINT('',(1.27,0.,0.6));
#8426 = CIRCLE('',#8427,0.6);
#8427 = AXIS2_PLACEMENT_3D('',#8428,#8429,#8430);
#8428 = CARTESIAN_POINT('',(1.27,0.,0.));
#8429 = DIRECTION('',(-0.,1.,0.));
#8430 = DIRECTION('',(0.,0.,-1.));
#8431 = ORIENTED_EDGE('',*,*,#8432,.F.);
#8432 = EDGE_CURVE('',#8407,#8424,#8433,.T.);
#8433 = LINE('',#8434,#8435);
#8434 = CARTESIAN_POINT('',(1.27,-0.91528538,0.6));
#8435 = VECTOR('',#8436,1.);
#8436 = DIRECTION('',(0.,1.,0.));
#8437 = CYLINDRICAL_SURFACE('',#8438,0.6);
#8438 = AXIS2_PLACEMENT_3D('',#8439,#8440,#8441);
#8439 = CARTESIAN_POINT('',(1.27,-0.91528538,0.));
#8440 = DIRECTION('',(0.,1.,0.));
#8441 = DIRECTION('',(0.,-0.,1.));
#8442 = ADVANCED_FACE('',(#8443),#8491,.T.);
#8443 = FACE_BOUND('',#8444,.T.);
#8444 = EDGE_LOOP('',(#8445,#8446,#8455,#8464,#8475,#8484));
#8445 = ORIENTED_EDGE('',*,*,#8404,.T.);
#8446 = ORIENTED_EDGE('',*,*,#8447,.T.);
#8447 = EDGE_CURVE('',#8407,#8448,#8450,.T.);
#8448 = VERTEX_POINT('',#8449);
#8449 = CARTESIAN_POINT('',(1.27,-0.83053322315,0.343333333333));
#8450 = CIRCLE('',#8451,0.55);
#8451 = AXIS2_PLACEMENT_3D('',#8452,#8453,#8454);
#8452 = CARTESIAN_POINT('',(1.27,-0.36528538,5.E-02));
#8453 = DIRECTION('',(1.,0.,-1.224646799147E-16));
#8454 = DIRECTION('',(-1.224646799147E-16,-0.,-1.));
#8455 = ORIENTED_EDGE('',*,*,#8456,.F.);
#8456 = EDGE_CURVE('',#8457,#8448,#8459,.T.);
#8457 = VERTEX_POINT('',#8458);
#8458 = CARTESIAN_POINT('',(1.609428090415,-0.708184087733,
    0.339428090416));
#8459 = B_SPLINE_CURVE_WITH_KNOTS('',3,(#8460,#8461,#8462,#8463),
  .UNSPECIFIED.,.F.,.F.,(4,4),(0.,3.669106867986E-04),
  .PIECEWISE_BEZIER_KNOTS.);
#8460 = CARTESIAN_POINT('',(1.609428090415,-0.708184087733,
    0.339428090416));
#8461 = CARTESIAN_POINT('',(1.516149650397,-0.789735771671,
    0.340741805181));
#8462 = CARTESIAN_POINT('',(1.393718465799,-0.83053322315,0.343333333333
    ));
#8463 = CARTESIAN_POINT('',(1.27,-0.83053322315,0.343333333333));
#8464 = ORIENTED_EDGE('',*,*,#8465,.F.);
#8465 = EDGE_CURVE('',#8466,#8457,#8468,.T.);
#8466 = VERTEX_POINT('',#8467);
#8467 = CARTESIAN_POINT('',(1.609428090416,-0.708184087733,
    -0.339428090415));
#8468 = B_SPLINE_CURVE_WITH_KNOTS('',3,(#8469,#8470,#8471,#8472,#8473,
    #8474),.UNSPECIFIED.,.F.,.F.,(4,2,4),(0.,3.675206423425E-04,
    7.35041284685E-04),.UNSPECIFIED.);
#8469 = CARTESIAN_POINT('',(1.609428090416,-0.708184087733,
    -0.339428090415));
#8470 = CARTESIAN_POINT('',(1.610743989112,-0.789871343906,-0.2459945835
    ));
#8471 = CARTESIAN_POINT('',(1.613341958234,-0.830667811929,
    -0.123284811926));
#8472 = CARTESIAN_POINT('',(1.613324665379,-0.830397962527,
    0.124518724521));
#8473 = CARTESIAN_POINT('',(1.610744765393,-0.789919533283,
    0.245939464712));
#8474 = CARTESIAN_POINT('',(1.609428090415,-0.708184087733,
    0.339428090416));
#8475 = ORIENTED_EDGE('',*,*,#8476,.F.);
#8476 = EDGE_CURVE('',#8477,#8466,#8479,.T.);
#8477 = VERTEX_POINT('',#8478);
#8478 = CARTESIAN_POINT('',(1.27,-0.83053322315,-0.343333333333));
#8479 = B_SPLINE_CURVE_WITH_KNOTS('',3,(#8480,#8481,#8482,#8483),
  .UNSPECIFIED.,.F.,.F.,(4,4),(3.669106867986E-04,7.35041284685E-04),
  .PIECEWISE_BEZIER_KNOTS.);
#8480 = CARTESIAN_POINT('',(1.27,-0.83053322315,-0.343333333333));
#8481 = CARTESIAN_POINT('',(1.394129807124,-0.83053322315,
    -0.343333333333));
#8482 = CARTESIAN_POINT('',(1.515784306337,-0.790055185496,
    -0.340746950613));
#8483 = CARTESIAN_POINT('',(1.609428090416,-0.708184087733,
    -0.339428090415));
#8484 = ORIENTED_EDGE('',*,*,#8485,.F.);
#8485 = EDGE_CURVE('',#8405,#8477,#8486,.T.);
#8486 = CIRCLE('',#8487,0.55);
#8487 = AXIS2_PLACEMENT_3D('',#8488,#8489,#8490);
#8488 = CARTESIAN_POINT('',(1.27,-0.36528538,-5.E-02));
#8489 = DIRECTION('',(-1.,0.,-0.));
#8490 = DIRECTION('',(-0.,0.,1.));
#8491 = SURFACE_OF_REVOLUTION('',#8492,#8500);
#8492 = B_SPLINE_CURVE_WITH_KNOTS('',6,(#8493,#8494,#8495,#8496,#8497,
    #8498,#8499),.UNSPECIFIED.,.F.,.F.,(7,7),(0.,1.008260085193),
  .PIECEWISE_BEZIER_KNOTS.);
#8493 = CARTESIAN_POINT('',(1.27,-0.36528538,-0.6));
#8494 = CARTESIAN_POINT('',(1.27,-0.457709221143,-0.6));
#8495 = CARTESIAN_POINT('',(1.27,-0.550132402892,-0.581362867522));
#8496 = CARTESIAN_POINT('',(1.27,-0.637861660483,-0.544086465511));
#8497 = CARTESIAN_POINT('',(1.27,-0.716182898862,-0.489756580519));
#8498 = CARTESIAN_POINT('',(1.27,-0.781240508967,-0.421515137105));
#8499 = CARTESIAN_POINT('',(1.27,-0.830533224013,-0.343333331965));
#8500 = AXIS1_PLACEMENT('',#8501,#8502);
#8501 = CARTESIAN_POINT('',(1.27,-0.36528538,0.));
#8502 = DIRECTION('',(0.,-1.,0.));
#8503 = ADVANCED_FACE('',(#8504),#8539,.F.);
#8504 = FACE_BOUND('',#8505,.T.);
#8505 = EDGE_LOOP('',(#8506,#8517,#8525,#8533));
#8506 = ORIENTED_EDGE('',*,*,#8507,.F.);
#8507 = EDGE_CURVE('',#8508,#8510,#8512,.T.);
#8508 = VERTEX_POINT('',#8509);
#8509 = CARTESIAN_POINT('',(1.02,-0.953909326765,0.25));
#8510 = VERTEX_POINT('',#8511);
#8511 = CARTESIAN_POINT('',(1.52,-0.953909326765,0.25));
#8512 = B_SPLINE_CURVE_WITH_KNOTS('',3,(#8513,#8514,#8515,#8516),
  .UNSPECIFIED.,.F.,.F.,(4,4),(0.,5.149310952809E-04),
  .PIECEWISE_BEZIER_KNOTS.);
#8513 = CARTESIAN_POINT('',(1.02,-0.953909326765,0.25));
#8514 = CARTESIAN_POINT('',(1.180275992135,-1.015369879129,0.25));
#8515 = CARTESIAN_POINT('',(1.359756974635,-1.015357237461,0.25));
#8516 = CARTESIAN_POINT('',(1.52,-0.953909326765,0.25));
#8517 = ORIENTED_EDGE('',*,*,#8518,.T.);
#8518 = EDGE_CURVE('',#8508,#8519,#8521,.T.);
#8519 = VERTEX_POINT('',#8520);
#8520 = CARTESIAN_POINT('',(1.02,0.,0.25));
#8521 = LINE('',#8522,#8523);
#8522 = CARTESIAN_POINT('',(1.02,-3.,0.25));
#8523 = VECTOR('',#8524,1.);
#8524 = DIRECTION('',(0.,1.,0.));
#8525 = ORIENTED_EDGE('',*,*,#8526,.T.);
#8526 = EDGE_CURVE('',#8519,#8527,#8529,.T.);
#8527 = VERTEX_POINT('',#8528);
#8528 = CARTESIAN_POINT('',(1.52,-4.336808689942E-16,0.25));
#8529 = LINE('',#8530,#8531);
#8530 = CARTESIAN_POINT('',(1.27,0.,0.25));
#8531 = VECTOR('',#8532,1.);
#8532 = DIRECTION('',(1.,0.,0.));
#8533 = ORIENTED_EDGE('',*,*,#8534,.T.);
#8534 = EDGE_CURVE('',#8527,#8510,#8535,.T.);
#8535 = LINE('',#8536,#8537);
#8536 = CARTESIAN_POINT('',(1.52,-3.,0.25));
#8537 = VECTOR('',#8538,1.);
#8538 = DIRECTION('',(0.,-1.,0.));
#8539 = PLANE('',#8540);
#8540 = AXIS2_PLACEMENT_3D('',#8541,#8542,#8543);
#8541 = CARTESIAN_POINT('',(1.02,-3.,0.25));
#8542 = DIRECTION('',(0.,0.,1.));
#8543 = DIRECTION('',(-1.,0.,0.));
#8544 = ADVANCED_FACE('',(#8545),#8583,.T.);
#8545 = FACE_BOUND('',#8546,.T.);
#8546 = EDGE_LOOP('',(#8547,#8548,#8555,#8556,#8565,#8576));
#8547 = ORIENTED_EDGE('',*,*,#8447,.F.);
#8548 = ORIENTED_EDGE('',*,*,#8549,.T.);
#8549 = EDGE_CURVE('',#8407,#8405,#8550,.T.);
#8550 = CIRCLE('',#8551,0.6);
#8551 = AXIS2_PLACEMENT_3D('',#8552,#8553,#8554);
#8552 = CARTESIAN_POINT('',(1.27,-0.36528538,0.));
#8553 = DIRECTION('',(0.,-1.,0.));
#8554 = DIRECTION('',(0.,0.,-1.));
#8555 = ORIENTED_EDGE('',*,*,#8485,.T.);
#8556 = ORIENTED_EDGE('',*,*,#8557,.F.);
#8557 = EDGE_CURVE('',#8558,#8477,#8560,.T.);
#8558 = VERTEX_POINT('',#8559);
#8559 = CARTESIAN_POINT('',(0.930571909585,-0.708184087733,
    -0.339428090416));
#8560 = B_SPLINE_CURVE_WITH_KNOTS('',3,(#8561,#8562,#8563,#8564),
  .UNSPECIFIED.,.F.,.F.,(4,4),(0.,3.669106867986E-04),
  .PIECEWISE_BEZIER_KNOTS.);
#8561 = CARTESIAN_POINT('',(0.930571909585,-0.708184087733,
    -0.339428090416));
#8562 = CARTESIAN_POINT('',(1.023850349603,-0.789735771671,
    -0.340741805181));
#8563 = CARTESIAN_POINT('',(1.146281534201,-0.83053322315,
    -0.343333333333));
#8564 = CARTESIAN_POINT('',(1.27,-0.83053322315,-0.343333333333));
#8565 = ORIENTED_EDGE('',*,*,#8566,.F.);
#8566 = EDGE_CURVE('',#8567,#8558,#8569,.T.);
#8567 = VERTEX_POINT('',#8568);
#8568 = CARTESIAN_POINT('',(0.930571909585,-0.708184087733,
    0.339428090416));
#8569 = B_SPLINE_CURVE_WITH_KNOTS('',3,(#8570,#8571,#8572,#8573,#8574,
    #8575),.UNSPECIFIED.,.F.,.F.,(4,2,4),(8.924087115509E-16,
    3.675206423427E-04,7.350412846845E-04),.UNSPECIFIED.);
#8570 = CARTESIAN_POINT('',(0.930571909585,-0.708184087733,
    0.339428090416));
#8571 = CARTESIAN_POINT('',(0.929256010888,-0.789871343906,0.2459945835)
  );
#8572 = CARTESIAN_POINT('',(0.926658041766,-0.83066781193,0.123284811925
    ));
#8573 = CARTESIAN_POINT('',(0.926675334621,-0.830397962527,
    -0.124518724522));
#8574 = CARTESIAN_POINT('',(0.929255234607,-0.789919533283,
    -0.245939464712));
#8575 = CARTESIAN_POINT('',(0.930571909585,-0.708184087733,
    -0.339428090416));
#8576 = ORIENTED_EDGE('',*,*,#8577,.F.);
#8577 = EDGE_CURVE('',#8448,#8567,#8578,.T.);
#8578 = B_SPLINE_CURVE_WITH_KNOTS('',3,(#8579,#8580,#8581,#8582),
  .UNSPECIFIED.,.F.,.F.,(4,4),(3.669106867986E-04,7.350412846847E-04),
  .PIECEWISE_BEZIER_KNOTS.);
#8579 = CARTESIAN_POINT('',(1.27,-0.83053322315,0.343333333333));
#8580 = CARTESIAN_POINT('',(1.145870192876,-0.83053322315,0.343333333333
    ));
#8581 = CARTESIAN_POINT('',(1.024215693663,-0.790055185495,
    0.340746950613));
#8582 = CARTESIAN_POINT('',(0.930571909585,-0.708184087733,
    0.339428090416));
#8583 = SURFACE_OF_REVOLUTION('',#8584,#8592);
#8584 = B_SPLINE_CURVE_WITH_KNOTS('',6,(#8585,#8586,#8587,#8588,#8589,
    #8590,#8591),.UNSPECIFIED.,.F.,.F.,(7,7),(0.,1.008260085193),
  .PIECEWISE_BEZIER_KNOTS.);
#8585 = CARTESIAN_POINT('',(1.27,-0.36528538,-0.6));
#8586 = CARTESIAN_POINT('',(1.27,-0.457709221143,-0.6));
#8587 = CARTESIAN_POINT('',(1.27,-0.550132402892,-0.581362867522));
#8588 = CARTESIAN_POINT('',(1.27,-0.637861660483,-0.544086465511));
#8589 = CARTESIAN_POINT('',(1.27,-0.716182898862,-0.489756580519));
#8590 = CARTESIAN_POINT('',(1.27,-0.781240508967,-0.421515137105));
#8591 = CARTESIAN_POINT('',(1.27,-0.830533224013,-0.343333331965));
#8592 = AXIS1_PLACEMENT('',#8593,#8594);
#8593 = CARTESIAN_POINT('',(1.27,-0.36528538,0.));
#8594 = DIRECTION('',(0.,-1.,0.));
#8595 = ADVANCED_FACE('',(#8596),#8619,.F.);
#8596 = FACE_BOUND('',#8597,.F.);
#8597 = EDGE_LOOP('',(#8598,#8607,#8608,#8609,#8618));
#8598 = ORIENTED_EDGE('',*,*,#8599,.F.);
#8599 = EDGE_CURVE('',#8567,#8508,#8600,.T.);
#8600 = B_SPLINE_CURVE_WITH_KNOTS('',3,(#8601,#8602,#8603,#8604,#8605,
    #8606),.UNSPECIFIED.,.F.,.F.,(4,2,4),(-2.566325591965E-06,
    1.382116633846E-04,2.789896523612E-04),.UNSPECIFIED.);
#8601 = CARTESIAN_POINT('',(0.930571909585,-0.708184087733,
    0.339428090416));
#8602 = CARTESIAN_POINT('',(0.951259107534,-0.744873716806,
    0.318740892469));
#8603 = CARTESIAN_POINT('',(0.97191280291,-0.781725486939,0.29808719709)
  );
#8604 = CARTESIAN_POINT('',(1.005923690762,-0.86170348181,0.264076309238
    ));
#8605 = CARTESIAN_POINT('',(1.02,-0.90613131984,0.25));
#8606 = CARTESIAN_POINT('',(1.02,-0.953909326765,0.25));
#8607 = ORIENTED_EDGE('',*,*,#8577,.F.);
#8608 = ORIENTED_EDGE('',*,*,#8456,.F.);
#8609 = ORIENTED_EDGE('',*,*,#8610,.T.);
#8610 = EDGE_CURVE('',#8457,#8510,#8611,.T.);
#8611 = B_SPLINE_CURVE_WITH_KNOTS('',3,(#8612,#8613,#8614,#8615,#8616,
    #8617),.UNSPECIFIED.,.F.,.F.,(4,2,4),(-2.566325591967E-06,
    1.382116633846E-04,2.789896523612E-04),.UNSPECIFIED.);
#8612 = CARTESIAN_POINT('',(1.609428090415,-0.708184087733,
    0.339428090416));
#8613 = CARTESIAN_POINT('',(1.588740892469,-0.744873716806,
    0.318740892466));
#8614 = CARTESIAN_POINT('',(1.56808719709,-0.781725486939,0.29808719709)
  );
#8615 = CARTESIAN_POINT('',(1.534076309238,-0.86170348181,0.264076309238
    ));
#8616 = CARTESIAN_POINT('',(1.52,-0.90613131984,0.25));
#8617 = CARTESIAN_POINT('',(1.52,-0.953909326765,0.25));
#8618 = ORIENTED_EDGE('',*,*,#8507,.F.);
#8619 = ( BOUNDED_SURFACE() B_SPLINE_SURFACE(3,2,(
    (#8620,#8621,#8622)
    ,(#8623,#8624,#8625)
    ,(#8626,#8627,#8628)
    ,(#8629,#8630,#8631)
    ,(#8632,#8633,#8634)
    ,(#8635,#8636,#8637
)),.UNSPECIFIED.,.F.,.F.,.F.) B_SPLINE_SURFACE_WITH_KNOTS((4,2,4),(3,3),
  (1.040290242745E-03,1.535147072079E-03,2.030003901413E-03),(0.,1.),
.UNSPECIFIED.) GEOMETRIC_REPRESENTATION_ITEM() RATIONAL_B_SPLINE_SURFACE
((
    (1.,0.881218111854,1.)
    ,(1.,0.879721282842,1.)
    ,(1.,0.875586404508,1.)
    ,(1.,0.875603695599,1.)
    ,(1.,0.879714376944,1.)
,(1.,0.881217888699,1.))) REPRESENTATION_ITEM('') SURFACE() );
#8620 = CARTESIAN_POINT('',(1.724424463609,-0.828914153103,0.25));
#8621 = CARTESIAN_POINT('',(1.652499652031,-0.749308797281,0.25));
#8622 = CARTESIAN_POINT('',(1.612718706114,-0.705279813609,
    0.339381855736));
#8623 = CARTESIAN_POINT('',(1.600744718246,-0.940660827876,0.25));
#8624 = CARTESIAN_POINT('',(1.548812920009,-0.841647053409,0.25));
#8625 = CARTESIAN_POINT('',(1.520997771493,-0.787000941821,
    0.340667528821));
#8626 = CARTESIAN_POINT('',(1.436326217414,-0.999842910997,0.25));
#8627 = CARTESIAN_POINT('',(1.410615335025,-0.889482905277,0.25));
#8628 = CARTESIAN_POINT('',(1.396900720324,-0.830627582642,0.34333938767
    ));
#8629 = CARTESIAN_POINT('',(1.102571252549,-0.999585177268,0.25));
#8630 = CARTESIAN_POINT('',(1.128455360396,-0.889274352548,0.25));
#8631 = CARTESIAN_POINT('',(1.142258090116,-0.830438551419,
    0.343327258987));
#8632 = CARTESIAN_POINT('',(0.939710578855,-0.941065184885,0.25));
#8633 = CARTESIAN_POINT('',(0.991576924084,-0.841988366663,0.25));
#8634 = CARTESIAN_POINT('',(1.019354025493,-0.787309113319,
    0.340672436988));
#8635 = CARTESIAN_POINT('',(0.815590628518,-0.828927788663,0.25));
#8636 = CARTESIAN_POINT('',(0.887512985504,-0.749320051288,0.25));
#8637 = CARTESIAN_POINT('',(0.927292517234,-0.70528981302,0.339382013054
    ));
#8638 = ADVANCED_FACE('',(#8639),#8651,.T.);
#8639 = FACE_BOUND('',#8640,.T.);
#8640 = EDGE_LOOP('',(#8641,#8642,#8643,#8644));
#8641 = ORIENTED_EDGE('',*,*,#8415,.F.);
#8642 = ORIENTED_EDGE('',*,*,#8549,.F.);
#8643 = ORIENTED_EDGE('',*,*,#8432,.T.);
#8644 = ORIENTED_EDGE('',*,*,#8645,.F.);
#8645 = EDGE_CURVE('',#8416,#8424,#8646,.T.);
#8646 = CIRCLE('',#8647,0.6);
#8647 = AXIS2_PLACEMENT_3D('',#8648,#8649,#8650);
#8648 = CARTESIAN_POINT('',(1.27,0.,0.));
#8649 = DIRECTION('',(-0.,1.,0.));
#8650 = DIRECTION('',(0.,0.,-1.));
#8651 = CYLINDRICAL_SURFACE('',#8652,0.6);
#8652 = AXIS2_PLACEMENT_3D('',#8653,#8654,#8655);
#8653 = CARTESIAN_POINT('',(1.27,-0.91528538,0.));
#8654 = DIRECTION('',(0.,1.,0.));
#8655 = DIRECTION('',(0.,-0.,1.));
#8656 = ADVANCED_FACE('',(#8657,#8661),#8686,.F.);
#8657 = FACE_BOUND('',#8658,.T.);
#8658 = EDGE_LOOP('',(#8659,#8660));
#8659 = ORIENTED_EDGE('',*,*,#8423,.T.);
#8660 = ORIENTED_EDGE('',*,*,#8645,.T.);
#8661 = FACE_BOUND('',#8662,.T.);
#8662 = EDGE_LOOP('',(#8663,#8664,#8672,#8680));
#8663 = ORIENTED_EDGE('',*,*,#8526,.F.);
#8664 = ORIENTED_EDGE('',*,*,#8665,.T.);
#8665 = EDGE_CURVE('',#8519,#8666,#8668,.T.);
#8666 = VERTEX_POINT('',#8667);
#8667 = CARTESIAN_POINT('',(1.02,-4.336808689942E-16,-0.25));
#8668 = LINE('',#8669,#8670);
#8669 = CARTESIAN_POINT('',(1.02,-4.336808689942E-16,-0.25));
#8670 = VECTOR('',#8671,1.);
#8671 = DIRECTION('',(0.,0.,-1.));
#8672 = ORIENTED_EDGE('',*,*,#8673,.F.);
#8673 = EDGE_CURVE('',#8674,#8666,#8676,.T.);
#8674 = VERTEX_POINT('',#8675);
#8675 = CARTESIAN_POINT('',(1.52,0.,-0.25));
#8676 = LINE('',#8677,#8678);
#8677 = CARTESIAN_POINT('',(1.27,0.,-0.25));
#8678 = VECTOR('',#8679,1.);
#8679 = DIRECTION('',(-1.,0.,0.));
#8680 = ORIENTED_EDGE('',*,*,#8681,.T.);
#8681 = EDGE_CURVE('',#8674,#8527,#8682,.T.);
#8682 = LINE('',#8683,#8684);
#8683 = CARTESIAN_POINT('',(1.52,-4.336808689942E-16,0.25));
#8684 = VECTOR('',#8685,1.);
#8685 = DIRECTION('',(0.,0.,1.));
#8686 = PLANE('',#8687);
#8687 = AXIS2_PLACEMENT_3D('',#8688,#8689,#8690);
#8688 = CARTESIAN_POINT('',(1.27,0.,0.));
#8689 = DIRECTION('',(0.,-1.,-0.));
#8690 = DIRECTION('',(-0.,0.,-1.));
#8691 = ADVANCED_FACE('',(#8692),#8711,.F.);
#8692 = FACE_BOUND('',#8693,.T.);
#8693 = EDGE_LOOP('',(#8694,#8695,#8703,#8710));
#8694 = ORIENTED_EDGE('',*,*,#8681,.F.);
#8695 = ORIENTED_EDGE('',*,*,#8696,.F.);
#8696 = EDGE_CURVE('',#8697,#8674,#8699,.T.);
#8697 = VERTEX_POINT('',#8698);
#8698 = CARTESIAN_POINT('',(1.52,-0.953909326765,-0.25));
#8699 = LINE('',#8700,#8701);
#8700 = CARTESIAN_POINT('',(1.52,-3.,-0.25));
#8701 = VECTOR('',#8702,1.);
#8702 = DIRECTION('',(0.,1.,0.));
#8703 = ORIENTED_EDGE('',*,*,#8704,.F.);
#8704 = EDGE_CURVE('',#8510,#8697,#8705,.T.);
#8705 = B_SPLINE_CURVE_WITH_KNOTS('',3,(#8706,#8707,#8708,#8709),
  .UNSPECIFIED.,.F.,.F.,(4,4),(0.,5.149310952809E-04),
  .PIECEWISE_BEZIER_KNOTS.);
#8706 = CARTESIAN_POINT('',(1.52,-0.953909326765,0.25));
#8707 = CARTESIAN_POINT('',(1.52,-1.015369879129,8.972400786539E-02));
#8708 = CARTESIAN_POINT('',(1.52,-1.015357237461,-8.975697463469E-02));
#8709 = CARTESIAN_POINT('',(1.52,-0.953909326765,-0.25));
#8710 = ORIENTED_EDGE('',*,*,#8534,.F.);
#8711 = PLANE('',#8712);
#8712 = AXIS2_PLACEMENT_3D('',#8713,#8714,#8715);
#8713 = CARTESIAN_POINT('',(1.52,-2.,0.25));
#8714 = DIRECTION('',(1.,0.,-0.));
#8715 = DIRECTION('',(0.,0.,1.));
#8716 = ADVANCED_FACE('',(#8717),#8736,.F.);
#8717 = FACE_BOUND('',#8718,.T.);
#8718 = EDGE_LOOP('',(#8719,#8728,#8734,#8735));
#8719 = ORIENTED_EDGE('',*,*,#8720,.F.);
#8720 = EDGE_CURVE('',#8721,#8508,#8723,.T.);
#8721 = VERTEX_POINT('',#8722);
#8722 = CARTESIAN_POINT('',(1.02,-0.953909326765,-0.25));
#8723 = B_SPLINE_CURVE_WITH_KNOTS('',3,(#8724,#8725,#8726,#8727),
  .UNSPECIFIED.,.F.,.F.,(4,4),(0.,5.149310952809E-04),
  .PIECEWISE_BEZIER_KNOTS.);
#8724 = CARTESIAN_POINT('',(1.02,-0.953909326765,-0.25));
#8725 = CARTESIAN_POINT('',(1.02,-1.015369879129,-8.972400786539E-02));
#8726 = CARTESIAN_POINT('',(1.02,-1.015357237461,8.975697463469E-02));
#8727 = CARTESIAN_POINT('',(1.02,-0.953909326765,0.25));
#8728 = ORIENTED_EDGE('',*,*,#8729,.T.);
#8729 = EDGE_CURVE('',#8721,#8666,#8730,.T.);
#8730 = LINE('',#8731,#8732);
#8731 = CARTESIAN_POINT('',(1.02,-2.,-0.25));
#8732 = VECTOR('',#8733,1.);
#8733 = DIRECTION('',(0.,1.,0.));
#8734 = ORIENTED_EDGE('',*,*,#8665,.F.);
#8735 = ORIENTED_EDGE('',*,*,#8518,.F.);
#8736 = PLANE('',#8737);
#8737 = AXIS2_PLACEMENT_3D('',#8738,#8739,#8740);
#8738 = CARTESIAN_POINT('',(1.02,-2.,-0.25));
#8739 = DIRECTION('',(-1.,0.,0.));
#8740 = DIRECTION('',(0.,0.,-1.));
#8741 = ADVANCED_FACE('',(#8742),#8756,.F.);
#8742 = FACE_BOUND('',#8743,.F.);
#8743 = EDGE_LOOP('',(#8744,#8753,#8754,#8755));
#8744 = ORIENTED_EDGE('',*,*,#8745,.F.);
#8745 = EDGE_CURVE('',#8697,#8466,#8746,.T.);
#8746 = B_SPLINE_CURVE_WITH_KNOTS('',3,(#8747,#8748,#8749,#8750,#8751,
    #8752),.UNSPECIFIED.,.F.,.F.,(4,2,4),(9.006059638196E-19,
    1.404793661642E-04,2.809587323283E-04),.UNSPECIFIED.);
#8747 = CARTESIAN_POINT('',(1.52,-0.953909326765,-0.25));
#8748 = CARTESIAN_POINT('',(1.52,-0.906130385574,-0.25));
#8749 = CARTESIAN_POINT('',(1.534076822686,-0.861701785781,
    -0.264076822686));
#8750 = CARTESIAN_POINT('',(1.56808867883,-0.781722491231,-0.29808867883
    ));
#8751 = CARTESIAN_POINT('',(1.588784774818,-0.744795889581,
    -0.31878477482));
#8752 = CARTESIAN_POINT('',(1.609428090416,-0.708184087733,
    -0.339428090415));
#8753 = ORIENTED_EDGE('',*,*,#8704,.F.);
#8754 = ORIENTED_EDGE('',*,*,#8610,.F.);
#8755 = ORIENTED_EDGE('',*,*,#8465,.F.);
#8756 = ( BOUNDED_SURFACE() B_SPLINE_SURFACE(3,2,(
    (#8757,#8758,#8759)
    ,(#8760,#8761,#8762)
    ,(#8763,#8764,#8765)
    ,(#8766,#8767,#8768)
    ,(#8769,#8770,#8771)
    ,(#8772,#8773,#8774
)),.UNSPECIFIED.,.F.,.F.,.F.) B_SPLINE_SURFACE_WITH_KNOTS((4,2,4),(3,3),
  (1.040290242745E-03,1.535147072079E-03,2.030003901413E-03),(0.,1.),
.UNSPECIFIED.) GEOMETRIC_REPRESENTATION_ITEM() RATIONAL_B_SPLINE_SURFACE
((
    (1.,0.881218111854,1.)
    ,(1.,0.879721282842,1.)
    ,(1.,0.875586404508,1.)
    ,(1.,0.875603695599,1.)
    ,(1.,0.879714376944,1.)
,(1.,0.881217888699,1.))) REPRESENTATION_ITEM('') SURFACE() );
#8757 = CARTESIAN_POINT('',(1.52,-0.828914153103,-0.454424463609));
#8758 = CARTESIAN_POINT('',(1.52,-0.749308797281,-0.382499652031));
#8759 = CARTESIAN_POINT('',(1.609381855736,-0.705279813609,
    -0.342718706114));
#8760 = CARTESIAN_POINT('',(1.52,-0.940660827876,-0.330744718246));
#8761 = CARTESIAN_POINT('',(1.52,-0.841647053409,-0.278812920009));
#8762 = CARTESIAN_POINT('',(1.610667528821,-0.787000941821,
    -0.250997771493));
#8763 = CARTESIAN_POINT('',(1.52,-0.999842910997,-0.166326217414));
#8764 = CARTESIAN_POINT('',(1.52,-0.889482905277,-0.140615335025));
#8765 = CARTESIAN_POINT('',(1.61333938767,-0.830627582642,
    -0.126900720324));
#8766 = CARTESIAN_POINT('',(1.52,-0.999585177268,0.167428747451));
#8767 = CARTESIAN_POINT('',(1.52,-0.889274352548,0.141544639604));
#8768 = CARTESIAN_POINT('',(1.613327258987,-0.830438551419,
    0.127741909884));
#8769 = CARTESIAN_POINT('',(1.52,-0.941065184885,0.330289421145));
#8770 = CARTESIAN_POINT('',(1.52,-0.841988366663,0.278423075916));
#8771 = CARTESIAN_POINT('',(1.610672436988,-0.787309113319,
    0.250645974508));
#8772 = CARTESIAN_POINT('',(1.52,-0.828927788663,0.454409371483));
#8773 = CARTESIAN_POINT('',(1.52,-0.749320051288,0.382487014497));
#8774 = CARTESIAN_POINT('',(1.609382013054,-0.70528981302,0.342707482766
    ));
#8775 = ADVANCED_FACE('',(#8776),#8788,.F.);
#8776 = FACE_BOUND('',#8777,.T.);
#8777 = EDGE_LOOP('',(#8778,#8779,#8780,#8787));
#8778 = ORIENTED_EDGE('',*,*,#8673,.T.);
#8779 = ORIENTED_EDGE('',*,*,#8729,.F.);
#8780 = ORIENTED_EDGE('',*,*,#8781,.F.);
#8781 = EDGE_CURVE('',#8697,#8721,#8782,.T.);
#8782 = B_SPLINE_CURVE_WITH_KNOTS('',3,(#8783,#8784,#8785,#8786),
  .UNSPECIFIED.,.F.,.F.,(4,4),(1.167721476618E-18,5.149310952809E-04),
  .PIECEWISE_BEZIER_KNOTS.);
#8783 = CARTESIAN_POINT('',(1.52,-0.953909326765,-0.25));
#8784 = CARTESIAN_POINT('',(1.359724007865,-1.015369879129,-0.25));
#8785 = CARTESIAN_POINT('',(1.180243025365,-1.015357237461,-0.25));
#8786 = CARTESIAN_POINT('',(1.02,-0.953909326765,-0.25));
#8787 = ORIENTED_EDGE('',*,*,#8696,.T.);
#8788 = PLANE('',#8789);
#8789 = AXIS2_PLACEMENT_3D('',#8790,#8791,#8792);
#8790 = CARTESIAN_POINT('',(1.52,-3.,-0.25));
#8791 = DIRECTION('',(0.,0.,-1.));
#8792 = DIRECTION('',(1.,0.,0.));
#8793 = ADVANCED_FACE('',(#8794),#8808,.F.);
#8794 = FACE_BOUND('',#8795,.F.);
#8795 = EDGE_LOOP('',(#8796,#8797,#8806,#8807));
#8796 = ORIENTED_EDGE('',*,*,#8720,.F.);
#8797 = ORIENTED_EDGE('',*,*,#8798,.T.);
#8798 = EDGE_CURVE('',#8721,#8558,#8799,.T.);
#8799 = B_SPLINE_CURVE_WITH_KNOTS('',3,(#8800,#8801,#8802,#8803,#8804,
    #8805),.UNSPECIFIED.,.F.,.F.,(4,2,4),(5.448048490814E-19,
    1.404793661642E-04,2.809587323283E-04),.UNSPECIFIED.);
#8800 = CARTESIAN_POINT('',(1.02,-0.953909326765,-0.25));
#8801 = CARTESIAN_POINT('',(1.02,-0.906130385574,-0.25));
#8802 = CARTESIAN_POINT('',(1.005923177314,-0.861701785781,
    -0.264076822686));
#8803 = CARTESIAN_POINT('',(0.97191132117,-0.781722491231,-0.29808867883
    ));
#8804 = CARTESIAN_POINT('',(0.951215225179,-0.744795889581,
    -0.318784774818));
#8805 = CARTESIAN_POINT('',(0.930571909585,-0.708184087733,
    -0.339428090416));
#8806 = ORIENTED_EDGE('',*,*,#8566,.F.);
#8807 = ORIENTED_EDGE('',*,*,#8599,.T.);
#8808 = ( BOUNDED_SURFACE() B_SPLINE_SURFACE(3,2,(
    (#8809,#8810,#8811)
    ,(#8812,#8813,#8814)
    ,(#8815,#8816,#8817)
    ,(#8818,#8819,#8820)
    ,(#8821,#8822,#8823)
    ,(#8824,#8825,#8826
)),.UNSPECIFIED.,.F.,.F.,.F.) B_SPLINE_SURFACE_WITH_KNOTS((4,2,4),(3,3),
  (1.040290242745E-03,1.535147072079E-03,2.030003901413E-03),(0.,1.),
.UNSPECIFIED.) GEOMETRIC_REPRESENTATION_ITEM() RATIONAL_B_SPLINE_SURFACE
((
    (1.,0.881218111854,1.)
    ,(1.,0.879721282842,1.)
    ,(1.,0.875586404508,1.)
    ,(1.,0.875603695599,1.)
    ,(1.,0.879714376944,1.)
,(1.,0.881217888699,1.))) REPRESENTATION_ITEM('') SURFACE() );
#8809 = CARTESIAN_POINT('',(1.02,-0.828914153103,0.454424463609));
#8810 = CARTESIAN_POINT('',(1.02,-0.749308797281,0.382499652031));
#8811 = CARTESIAN_POINT('',(0.930618144264,-0.705279813609,
    0.342718706114));
#8812 = CARTESIAN_POINT('',(1.02,-0.940660827876,0.330744718246));
#8813 = CARTESIAN_POINT('',(1.02,-0.841647053409,0.278812920009));
#8814 = CARTESIAN_POINT('',(0.929332471179,-0.787000941821,
    0.250997771493));
#8815 = CARTESIAN_POINT('',(1.02,-0.999842910997,0.166326217414));
#8816 = CARTESIAN_POINT('',(1.02,-0.889482905277,0.140615335025));
#8817 = CARTESIAN_POINT('',(0.92666061233,-0.830627582642,0.126900720324
    ));
#8818 = CARTESIAN_POINT('',(1.02,-0.999585177268,-0.167428747451));
#8819 = CARTESIAN_POINT('',(1.02,-0.889274352548,-0.141544639604));
#8820 = CARTESIAN_POINT('',(0.926672741013,-0.830438551419,
    -0.127741909884));
#8821 = CARTESIAN_POINT('',(1.02,-0.941065184885,-0.330289421145));
#8822 = CARTESIAN_POINT('',(1.02,-0.841988366663,-0.278423075916));
#8823 = CARTESIAN_POINT('',(0.929327563012,-0.787309113319,
    -0.250645974508));
#8824 = CARTESIAN_POINT('',(1.02,-0.828927788663,-0.454409371483));
#8825 = CARTESIAN_POINT('',(1.02,-0.749320051288,-0.382487014497));
#8826 = CARTESIAN_POINT('',(0.930617986946,-0.70528981302,
    -0.342707482766));
#8827 = ADVANCED_FACE('',(#8828),#8835,.F.);
#8828 = FACE_BOUND('',#8829,.F.);
#8829 = EDGE_LOOP('',(#8830,#8831,#8832,#8833,#8834));
#8830 = ORIENTED_EDGE('',*,*,#8798,.F.);
#8831 = ORIENTED_EDGE('',*,*,#8781,.F.);
#8832 = ORIENTED_EDGE('',*,*,#8745,.T.);
#8833 = ORIENTED_EDGE('',*,*,#8476,.F.);
#8834 = ORIENTED_EDGE('',*,*,#8557,.F.);
#8835 = ( BOUNDED_SURFACE() B_SPLINE_SURFACE(3,2,(
    (#8836,#8837,#8838)
    ,(#8839,#8840,#8841)
    ,(#8842,#8843,#8844)
    ,(#8845,#8846,#8847)
    ,(#8848,#8849,#8850)
    ,(#8851,#8852,#8853
)),.UNSPECIFIED.,.F.,.F.,.F.) B_SPLINE_SURFACE_WITH_KNOTS((4,2,4),(3,3),
  (1.040290242745E-03,1.535147072079E-03,2.030003901413E-03),(0.,1.),
.UNSPECIFIED.) GEOMETRIC_REPRESENTATION_ITEM() RATIONAL_B_SPLINE_SURFACE
((
    (1.,0.881218111854,1.)
    ,(1.,0.879721282842,1.)
    ,(1.,0.875586404508,1.)
    ,(1.,0.875603695599,1.)
    ,(1.,0.879714376944,1.)
,(1.,0.881217888699,1.))) REPRESENTATION_ITEM('') SURFACE() );
#8836 = CARTESIAN_POINT('',(0.815575536391,-0.828914153103,-0.25));
#8837 = CARTESIAN_POINT('',(0.887500347969,-0.749308797281,-0.25));
#8838 = CARTESIAN_POINT('',(0.927281293886,-0.705279813609,
    -0.339381855736));
#8839 = CARTESIAN_POINT('',(0.939255281754,-0.940660827876,-0.25));
#8840 = CARTESIAN_POINT('',(0.991187079991,-0.841647053409,-0.25));
#8841 = CARTESIAN_POINT('',(1.019002228507,-0.787000941821,
    -0.340667528821));
#8842 = CARTESIAN_POINT('',(1.103673782586,-0.999842910997,-0.25));
#8843 = CARTESIAN_POINT('',(1.129384664975,-0.889482905277,-0.25));
#8844 = CARTESIAN_POINT('',(1.143099279676,-0.830627582642,
    -0.34333938767));
#8845 = CARTESIAN_POINT('',(1.437428747451,-0.999585177268,-0.25));
#8846 = CARTESIAN_POINT('',(1.411544639604,-0.889274352548,-0.25));
#8847 = CARTESIAN_POINT('',(1.397741909884,-0.830438551419,
    -0.343327258987));
#8848 = CARTESIAN_POINT('',(1.600289421145,-0.941065184885,-0.25));
#8849 = CARTESIAN_POINT('',(1.548423075916,-0.841988366663,-0.25));
#8850 = CARTESIAN_POINT('',(1.520645974508,-0.787309113319,
    -0.340672436988));
#8851 = CARTESIAN_POINT('',(1.724409371483,-0.828927788663,-0.25));
#8852 = CARTESIAN_POINT('',(1.652487014497,-0.749320051288,-0.25));
#8853 = CARTESIAN_POINT('',(1.612707482766,-0.70528981302,
    -0.339382013054));
#8854 = MANIFOLD_SOLID_BREP('',#8855);
#8855 = CLOSED_SHELL('',(#8856,#8960,#9064,#9086,#9108,#9130,#9147,#9159
    ,#9176,#9193,#9210,#9227,#9244,#9256));
#8856 = ADVANCED_FACE('',(#8857),#8955,.F.);
#8857 = FACE_BOUND('',#8858,.T.);
#8858 = EDGE_LOOP('',(#8859,#8869,#8877,#8885,#8893,#8901,#8909,#8917,
    #8925,#8933,#8941,#8949));
#8859 = ORIENTED_EDGE('',*,*,#8860,.F.);
#8860 = EDGE_CURVE('',#8861,#8863,#8865,.T.);
#8861 = VERTEX_POINT('',#8862);
#8862 = CARTESIAN_POINT('',(-1.02,-25.5,0.25));
#8863 = VERTEX_POINT('',#8864);
#8864 = CARTESIAN_POINT('',(-1.52,-25.5,0.25));
#8865 = LINE('',#8866,#8867);
#8866 = CARTESIAN_POINT('',(-1.02,-25.5,0.25));
#8867 = VECTOR('',#8868,1.);
#8868 = DIRECTION('',(-1.,0.,0.));
#8869 = ORIENTED_EDGE('',*,*,#8870,.T.);
#8870 = EDGE_CURVE('',#8861,#8871,#8873,.T.);
#8871 = VERTEX_POINT('',#8872);
#8872 = CARTESIAN_POINT('',(-1.02,-3.,0.25));
#8873 = LINE('',#8874,#8875);
#8874 = CARTESIAN_POINT('',(-1.02,-27.,0.25));
#8875 = VECTOR('',#8876,1.);
#8876 = DIRECTION('',(-0.,1.,-0.));
#8877 = ORIENTED_EDGE('',*,*,#8878,.F.);
#8878 = EDGE_CURVE('',#8879,#8871,#8881,.T.);
#8879 = VERTEX_POINT('',#8880);
#8880 = CARTESIAN_POINT('',(-0.92,-3.,0.25));
#8881 = LINE('',#8882,#8883);
#8882 = CARTESIAN_POINT('',(-0.92,-3.,0.25));
#8883 = VECTOR('',#8884,1.);
#8884 = DIRECTION('',(-1.,0.,0.));
#8885 = ORIENTED_EDGE('',*,*,#8886,.T.);
#8886 = EDGE_CURVE('',#8879,#8887,#8889,.T.);
#8887 = VERTEX_POINT('',#8888);
#8888 = CARTESIAN_POINT('',(-0.92,-2.,0.25));
#8889 = LINE('',#8890,#8891);
#8890 = CARTESIAN_POINT('',(-0.92,-3.,0.25));
#8891 = VECTOR('',#8892,1.);
#8892 = DIRECTION('',(-0.,1.,0.));
#8893 = ORIENTED_EDGE('',*,*,#8894,.T.);
#8894 = EDGE_CURVE('',#8887,#8895,#8897,.T.);
#8895 = VERTEX_POINT('',#8896);
#8896 = CARTESIAN_POINT('',(-1.02,-2.,0.25));
#8897 = LINE('',#8898,#8899);
#8898 = CARTESIAN_POINT('',(-0.92,-2.,0.25));
#8899 = VECTOR('',#8900,1.);
#8900 = DIRECTION('',(-1.,0.,0.));
#8901 = ORIENTED_EDGE('',*,*,#8902,.T.);
#8902 = EDGE_CURVE('',#8895,#8903,#8905,.T.);
#8903 = VERTEX_POINT('',#8904);
#8904 = CARTESIAN_POINT('',(-1.02,0.,0.25));
#8905 = LINE('',#8906,#8907);
#8906 = CARTESIAN_POINT('',(-1.02,-27.,0.25));
#8907 = VECTOR('',#8908,1.);
#8908 = DIRECTION('',(-0.,1.,-0.));
#8909 = ORIENTED_EDGE('',*,*,#8910,.T.);
#8910 = EDGE_CURVE('',#8903,#8911,#8913,.T.);
#8911 = VERTEX_POINT('',#8912);
#8912 = CARTESIAN_POINT('',(-1.52,0.,0.25));
#8913 = LINE('',#8914,#8915);
#8914 = CARTESIAN_POINT('',(-1.27,0.,0.25));
#8915 = VECTOR('',#8916,1.);
#8916 = DIRECTION('',(-1.,0.,-0.));
#8917 = ORIENTED_EDGE('',*,*,#8918,.F.);
#8918 = EDGE_CURVE('',#8919,#8911,#8921,.T.);
#8919 = VERTEX_POINT('',#8920);
#8920 = CARTESIAN_POINT('',(-1.52,-2.,0.25));
#8921 = LINE('',#8922,#8923);
#8922 = CARTESIAN_POINT('',(-1.52,-27.,0.25));
#8923 = VECTOR('',#8924,1.);
#8924 = DIRECTION('',(-0.,1.,-0.));
#8925 = ORIENTED_EDGE('',*,*,#8926,.T.);
#8926 = EDGE_CURVE('',#8919,#8927,#8929,.T.);
#8927 = VERTEX_POINT('',#8928);
#8928 = CARTESIAN_POINT('',(-1.62,-2.,0.25));
#8929 = LINE('',#8930,#8931);
#8930 = CARTESIAN_POINT('',(-0.92,-2.,0.25));
#8931 = VECTOR('',#8932,1.);
#8932 = DIRECTION('',(-1.,0.,0.));
#8933 = ORIENTED_EDGE('',*,*,#8934,.F.);
#8934 = EDGE_CURVE('',#8935,#8927,#8937,.T.);
#8935 = VERTEX_POINT('',#8936);
#8936 = CARTESIAN_POINT('',(-1.62,-3.,0.25));
#8937 = LINE('',#8938,#8939);
#8938 = CARTESIAN_POINT('',(-1.62,-3.,0.25));
#8939 = VECTOR('',#8940,1.);
#8940 = DIRECTION('',(-0.,1.,0.));
#8941 = ORIENTED_EDGE('',*,*,#8942,.F.);
#8942 = EDGE_CURVE('',#8943,#8935,#8945,.T.);
#8943 = VERTEX_POINT('',#8944);
#8944 = CARTESIAN_POINT('',(-1.52,-3.,0.25));
#8945 = LINE('',#8946,#8947);
#8946 = CARTESIAN_POINT('',(-0.92,-3.,0.25));
#8947 = VECTOR('',#8948,1.);
#8948 = DIRECTION('',(-1.,0.,0.));
#8949 = ORIENTED_EDGE('',*,*,#8950,.F.);
#8950 = EDGE_CURVE('',#8863,#8943,#8951,.T.);
#8951 = LINE('',#8952,#8953);
#8952 = CARTESIAN_POINT('',(-1.52,-27.,0.25));
#8953 = VECTOR('',#8954,1.);
#8954 = DIRECTION('',(-0.,1.,-0.));
#8955 = PLANE('',#8956);
#8956 = AXIS2_PLACEMENT_3D('',#8957,#8958,#8959);
#8957 = CARTESIAN_POINT('',(-1.52,-27.,0.25));
#8958 = DIRECTION('',(0.,0.,-1.));
#8959 = DIRECTION('',(-1.,0.,-0.));
#8960 = ADVANCED_FACE('',(#8961),#9059,.F.);
#8961 = FACE_BOUND('',#8962,.T.);
#8962 = EDGE_LOOP('',(#8963,#8973,#8981,#8989,#8997,#9005,#9013,#9021,
    #9029,#9037,#9045,#9053));
#8963 = ORIENTED_EDGE('',*,*,#8964,.F.);
#8964 = EDGE_CURVE('',#8965,#8967,#8969,.T.);
#8965 = VERTEX_POINT('',#8966);
#8966 = CARTESIAN_POINT('',(-1.52,-25.5,-0.25));
#8967 = VERTEX_POINT('',#8968);
#8968 = CARTESIAN_POINT('',(-1.02,-25.5,-0.25));
#8969 = LINE('',#8970,#8971);
#8970 = CARTESIAN_POINT('',(-1.52,-25.5,-0.25));
#8971 = VECTOR('',#8972,1.);
#8972 = DIRECTION('',(1.,0.,0.));
#8973 = ORIENTED_EDGE('',*,*,#8974,.T.);
#8974 = EDGE_CURVE('',#8965,#8975,#8977,.T.);
#8975 = VERTEX_POINT('',#8976);
#8976 = CARTESIAN_POINT('',(-1.52,-3.,-0.25));
#8977 = LINE('',#8978,#8979);
#8978 = CARTESIAN_POINT('',(-1.52,-27.,-0.25));
#8979 = VECTOR('',#8980,1.);
#8980 = DIRECTION('',(-0.,1.,-0.));
#8981 = ORIENTED_EDGE('',*,*,#8982,.F.);
#8982 = EDGE_CURVE('',#8983,#8975,#8985,.T.);
#8983 = VERTEX_POINT('',#8984);
#8984 = CARTESIAN_POINT('',(-1.62,-3.,-0.25));
#8985 = LINE('',#8986,#8987);
#8986 = CARTESIAN_POINT('',(-1.62,-3.,-0.25));
#8987 = VECTOR('',#8988,1.);
#8988 = DIRECTION('',(1.,0.,7.744301232039E-17));
#8989 = ORIENTED_EDGE('',*,*,#8990,.T.);
#8990 = EDGE_CURVE('',#8983,#8991,#8993,.T.);
#8991 = VERTEX_POINT('',#8992);
#8992 = CARTESIAN_POINT('',(-1.62,-2.,-0.25));
#8993 = LINE('',#8994,#8995);
#8994 = CARTESIAN_POINT('',(-1.62,-3.,-0.25));
#8995 = VECTOR('',#8996,1.);
#8996 = DIRECTION('',(-0.,1.,0.));
#8997 = ORIENTED_EDGE('',*,*,#8998,.T.);
#8998 = EDGE_CURVE('',#8991,#8999,#9001,.T.);
#8999 = VERTEX_POINT('',#9000);
#9000 = CARTESIAN_POINT('',(-1.52,-2.,-0.25));
#9001 = LINE('',#9002,#9003);
#9002 = CARTESIAN_POINT('',(-1.62,-2.,-0.25));
#9003 = VECTOR('',#9004,1.);
#9004 = DIRECTION('',(1.,0.,7.744301232039E-17));
#9005 = ORIENTED_EDGE('',*,*,#9006,.T.);
#9006 = EDGE_CURVE('',#8999,#9007,#9009,.T.);
#9007 = VERTEX_POINT('',#9008);
#9008 = CARTESIAN_POINT('',(-1.52,-4.336808689942E-16,-0.25));
#9009 = LINE('',#9010,#9011);
#9010 = CARTESIAN_POINT('',(-1.52,-27.,-0.25));
#9011 = VECTOR('',#9012,1.);
#9012 = DIRECTION('',(-0.,1.,-0.));
#9013 = ORIENTED_EDGE('',*,*,#9014,.F.);
#9014 = EDGE_CURVE('',#9015,#9007,#9017,.T.);
#9015 = VERTEX_POINT('',#9016);
#9016 = CARTESIAN_POINT('',(-1.02,-4.336808689942E-16,-0.25));
#9017 = LINE('',#9018,#9019);
#9018 = CARTESIAN_POINT('',(-1.52,-4.336808689942E-16,-0.25));
#9019 = VECTOR('',#9020,1.);
#9020 = DIRECTION('',(-1.,0.,0.));
#9021 = ORIENTED_EDGE('',*,*,#9022,.F.);
#9022 = EDGE_CURVE('',#9023,#9015,#9025,.T.);
#9023 = VERTEX_POINT('',#9024);
#9024 = CARTESIAN_POINT('',(-1.02,-2.,-0.25));
#9025 = LINE('',#9026,#9027);
#9026 = CARTESIAN_POINT('',(-1.02,-27.,-0.25));
#9027 = VECTOR('',#9028,1.);
#9028 = DIRECTION('',(-0.,1.,-0.));
#9029 = ORIENTED_EDGE('',*,*,#9030,.T.);
#9030 = EDGE_CURVE('',#9023,#9031,#9033,.T.);
#9031 = VERTEX_POINT('',#9032);
#9032 = CARTESIAN_POINT('',(-0.92,-2.,-0.25));
#9033 = LINE('',#9034,#9035);
#9034 = CARTESIAN_POINT('',(-1.62,-2.,-0.25));
#9035 = VECTOR('',#9036,1.);
#9036 = DIRECTION('',(1.,0.,7.744301232039E-17));
#9037 = ORIENTED_EDGE('',*,*,#9038,.F.);
#9038 = EDGE_CURVE('',#9039,#9031,#9041,.T.);
#9039 = VERTEX_POINT('',#9040);
#9040 = CARTESIAN_POINT('',(-0.92,-3.,-0.25));
#9041 = LINE('',#9042,#9043);
#9042 = CARTESIAN_POINT('',(-0.92,-3.,-0.25));
#9043 = VECTOR('',#9044,1.);
#9044 = DIRECTION('',(-0.,1.,0.));
#9045 = ORIENTED_EDGE('',*,*,#9046,.F.);
#9046 = EDGE_CURVE('',#9047,#9039,#9049,.T.);
#9047 = VERTEX_POINT('',#9048);
#9048 = CARTESIAN_POINT('',(-1.02,-3.,-0.25));
#9049 = LINE('',#9050,#9051);
#9050 = CARTESIAN_POINT('',(-1.62,-3.,-0.25));
#9051 = VECTOR('',#9052,1.);
#9052 = DIRECTION('',(1.,0.,7.744301232039E-17));
#9053 = ORIENTED_EDGE('',*,*,#9054,.F.);
#9054 = EDGE_CURVE('',#8967,#9047,#9055,.T.);
#9055 = LINE('',#9056,#9057);
#9056 = CARTESIAN_POINT('',(-1.02,-27.,-0.25));
#9057 = VECTOR('',#9058,1.);
#9058 = DIRECTION('',(-0.,1.,-0.));
#9059 = PLANE('',#9060);
#9060 = AXIS2_PLACEMENT_3D('',#9061,#9062,#9063);
#9061 = CARTESIAN_POINT('',(-1.52,-27.,-0.25));
#9062 = DIRECTION('',(-0.,0.,1.));
#9063 = DIRECTION('',(1.,0.,0.));
#9064 = ADVANCED_FACE('',(#9065),#9081,.T.);
#9065 = FACE_BOUND('',#9066,.T.);
#9066 = EDGE_LOOP('',(#9067,#9068,#9074,#9075));
#9067 = ORIENTED_EDGE('',*,*,#8974,.F.);
#9068 = ORIENTED_EDGE('',*,*,#9069,.F.);
#9069 = EDGE_CURVE('',#8863,#8965,#9070,.T.);
#9070 = LINE('',#9071,#9072);
#9071 = CARTESIAN_POINT('',(-1.52,-25.5,0.25));
#9072 = VECTOR('',#9073,1.);
#9073 = DIRECTION('',(0.,0.,-1.));
#9074 = ORIENTED_EDGE('',*,*,#8950,.T.);
#9075 = ORIENTED_EDGE('',*,*,#9076,.T.);
#9076 = EDGE_CURVE('',#8943,#8975,#9077,.T.);
#9077 = LINE('',#9078,#9079);
#9078 = CARTESIAN_POINT('',(-1.52,-3.,-0.25));
#9079 = VECTOR('',#9080,1.);
#9080 = DIRECTION('',(0.,0.,-1.));
#9081 = PLANE('',#9082);
#9082 = AXIS2_PLACEMENT_3D('',#9083,#9084,#9085);
#9083 = CARTESIAN_POINT('',(-1.52,-2.,0.25));
#9084 = DIRECTION('',(-1.,-0.,0.));
#9085 = DIRECTION('',(0.,0.,1.));
#9086 = ADVANCED_FACE('',(#9087),#9103,.T.);
#9087 = FACE_BOUND('',#9088,.T.);
#9088 = EDGE_LOOP('',(#9089,#9090,#9096,#9097));
#9089 = ORIENTED_EDGE('',*,*,#8870,.F.);
#9090 = ORIENTED_EDGE('',*,*,#9091,.F.);
#9091 = EDGE_CURVE('',#8967,#8861,#9092,.T.);
#9092 = LINE('',#9093,#9094);
#9093 = CARTESIAN_POINT('',(-1.02,-25.5,-0.25));
#9094 = VECTOR('',#9095,1.);
#9095 = DIRECTION('',(0.,0.,1.));
#9096 = ORIENTED_EDGE('',*,*,#9054,.T.);
#9097 = ORIENTED_EDGE('',*,*,#9098,.T.);
#9098 = EDGE_CURVE('',#9047,#8871,#9099,.T.);
#9099 = LINE('',#9100,#9101);
#9100 = CARTESIAN_POINT('',(-1.02,-3.,-0.25));
#9101 = VECTOR('',#9102,1.);
#9102 = DIRECTION('',(0.,0.,1.));
#9103 = PLANE('',#9104);
#9104 = AXIS2_PLACEMENT_3D('',#9105,#9106,#9107);
#9105 = CARTESIAN_POINT('',(-1.02,-2.,-0.25));
#9106 = DIRECTION('',(1.,0.,-0.));
#9107 = DIRECTION('',(-0.,0.,-1.));
#9108 = ADVANCED_FACE('',(#9109),#9125,.F.);
#9109 = FACE_BOUND('',#9110,.T.);
#9110 = EDGE_LOOP('',(#9111,#9117,#9118,#9124));
#9111 = ORIENTED_EDGE('',*,*,#9112,.T.);
#9112 = EDGE_CURVE('',#9031,#8887,#9113,.T.);
#9113 = LINE('',#9114,#9115);
#9114 = CARTESIAN_POINT('',(-0.92,-2.,-0.25));
#9115 = VECTOR('',#9116,1.);
#9116 = DIRECTION('',(0.,0.,1.));
#9117 = ORIENTED_EDGE('',*,*,#8886,.F.);
#9118 = ORIENTED_EDGE('',*,*,#9119,.F.);
#9119 = EDGE_CURVE('',#9039,#8879,#9120,.T.);
#9120 = LINE('',#9121,#9122);
#9121 = CARTESIAN_POINT('',(-0.92,-3.,-0.25));
#9122 = VECTOR('',#9123,1.);
#9123 = DIRECTION('',(0.,0.,1.));
#9124 = ORIENTED_EDGE('',*,*,#9038,.T.);
#9125 = PLANE('',#9126);
#9126 = AXIS2_PLACEMENT_3D('',#9127,#9128,#9129);
#9127 = CARTESIAN_POINT('',(-0.92,-3.,-0.25));
#9128 = DIRECTION('',(-1.,-0.,0.));
#9129 = DIRECTION('',(0.,0.,1.));
#9130 = ADVANCED_FACE('',(#9131),#9142,.F.);
#9131 = FACE_BOUND('',#9132,.T.);
#9132 = EDGE_LOOP('',(#9133,#9134,#9140,#9141));
#9133 = ORIENTED_EDGE('',*,*,#9030,.F.);
#9134 = ORIENTED_EDGE('',*,*,#9135,.T.);
#9135 = EDGE_CURVE('',#9023,#8895,#9136,.T.);
#9136 = LINE('',#9137,#9138);
#9137 = CARTESIAN_POINT('',(-1.02,-2.,-0.25));
#9138 = VECTOR('',#9139,1.);
#9139 = DIRECTION('',(0.,0.,1.));
#9140 = ORIENTED_EDGE('',*,*,#8894,.F.);
#9141 = ORIENTED_EDGE('',*,*,#9112,.F.);
#9142 = PLANE('',#9143);
#9143 = AXIS2_PLACEMENT_3D('',#9144,#9145,#9146);
#9144 = CARTESIAN_POINT('',(0.,-2.,0.));
#9145 = DIRECTION('',(0.,-1.,0.));
#9146 = DIRECTION('',(0.,-0.,-1.));
#9147 = ADVANCED_FACE('',(#9148),#9154,.T.);
#9148 = FACE_BOUND('',#9149,.T.);
#9149 = EDGE_LOOP('',(#9150,#9151,#9152,#9153));
#9150 = ORIENTED_EDGE('',*,*,#9098,.F.);
#9151 = ORIENTED_EDGE('',*,*,#9046,.T.);
#9152 = ORIENTED_EDGE('',*,*,#9119,.T.);
#9153 = ORIENTED_EDGE('',*,*,#8878,.T.);
#9154 = PLANE('',#9155);
#9155 = AXIS2_PLACEMENT_3D('',#9156,#9157,#9158);
#9156 = CARTESIAN_POINT('',(0.,-3.,0.));
#9157 = DIRECTION('',(0.,-1.,0.));
#9158 = DIRECTION('',(0.,-0.,-1.));
#9159 = ADVANCED_FACE('',(#9160),#9171,.T.);
#9160 = FACE_BOUND('',#9161,.T.);
#9161 = EDGE_LOOP('',(#9162,#9163,#9164,#9170));
#9162 = ORIENTED_EDGE('',*,*,#9135,.F.);
#9163 = ORIENTED_EDGE('',*,*,#9022,.T.);
#9164 = ORIENTED_EDGE('',*,*,#9165,.F.);
#9165 = EDGE_CURVE('',#8903,#9015,#9166,.T.);
#9166 = LINE('',#9167,#9168);
#9167 = CARTESIAN_POINT('',(-1.02,-4.336808689942E-16,-0.25));
#9168 = VECTOR('',#9169,1.);
#9169 = DIRECTION('',(0.,0.,-1.));
#9170 = ORIENTED_EDGE('',*,*,#8902,.F.);
#9171 = PLANE('',#9172);
#9172 = AXIS2_PLACEMENT_3D('',#9173,#9174,#9175);
#9173 = CARTESIAN_POINT('',(-1.02,-2.,-0.25));
#9174 = DIRECTION('',(1.,0.,-0.));
#9175 = DIRECTION('',(-0.,0.,-1.));
#9176 = ADVANCED_FACE('',(#9177),#9188,.F.);
#9177 = FACE_BOUND('',#9178,.T.);
#9178 = EDGE_LOOP('',(#9179,#9180,#9181,#9182));
#9179 = ORIENTED_EDGE('',*,*,#8910,.F.);
#9180 = ORIENTED_EDGE('',*,*,#9165,.T.);
#9181 = ORIENTED_EDGE('',*,*,#9014,.T.);
#9182 = ORIENTED_EDGE('',*,*,#9183,.T.);
#9183 = EDGE_CURVE('',#9007,#8911,#9184,.T.);
#9184 = LINE('',#9185,#9186);
#9185 = CARTESIAN_POINT('',(-1.52,-4.336808689942E-16,0.25));
#9186 = VECTOR('',#9187,1.);
#9187 = DIRECTION('',(0.,0.,1.));
#9188 = PLANE('',#9189);
#9189 = AXIS2_PLACEMENT_3D('',#9190,#9191,#9192);
#9190 = CARTESIAN_POINT('',(-1.27,0.,0.));
#9191 = DIRECTION('',(0.,-1.,0.));
#9192 = DIRECTION('',(0.,-0.,-1.));
#9193 = ADVANCED_FACE('',(#9194),#9205,.T.);
#9194 = FACE_BOUND('',#9195,.T.);
#9195 = EDGE_LOOP('',(#9196,#9202,#9203,#9204));
#9196 = ORIENTED_EDGE('',*,*,#9197,.F.);
#9197 = EDGE_CURVE('',#8919,#8999,#9198,.T.);
#9198 = LINE('',#9199,#9200);
#9199 = CARTESIAN_POINT('',(-1.52,-2.,-0.25));
#9200 = VECTOR('',#9201,1.);
#9201 = DIRECTION('',(0.,0.,-1.));
#9202 = ORIENTED_EDGE('',*,*,#8918,.T.);
#9203 = ORIENTED_EDGE('',*,*,#9183,.F.);
#9204 = ORIENTED_EDGE('',*,*,#9006,.F.);
#9205 = PLANE('',#9206);
#9206 = AXIS2_PLACEMENT_3D('',#9207,#9208,#9209);
#9207 = CARTESIAN_POINT('',(-1.52,-2.,0.25));
#9208 = DIRECTION('',(-1.,-0.,0.));
#9209 = DIRECTION('',(0.,0.,1.));
#9210 = ADVANCED_FACE('',(#9211),#9222,.F.);
#9211 = FACE_BOUND('',#9212,.T.);
#9212 = EDGE_LOOP('',(#9213,#9214,#9215,#9216));
#9213 = ORIENTED_EDGE('',*,*,#8926,.F.);
#9214 = ORIENTED_EDGE('',*,*,#9197,.T.);
#9215 = ORIENTED_EDGE('',*,*,#8998,.F.);
#9216 = ORIENTED_EDGE('',*,*,#9217,.F.);
#9217 = EDGE_CURVE('',#8927,#8991,#9218,.T.);
#9218 = LINE('',#9219,#9220);
#9219 = CARTESIAN_POINT('',(-1.62,-2.,0.25));
#9220 = VECTOR('',#9221,1.);
#9221 = DIRECTION('',(0.,0.,-1.));
#9222 = PLANE('',#9223);
#9223 = AXIS2_PLACEMENT_3D('',#9224,#9225,#9226);
#9224 = CARTESIAN_POINT('',(0.,-2.,0.));
#9225 = DIRECTION('',(0.,-1.,0.));
#9226 = DIRECTION('',(0.,-0.,-1.));
#9227 = ADVANCED_FACE('',(#9228),#9239,.T.);
#9228 = FACE_BOUND('',#9229,.T.);
#9229 = EDGE_LOOP('',(#9230,#9231,#9232,#9238));
#9230 = ORIENTED_EDGE('',*,*,#9076,.F.);
#9231 = ORIENTED_EDGE('',*,*,#8942,.T.);
#9232 = ORIENTED_EDGE('',*,*,#9233,.T.);
#9233 = EDGE_CURVE('',#8935,#8983,#9234,.T.);
#9234 = LINE('',#9235,#9236);
#9235 = CARTESIAN_POINT('',(-1.62,-3.,0.25));
#9236 = VECTOR('',#9237,1.);
#9237 = DIRECTION('',(0.,0.,-1.));
#9238 = ORIENTED_EDGE('',*,*,#8982,.T.);
#9239 = PLANE('',#9240);
#9240 = AXIS2_PLACEMENT_3D('',#9241,#9242,#9243);
#9241 = CARTESIAN_POINT('',(0.,-3.,0.));
#9242 = DIRECTION('',(0.,-1.,0.));
#9243 = DIRECTION('',(0.,-0.,-1.));
#9244 = ADVANCED_FACE('',(#9245),#9251,.F.);
#9245 = FACE_BOUND('',#9246,.T.);
#9246 = EDGE_LOOP('',(#9247,#9248,#9249,#9250));
#9247 = ORIENTED_EDGE('',*,*,#9217,.T.);
#9248 = ORIENTED_EDGE('',*,*,#8990,.F.);
#9249 = ORIENTED_EDGE('',*,*,#9233,.F.);
#9250 = ORIENTED_EDGE('',*,*,#8934,.T.);
#9251 = PLANE('',#9252);
#9252 = AXIS2_PLACEMENT_3D('',#9253,#9254,#9255);
#9253 = CARTESIAN_POINT('',(-1.62,-3.,0.25));
#9254 = DIRECTION('',(1.,0.,0.));
#9255 = DIRECTION('',(0.,0.,-1.));
#9256 = ADVANCED_FACE('',(#9257),#9263,.T.);
#9257 = FACE_BOUND('',#9258,.T.);
#9258 = EDGE_LOOP('',(#9259,#9260,#9261,#9262));
#9259 = ORIENTED_EDGE('',*,*,#8964,.T.);
#9260 = ORIENTED_EDGE('',*,*,#9091,.T.);
#9261 = ORIENTED_EDGE('',*,*,#8860,.T.);
#9262 = ORIENTED_EDGE('',*,*,#9069,.T.);
#9263 = PLANE('',#9264);
#9264 = AXIS2_PLACEMENT_3D('',#9265,#9266,#9267);
#9265 = CARTESIAN_POINT('',(0.,-25.5,0.));
#9266 = DIRECTION('',(0.,-1.,0.));
#9267 = DIRECTION('',(0.,-0.,-1.));
#9268 = ( GEOMETRIC_REPRESENTATION_CONTEXT(3) 
GLOBAL_UNCERTAINTY_ASSIGNED_CONTEXT((#9272)) 
GLOBAL_UNIT_ASSIGNED_CONTEXT((#9269,#9270,#9271)) REPRESENTATION_CONTEXT
('Context #1','3D Context with UNIT and UNCERTAINTY') );
#9269 = ( LENGTH_UNIT() NAMED_UNIT(*) SI_UNIT(.MILLI.,.METRE.) );
#9270 = ( NAMED_UNIT(*) PLANE_ANGLE_UNIT() SI_UNIT($,.RADIAN.) );
#9271 = ( NAMED_UNIT(*) SI_UNIT($,.STERADIAN.) SOLID_ANGLE_UNIT() );
#9272 = UNCERTAINTY_MEASURE_WITH_UNIT(LENGTH_MEASURE(5.E-05),#9269,
  'distance_accuracy_value','confusion accuracy');
#9273 = SHAPE_DEFINITION_REPRESENTATION(#9274,#7228);
#9274 = PRODUCT_DEFINITION_SHAPE('','',#9275);
#9275 = PRODUCT_DEFINITION('design','',#9276,#9279);
#9276 = PRODUCT_DEFINITION_FORMATION('','',#9277);
#9277 = PRODUCT('WP7113ID_WP7113ID','WP7113ID_WP7113ID','',(#9278));
#9278 = PRODUCT_CONTEXT('',#2,'mechanical');
#9279 = PRODUCT_DEFINITION_CONTEXT('part definition',#2,'design');
#9280 = CONTEXT_DEPENDENT_SHAPE_REPRESENTATION(#9281,#9283);
#9281 = ( REPRESENTATION_RELATIONSHIP('','',#7228,#7218) 
REPRESENTATION_RELATIONSHIP_WITH_TRANSFORMATION(#9282) 
SHAPE_REPRESENTATION_RELATIONSHIP() );
#9282 = ITEM_DEFINED_TRANSFORMATION('','',#11,#7219);
#9283 = PRODUCT_DEFINITION_SHAPE('Placement','Placement of an item',
  #9284);
#9284 = NEXT_ASSEMBLY_USAGE_OCCURRENCE('37','NAUO1','',#7213,#9275,$);
#9285 = PRODUCT_RELATED_PRODUCT_CATEGORY('part',$,(#9277));
#9286 = CONTEXT_DEPENDENT_SHAPE_REPRESENTATION(#9287,#9289);
#9287 = ( REPRESENTATION_RELATIONSHIP('','',#7218,#7201) 
REPRESENTATION_RELATIONSHIP_WITH_TRANSFORMATION(#9288) 
SHAPE_REPRESENTATION_RELATIONSHIP() );
#9288 = ITEM_DEFINED_TRANSFORMATION('','',#11,#7202);
#9289 = PRODUCT_DEFINITION_SHAPE('Placement','Placement of an item',
  #9290);
#9290 = NEXT_ASSEMBLY_USAGE_OCCURRENCE('38','','',#7196,#7213,$);
#9291 = PRODUCT_RELATED_PRODUCT_CATEGORY('part',$,(#7215));
#9292 = CONTEXT_DEPENDENT_SHAPE_REPRESENTATION(#9293,#9295);
#9293 = ( REPRESENTATION_RELATIONSHIP('','',#7201,#10) 
REPRESENTATION_RELATIONSHIP_WITH_TRANSFORMATION(#9294) 
SHAPE_REPRESENTATION_RELATIONSHIP() );
#9294 = ITEM_DEFINED_TRANSFORMATION('','',#11,#55);
#9295 = PRODUCT_DEFINITION_SHAPE('Placement','Placement of an item',
  #9296);
#9296 = NEXT_ASSEMBLY_USAGE_OCCURRENCE('39','','',#5,#7196,$);
#9297 = PRODUCT_RELATED_PRODUCT_CATEGORY('part',$,(#7198));
#9298 = SHAPE_DEFINITION_REPRESENTATION(#9299,#9305);
#9299 = PRODUCT_DEFINITION_SHAPE('','',#9300);
#9300 = PRODUCT_DEFINITION('design','',#9301,#9304);
#9301 = PRODUCT_DEFINITION_FORMATION('','',#9302);
#9302 = PRODUCT('RB2','RB2','',(#9303));
#9303 = PRODUCT_CONTEXT('',#2,'mechanical');
#9304 = PRODUCT_DEFINITION_CONTEXT('part definition',#2,'design');
#9305 = SHAPE_REPRESENTATION('',(#11,#9306),#9310);
#9306 = AXIS2_PLACEMENT_3D('',#9307,#9308,#9309);
#9307 = CARTESIAN_POINT('',(23.876001456562,20.73399855085,0.));
#9308 = DIRECTION('',(1.748455531469E-07,-1.,-4.371138828674E-08));
#9309 = DIRECTION('',(1.,1.748455531469E-07,0.));
#9310 = ( GEOMETRIC_REPRESENTATION_CONTEXT(3) 
GLOBAL_UNCERTAINTY_ASSIGNED_CONTEXT((#9314)) 
GLOBAL_UNIT_ASSIGNED_CONTEXT((#9311,#9312,#9313)) REPRESENTATION_CONTEXT
('Context #1','3D Context with UNIT and UNCERTAINTY') );
#9311 = ( LENGTH_UNIT() NAMED_UNIT(*) SI_UNIT(.MILLI.,.METRE.) );
#9312 = ( NAMED_UNIT(*) PLANE_ANGLE_UNIT() SI_UNIT($,.RADIAN.) );
#9313 = ( NAMED_UNIT(*) SI_UNIT($,.STERADIAN.) SOLID_ANGLE_UNIT() );
#9314 = UNCERTAINTY_MEASURE_WITH_UNIT(LENGTH_MEASURE(1.E-07),#9311,
  'distance_accuracy_value','confusion accuracy');
#9315 = CONTEXT_DEPENDENT_SHAPE_REPRESENTATION(#9316,#9318);
#9316 = ( REPRESENTATION_RELATIONSHIP('','',#6534,#9305) 
REPRESENTATION_RELATIONSHIP_WITH_TRANSFORMATION(#9317) 
SHAPE_REPRESENTATION_RELATIONSHIP() );
#9317 = ITEM_DEFINED_TRANSFORMATION('','',#11,#9306);
#9318 = PRODUCT_DEFINITION_SHAPE('Placement','Placement of an item',
  #9319);
#9319 = NEXT_ASSEMBLY_USAGE_OCCURRENCE('40','','',#9300,#6529,$);
#9320 = CONTEXT_DEPENDENT_SHAPE_REPRESENTATION(#9321,#9323);
#9321 = ( REPRESENTATION_RELATIONSHIP('','',#9305,#10) 
REPRESENTATION_RELATIONSHIP_WITH_TRANSFORMATION(#9322) 
SHAPE_REPRESENTATION_RELATIONSHIP() );
#9322 = ITEM_DEFINED_TRANSFORMATION('','',#11,#59);
#9323 = PRODUCT_DEFINITION_SHAPE('Placement','Placement of an item',
  #9324);
#9324 = NEXT_ASSEMBLY_USAGE_OCCURRENCE('41','','',#5,#9300,$);
#9325 = PRODUCT_RELATED_PRODUCT_CATEGORY('part',$,(#9302));
#9326 = SHAPE_DEFINITION_REPRESENTATION(#9327,#9333);
#9327 = PRODUCT_DEFINITION_SHAPE('','',#9328);
#9328 = PRODUCT_DEFINITION('design','',#9329,#9332);
#9329 = PRODUCT_DEFINITION_FORMATION('','',#9330);
#9330 = PRODUCT('RB1','RB1','',(#9331));
#9331 = PRODUCT_CONTEXT('',#2,'mechanical');
#9332 = PRODUCT_DEFINITION_CONTEXT('part definition',#2,'design');
#9333 = SHAPE_REPRESENTATION('',(#11,#9334),#9338);
#9334 = AXIS2_PLACEMENT_3D('',#9335,#9336,#9337);
#9335 = CARTESIAN_POINT('',(23.876001456562,23.781998886543,0.));
#9336 = DIRECTION('',(-8.742277657348E-08,1.,-4.371138828674E-08));
#9337 = DIRECTION('',(-1.,-8.742277657348E-08,0.));
#9338 = ( GEOMETRIC_REPRESENTATION_CONTEXT(3) 
GLOBAL_UNCERTAINTY_ASSIGNED_CONTEXT((#9342)) 
GLOBAL_UNIT_ASSIGNED_CONTEXT((#9339,#9340,#9341)) REPRESENTATION_CONTEXT
('Context #1','3D Context with UNIT and UNCERTAINTY') );
#9339 = ( LENGTH_UNIT() NAMED_UNIT(*) SI_UNIT(.MILLI.,.METRE.) );
#9340 = ( NAMED_UNIT(*) PLANE_ANGLE_UNIT() SI_UNIT($,.RADIAN.) );
#9341 = ( NAMED_UNIT(*) SI_UNIT($,.STERADIAN.) SOLID_ANGLE_UNIT() );
#9342 = UNCERTAINTY_MEASURE_WITH_UNIT(LENGTH_MEASURE(1.E-07),#9339,
  'distance_accuracy_value','confusion accuracy');
#9343 = CONTEXT_DEPENDENT_SHAPE_REPRESENTATION(#9344,#9346);
#9344 = ( REPRESENTATION_RELATIONSHIP('','',#2493,#9333) 
REPRESENTATION_RELATIONSHIP_WITH_TRANSFORMATION(#9345) 
SHAPE_REPRESENTATION_RELATIONSHIP() );
#9345 = ITEM_DEFINED_TRANSFORMATION('','',#11,#9334);
#9346 = PRODUCT_DEFINITION_SHAPE('Placement','Placement of an item',
  #9347);
#9347 = NEXT_ASSEMBLY_USAGE_OCCURRENCE('42','','',#9328,#2488,$);
#9348 = CONTEXT_DEPENDENT_SHAPE_REPRESENTATION(#9349,#9351);
#9349 = ( REPRESENTATION_RELATIONSHIP('','',#9333,#10) 
REPRESENTATION_RELATIONSHIP_WITH_TRANSFORMATION(#9350) 
SHAPE_REPRESENTATION_RELATIONSHIP() );
#9350 = ITEM_DEFINED_TRANSFORMATION('','',#11,#63);
#9351 = PRODUCT_DEFINITION_SHAPE('Placement','Placement of an item',
  #9352);
#9352 = NEXT_ASSEMBLY_USAGE_OCCURRENCE('43','','',#5,#9328,$);
#9353 = PRODUCT_RELATED_PRODUCT_CATEGORY('part',$,(#9330));
#9354 = SHAPE_DEFINITION_REPRESENTATION(#9355,#9361);
#9355 = PRODUCT_DEFINITION_SHAPE('','',#9356);
#9356 = PRODUCT_DEFINITION('design','',#9357,#9360);
#9357 = PRODUCT_DEFINITION_FORMATION('','',#9358);
#9358 = PRODUCT('RQ4','RQ4','',(#9359));
#9359 = PRODUCT_CONTEXT('',#2,'mechanical');
#9360 = PRODUCT_DEFINITION_CONTEXT('part definition',#2,'design');
#9361 = SHAPE_REPRESENTATION('',(#11,#9362),#9366);
#9362 = AXIS2_PLACEMENT_3D('',#9363,#9364,#9365);
#9363 = CARTESIAN_POINT('',(7.460001090352,17.370000137764,0.));
#9364 = DIRECTION('',(1.748455531469E-07,-1.,-4.371138828674E-08));
#9365 = DIRECTION('',(1.,1.748455531469E-07,0.));
#9366 = ( GEOMETRIC_REPRESENTATION_CONTEXT(3) 
GLOBAL_UNCERTAINTY_ASSIGNED_CONTEXT((#9370)) 
GLOBAL_UNIT_ASSIGNED_CONTEXT((#9367,#9368,#9369)) REPRESENTATION_CONTEXT
('Context #1','3D Context with UNIT and UNCERTAINTY') );
#9367 = ( LENGTH_UNIT() NAMED_UNIT(*) SI_UNIT(.MILLI.,.METRE.) );
#9368 = ( NAMED_UNIT(*) PLANE_ANGLE_UNIT() SI_UNIT($,.RADIAN.) );
#9369 = ( NAMED_UNIT(*) SI_UNIT($,.STERADIAN.) SOLID_ANGLE_UNIT() );
#9370 = UNCERTAINTY_MEASURE_WITH_UNIT(LENGTH_MEASURE(1.E-07),#9367,
  'distance_accuracy_value','confusion accuracy');
#9371 = CONTEXT_DEPENDENT_SHAPE_REPRESENTATION(#9372,#9374);
#9372 = ( REPRESENTATION_RELATIONSHIP('','',#6534,#9361) 
REPRESENTATION_RELATIONSHIP_WITH_TRANSFORMATION(#9373) 
SHAPE_REPRESENTATION_RELATIONSHIP() );
#9373 = ITEM_DEFINED_TRANSFORMATION('','',#11,#9362);
#9374 = PRODUCT_DEFINITION_SHAPE('Placement','Placement of an item',
  #9375);
#9375 = NEXT_ASSEMBLY_USAGE_OCCURRENCE('44','','',#9356,#6529,$);
#9376 = CONTEXT_DEPENDENT_SHAPE_REPRESENTATION(#9377,#9379);
#9377 = ( REPRESENTATION_RELATIONSHIP('','',#9361,#10) 
REPRESENTATION_RELATIONSHIP_WITH_TRANSFORMATION(#9378) 
SHAPE_REPRESENTATION_RELATIONSHIP() );
#9378 = ITEM_DEFINED_TRANSFORMATION('','',#11,#67);
#9379 = PRODUCT_DEFINITION_SHAPE('Placement','Placement of an item',
  #9380);
#9380 = NEXT_ASSEMBLY_USAGE_OCCURRENCE('45','','',#5,#9356,$);
#9381 = PRODUCT_RELATED_PRODUCT_CATEGORY('part',$,(#9358));
#9382 = SHAPE_DEFINITION_REPRESENTATION(#9383,#9389);
#9383 = PRODUCT_DEFINITION_SHAPE('','',#9384);
#9384 = PRODUCT_DEFINITION('design','',#9385,#9388);
#9385 = PRODUCT_DEFINITION_FORMATION('','',#9386);
#9386 = PRODUCT('RQ3','RQ3','',(#9387));
#9387 = PRODUCT_CONTEXT('',#2,'mechanical');
#9388 = PRODUCT_DEFINITION_CONTEXT('part definition',#2,'design');
#9389 = SHAPE_REPRESENTATION('',(#11,#9390),#9394);
#9390 = AXIS2_PLACEMENT_3D('',#9391,#9392,#9393);
#9391 = CARTESIAN_POINT('',(7.460001090352,13.010998978096,0.));
#9392 = DIRECTION('',(1.748455531469E-07,-1.,-4.371138828674E-08));
#9393 = DIRECTION('',(1.,1.748455531469E-07,0.));
#9394 = ( GEOMETRIC_REPRESENTATION_CONTEXT(3) 
GLOBAL_UNCERTAINTY_ASSIGNED_CONTEXT((#9398)) 
GLOBAL_UNIT_ASSIGNED_CONTEXT((#9395,#9396,#9397)) REPRESENTATION_CONTEXT
('Context #1','3D Context with UNIT and UNCERTAINTY') );
#9395 = ( LENGTH_UNIT() NAMED_UNIT(*) SI_UNIT(.MILLI.,.METRE.) );
#9396 = ( NAMED_UNIT(*) PLANE_ANGLE_UNIT() SI_UNIT($,.RADIAN.) );
#9397 = ( NAMED_UNIT(*) SI_UNIT($,.STERADIAN.) SOLID_ANGLE_UNIT() );
#9398 = UNCERTAINTY_MEASURE_WITH_UNIT(LENGTH_MEASURE(1.E-07),#9395,
  'distance_accuracy_value','confusion accuracy');
#9399 = CONTEXT_DEPENDENT_SHAPE_REPRESENTATION(#9400,#9402);
#9400 = ( REPRESENTATION_RELATIONSHIP('','',#6534,#9389) 
REPRESENTATION_RELATIONSHIP_WITH_TRANSFORMATION(#9401) 
SHAPE_REPRESENTATION_RELATIONSHIP() );
#9401 = ITEM_DEFINED_TRANSFORMATION('','',#11,#9390);
#9402 = PRODUCT_DEFINITION_SHAPE('Placement','Placement of an item',
  #9403);
#9403 = NEXT_ASSEMBLY_USAGE_OCCURRENCE('46','','',#9384,#6529,$);
#9404 = CONTEXT_DEPENDENT_SHAPE_REPRESENTATION(#9405,#9407);
#9405 = ( REPRESENTATION_RELATIONSHIP('','',#9389,#10) 
REPRESENTATION_RELATIONSHIP_WITH_TRANSFORMATION(#9406) 
SHAPE_REPRESENTATION_RELATIONSHIP() );
#9406 = ITEM_DEFINED_TRANSFORMATION('','',#11,#71);
#9407 = PRODUCT_DEFINITION_SHAPE('Placement','Placement of an item',
  #9408);
#9408 = NEXT_ASSEMBLY_USAGE_OCCURRENCE('47','','',#5,#9384,$);
#9409 = PRODUCT_RELATED_PRODUCT_CATEGORY('part',$,(#9386));
#9410 = SHAPE_DEFINITION_REPRESENTATION(#9411,#9417);
#9411 = PRODUCT_DEFINITION_SHAPE('','',#9412);
#9412 = PRODUCT_DEFINITION('design','',#9413,#9416);
#9413 = PRODUCT_DEFINITION_FORMATION('','',#9414);
#9414 = PRODUCT('RQ2','RQ2','',(#9415));
#9415 = PRODUCT_CONTEXT('',#2,'mechanical');
#9416 = PRODUCT_DEFINITION_CONTEXT('part definition',#2,'design');
#9417 = SHAPE_REPRESENTATION('',(#11,#9418),#9422);
#9418 = AXIS2_PLACEMENT_3D('',#9419,#9420,#9421);
#9419 = CARTESIAN_POINT('',(49.539999106709,17.370000137764,0.));
#9420 = DIRECTION('',(-8.742277657348E-08,1.,-4.371138828674E-08));
#9421 = DIRECTION('',(-1.,-8.742277657348E-08,0.));
#9422 = ( GEOMETRIC_REPRESENTATION_CONTEXT(3) 
GLOBAL_UNCERTAINTY_ASSIGNED_CONTEXT((#9426)) 
GLOBAL_UNIT_ASSIGNED_CONTEXT((#9423,#9424,#9425)) REPRESENTATION_CONTEXT
('Context #1','3D Context with UNIT and UNCERTAINTY') );
#9423 = ( LENGTH_UNIT() NAMED_UNIT(*) SI_UNIT(.MILLI.,.METRE.) );
#9424 = ( NAMED_UNIT(*) PLANE_ANGLE_UNIT() SI_UNIT($,.RADIAN.) );
#9425 = ( NAMED_UNIT(*) SI_UNIT($,.STERADIAN.) SOLID_ANGLE_UNIT() );
#9426 = UNCERTAINTY_MEASURE_WITH_UNIT(LENGTH_MEASURE(1.E-07),#9423,
  'distance_accuracy_value','confusion accuracy');
#9427 = CONTEXT_DEPENDENT_SHAPE_REPRESENTATION(#9428,#9430);
#9428 = ( REPRESENTATION_RELATIONSHIP('','',#2493,#9417) 
REPRESENTATION_RELATIONSHIP_WITH_TRANSFORMATION(#9429) 
SHAPE_REPRESENTATION_RELATIONSHIP() );
#9429 = ITEM_DEFINED_TRANSFORMATION('','',#11,#9418);
#9430 = PRODUCT_DEFINITION_SHAPE('Placement','Placement of an item',
  #9431);
#9431 = NEXT_ASSEMBLY_USAGE_OCCURRENCE('48','','',#9412,#2488,$);
#9432 = CONTEXT_DEPENDENT_SHAPE_REPRESENTATION(#9433,#9435);
#9433 = ( REPRESENTATION_RELATIONSHIP('','',#9417,#10) 
REPRESENTATION_RELATIONSHIP_WITH_TRANSFORMATION(#9434) 
SHAPE_REPRESENTATION_RELATIONSHIP() );
#9434 = ITEM_DEFINED_TRANSFORMATION('','',#11,#75);
#9435 = PRODUCT_DEFINITION_SHAPE('Placement','Placement of an item',
  #9436);
#9436 = NEXT_ASSEMBLY_USAGE_OCCURRENCE('49','','',#5,#9412,$);
#9437 = PRODUCT_RELATED_PRODUCT_CATEGORY('part',$,(#9414));
#9438 = SHAPE_DEFINITION_REPRESENTATION(#9439,#9445);
#9439 = PRODUCT_DEFINITION_SHAPE('','',#9440);
#9440 = PRODUCT_DEFINITION('design','',#9441,#9444);
#9441 = PRODUCT_DEFINITION_FORMATION('','',#9442);
#9442 = PRODUCT('RQ1','RQ1','',(#9443));
#9443 = PRODUCT_CONTEXT('',#2,'mechanical');
#9444 = PRODUCT_DEFINITION_CONTEXT('part definition',#2,'design');
#9445 = SHAPE_REPRESENTATION('',(#11,#9446),#9450);
#9446 = AXIS2_PLACEMENT_3D('',#9447,#9448,#9449);
#9447 = CARTESIAN_POINT('',(49.539999106709,13.010998978096,0.));
#9448 = DIRECTION('',(-8.742277657348E-08,1.,-4.371138828674E-08));
#9449 = DIRECTION('',(-1.,-8.742277657348E-08,0.));
#9450 = ( GEOMETRIC_REPRESENTATION_CONTEXT(3) 
GLOBAL_UNCERTAINTY_ASSIGNED_CONTEXT((#9454)) 
GLOBAL_UNIT_ASSIGNED_CONTEXT((#9451,#9452,#9453)) REPRESENTATION_CONTEXT
('Context #1','3D Context with UNIT and UNCERTAINTY') );
#9451 = ( LENGTH_UNIT() NAMED_UNIT(*) SI_UNIT(.MILLI.,.METRE.) );
#9452 = ( NAMED_UNIT(*) PLANE_ANGLE_UNIT() SI_UNIT($,.RADIAN.) );
#9453 = ( NAMED_UNIT(*) SI_UNIT($,.STERADIAN.) SOLID_ANGLE_UNIT() );
#9454 = UNCERTAINTY_MEASURE_WITH_UNIT(LENGTH_MEASURE(1.E-07),#9451,
  'distance_accuracy_value','confusion accuracy');
#9455 = CONTEXT_DEPENDENT_SHAPE_REPRESENTATION(#9456,#9458);
#9456 = ( REPRESENTATION_RELATIONSHIP('','',#2493,#9445) 
REPRESENTATION_RELATIONSHIP_WITH_TRANSFORMATION(#9457) 
SHAPE_REPRESENTATION_RELATIONSHIP() );
#9457 = ITEM_DEFINED_TRANSFORMATION('','',#11,#9446);
#9458 = PRODUCT_DEFINITION_SHAPE('Placement','Placement of an item',
  #9459);
#9459 = NEXT_ASSEMBLY_USAGE_OCCURRENCE('50','','',#9440,#2488,$);
#9460 = CONTEXT_DEPENDENT_SHAPE_REPRESENTATION(#9461,#9463);
#9461 = ( REPRESENTATION_RELATIONSHIP('','',#9445,#10) 
REPRESENTATION_RELATIONSHIP_WITH_TRANSFORMATION(#9462) 
SHAPE_REPRESENTATION_RELATIONSHIP() );
#9462 = ITEM_DEFINED_TRANSFORMATION('','',#11,#79);
#9463 = PRODUCT_DEFINITION_SHAPE('Placement','Placement of an item',
  #9464);
#9464 = NEXT_ASSEMBLY_USAGE_OCCURRENCE('51','','',#5,#9440,$);
#9465 = PRODUCT_RELATED_PRODUCT_CATEGORY('part',$,(#9442));
#9466 = SHAPE_DEFINITION_REPRESENTATION(#9467,#9473);
#9467 = PRODUCT_DEFINITION_SHAPE('','',#9468);
#9468 = PRODUCT_DEFINITION('design','',#9469,#9472);
#9469 = PRODUCT_DEFINITION_FORMATION('','',#9470);
#9470 = PRODUCT('IMU','IMU','',(#9471));
#9471 = PRODUCT_CONTEXT('',#2,'mechanical');
#9472 = PRODUCT_DEFINITION_CONTEXT('part definition',#2,'design');
#9473 = SHAPE_REPRESENTATION('',(#11,#9474,#9478,#9482,#9486),#9490);
#9474 = AXIS2_PLACEMENT_3D('',#9475,#9476,#9477);
#9475 = CARTESIAN_POINT('',(20.700918296162,9.760083450752,0.));
#9476 = DIRECTION('',(0.,0.,1.));
#9477 = DIRECTION('',(-4.371138828674E-08,1.,0.));
#9478 = AXIS2_PLACEMENT_3D('',#9479,#9480,#9481);
#9479 = CARTESIAN_POINT('',(20.700878241841,12.300080551582,0.));
#9480 = DIRECTION('',(0.,0.,1.));
#9481 = DIRECTION('',(-4.371138828674E-08,1.,0.));
#9482 = AXIS2_PLACEMENT_3D('',#9483,#9484,#9485);
#9483 = CARTESIAN_POINT('',(20.700878241841,14.840081467109,0.));
#9484 = DIRECTION('',(0.,0.,1.));
#9485 = DIRECTION('',(-4.371138828674E-08,1.,0.));
#9486 = AXIS2_PLACEMENT_3D('',#9487,#9488,#9489);
#9487 = CARTESIAN_POINT('',(20.700878241841,17.380082382637,0.));
#9488 = DIRECTION('',(0.,0.,1.));
#9489 = DIRECTION('',(-4.371138828674E-08,1.,0.));
#9490 = ( GEOMETRIC_REPRESENTATION_CONTEXT(3) 
GLOBAL_UNCERTAINTY_ASSIGNED_CONTEXT((#9494)) 
GLOBAL_UNIT_ASSIGNED_CONTEXT((#9491,#9492,#9493)) REPRESENTATION_CONTEXT
('Context #1','3D Context with UNIT and UNCERTAINTY') );
#9491 = ( LENGTH_UNIT() NAMED_UNIT(*) SI_UNIT(.MILLI.,.METRE.) );
#9492 = ( NAMED_UNIT(*) PLANE_ANGLE_UNIT() SI_UNIT($,.RADIAN.) );
#9493 = ( NAMED_UNIT(*) SI_UNIT($,.STERADIAN.) SOLID_ANGLE_UNIT() );
#9494 = UNCERTAINTY_MEASURE_WITH_UNIT(LENGTH_MEASURE(1.E-07),#9491,
  'distance_accuracy_value','confusion accuracy');
#9495 = SHAPE_DEFINITION_REPRESENTATION(#9496,#9502);
#9496 = PRODUCT_DEFINITION_SHAPE('','',#9497);
#9497 = PRODUCT_DEFINITION('design','',#9498,#9501);
#9498 = PRODUCT_DEFINITION_FORMATION('','',#9499);
#9499 = PRODUCT('pino','pino','',(#9500));
#9500 = PRODUCT_CONTEXT('',#2,'mechanical');
#9501 = PRODUCT_DEFINITION_CONTEXT('part definition',#2,'design');
#9502 = SHAPE_REPRESENTATION('',(#11,#9503,#9507),#9511);
#9503 = AXIS2_PLACEMENT_3D('',#9504,#9505,#9506);
#9504 = CARTESIAN_POINT('',(1.085743779548,-1.204008271647,
    -1.700744579891E-11));
#9505 = DIRECTION('',(0.,0.,1.));
#9506 = DIRECTION('',(1.,0.,0.));
#9507 = AXIS2_PLACEMENT_3D('',#9508,#9509,#9510);
#9508 = CARTESIAN_POINT('',(-0.346358500183,0.240602316903,
    -1.805813791367));
#9509 = DIRECTION('',(0.,0.,1.));
#9510 = DIRECTION('',(1.,0.,0.));
#9511 = ( GEOMETRIC_REPRESENTATION_CONTEXT(3) 
GLOBAL_UNCERTAINTY_ASSIGNED_CONTEXT((#9515)) 
GLOBAL_UNIT_ASSIGNED_CONTEXT((#9512,#9513,#9514)) REPRESENTATION_CONTEXT
('Context #1','3D Context with UNIT and UNCERTAINTY') );
#9512 = ( LENGTH_UNIT() NAMED_UNIT(*) SI_UNIT(.MILLI.,.METRE.) );
#9513 = ( NAMED_UNIT(*) PLANE_ANGLE_UNIT() SI_UNIT($,.RADIAN.) );
#9514 = ( NAMED_UNIT(*) SI_UNIT($,.STERADIAN.) SOLID_ANGLE_UNIT() );
#9515 = UNCERTAINTY_MEASURE_WITH_UNIT(LENGTH_MEASURE(1.E-07),#9512,
  'distance_accuracy_value','confusion accuracy');
#9516 = ADVANCED_BREP_SHAPE_REPRESENTATION('',(#11,#9517),#9799);
#9517 = MANIFOLD_SOLID_BREP('',#9518);
#9518 = CLOSED_SHELL('',(#9519,#9559,#9599,#9639,#9679,#9715,#9751,#9763
    ,#9775,#9787));
#9519 = ADVANCED_FACE('',(#9520),#9554,.F.);
#9520 = FACE_BOUND('',#9521,.T.);
#9521 = EDGE_LOOP('',(#9522,#9532,#9540,#9548));
#9522 = ORIENTED_EDGE('',*,*,#9523,.T.);
#9523 = EDGE_CURVE('',#9524,#9526,#9528,.T.);
#9524 = VERTEX_POINT('',#9525);
#9525 = CARTESIAN_POINT('',(-2.35,1.9,0.));
#9526 = VERTEX_POINT('',#9527);
#9527 = CARTESIAN_POINT('',(-2.35,0.45,0.));
#9528 = LINE('',#9529,#9530);
#9529 = CARTESIAN_POINT('',(-2.35,2.35,0.));
#9530 = VECTOR('',#9531,1.);
#9531 = DIRECTION('',(0.,-1.,0.));
#9532 = ORIENTED_EDGE('',*,*,#9533,.T.);
#9533 = EDGE_CURVE('',#9526,#9534,#9536,.T.);
#9534 = VERTEX_POINT('',#9535);
#9535 = CARTESIAN_POINT('',(-2.35,0.45,2.4));
#9536 = LINE('',#9537,#9538);
#9537 = CARTESIAN_POINT('',(-2.35,0.45,2.4));
#9538 = VECTOR('',#9539,1.);
#9539 = DIRECTION('',(0.,0.,1.));
#9540 = ORIENTED_EDGE('',*,*,#9541,.F.);
#9541 = EDGE_CURVE('',#9542,#9534,#9544,.T.);
#9542 = VERTEX_POINT('',#9543);
#9543 = CARTESIAN_POINT('',(-2.35,1.9,2.4));
#9544 = LINE('',#9545,#9546);
#9545 = CARTESIAN_POINT('',(-2.35,2.35,2.4));
#9546 = VECTOR('',#9547,1.);
#9547 = DIRECTION('',(0.,-1.,0.));
#9548 = ORIENTED_EDGE('',*,*,#9549,.T.);
#9549 = EDGE_CURVE('',#9542,#9524,#9550,.T.);
#9550 = LINE('',#9551,#9552);
#9551 = CARTESIAN_POINT('',(-2.35,1.9,2.4));
#9552 = VECTOR('',#9553,1.);
#9553 = DIRECTION('',(0.,0.,-1.));
#9554 = PLANE('',#9555);
#9555 = AXIS2_PLACEMENT_3D('',#9556,#9557,#9558);
#9556 = CARTESIAN_POINT('',(-2.35,2.35,2.4));
#9557 = DIRECTION('',(1.,0.,-0.));
#9558 = DIRECTION('',(-0.,0.,-1.));
#9559 = ADVANCED_FACE('',(#9560),#9594,.F.);
#9560 = FACE_BOUND('',#9561,.T.);
#9561 = EDGE_LOOP('',(#9562,#9572,#9580,#9588));
#9562 = ORIENTED_EDGE('',*,*,#9563,.T.);
#9563 = EDGE_CURVE('',#9564,#9566,#9568,.T.);
#9564 = VERTEX_POINT('',#9565);
#9565 = CARTESIAN_POINT('',(-1.9,5.421010862428E-17,0.));
#9566 = VERTEX_POINT('',#9567);
#9567 = CARTESIAN_POINT('',(-0.45,0.,0.));
#9568 = LINE('',#9569,#9570);
#9569 = CARTESIAN_POINT('',(-2.35,0.,0.));
#9570 = VECTOR('',#9571,1.);
#9571 = DIRECTION('',(1.,0.,0.));
#9572 = ORIENTED_EDGE('',*,*,#9573,.T.);
#9573 = EDGE_CURVE('',#9566,#9574,#9576,.T.);
#9574 = VERTEX_POINT('',#9575);
#9575 = CARTESIAN_POINT('',(-0.45,0.,2.4));
#9576 = LINE('',#9577,#9578);
#9577 = CARTESIAN_POINT('',(-0.45,0.,2.4));
#9578 = VECTOR('',#9579,1.);
#9579 = DIRECTION('',(0.,0.,1.));
#9580 = ORIENTED_EDGE('',*,*,#9581,.F.);
#9581 = EDGE_CURVE('',#9582,#9574,#9584,.T.);
#9582 = VERTEX_POINT('',#9583);
#9583 = CARTESIAN_POINT('',(-1.9,-1.355252715607E-17,2.4));
#9584 = LINE('',#9585,#9586);
#9585 = CARTESIAN_POINT('',(-2.35,0.,2.4));
#9586 = VECTOR('',#9587,1.);
#9587 = DIRECTION('',(1.,0.,0.));
#9588 = ORIENTED_EDGE('',*,*,#9589,.T.);
#9589 = EDGE_CURVE('',#9582,#9564,#9590,.T.);
#9590 = LINE('',#9591,#9592);
#9591 = CARTESIAN_POINT('',(-1.9,0.,2.4));
#9592 = VECTOR('',#9593,1.);
#9593 = DIRECTION('',(0.,0.,-1.));
#9594 = PLANE('',#9595);
#9595 = AXIS2_PLACEMENT_3D('',#9596,#9597,#9598);
#9596 = CARTESIAN_POINT('',(-2.35,0.,2.4));
#9597 = DIRECTION('',(0.,1.,0.));
#9598 = DIRECTION('',(0.,-0.,1.));
#9599 = ADVANCED_FACE('',(#9600),#9634,.F.);
#9600 = FACE_BOUND('',#9601,.T.);
#9601 = EDGE_LOOP('',(#9602,#9612,#9620,#9628));
#9602 = ORIENTED_EDGE('',*,*,#9603,.F.);
#9603 = EDGE_CURVE('',#9604,#9606,#9608,.T.);
#9604 = VERTEX_POINT('',#9605);
#9605 = CARTESIAN_POINT('',(6.505213034913E-16,0.45,2.4));
#9606 = VERTEX_POINT('',#9607);
#9607 = CARTESIAN_POINT('',(2.710505431214E-17,1.9,2.4));
#9608 = LINE('',#9609,#9610);
#9609 = CARTESIAN_POINT('',(0.,2.35,2.4));
#9610 = VECTOR('',#9611,1.);
#9611 = DIRECTION('',(-0.,1.,-0.));
#9612 = ORIENTED_EDGE('',*,*,#9613,.T.);
#9613 = EDGE_CURVE('',#9604,#9614,#9616,.T.);
#9614 = VERTEX_POINT('',#9615);
#9615 = CARTESIAN_POINT('',(2.710505431214E-16,0.45,0.));
#9616 = LINE('',#9617,#9618);
#9617 = CARTESIAN_POINT('',(0.,0.45,2.4));
#9618 = VECTOR('',#9619,1.);
#9619 = DIRECTION('',(0.,0.,-1.));
#9620 = ORIENTED_EDGE('',*,*,#9621,.T.);
#9621 = EDGE_CURVE('',#9614,#9622,#9624,.T.);
#9622 = VERTEX_POINT('',#9623);
#9623 = CARTESIAN_POINT('',(0.,1.9,0.));
#9624 = LINE('',#9625,#9626);
#9625 = CARTESIAN_POINT('',(0.,2.35,0.));
#9626 = VECTOR('',#9627,1.);
#9627 = DIRECTION('',(-0.,1.,-0.));
#9628 = ORIENTED_EDGE('',*,*,#9629,.T.);
#9629 = EDGE_CURVE('',#9622,#9606,#9630,.T.);
#9630 = LINE('',#9631,#9632);
#9631 = CARTESIAN_POINT('',(0.,1.9,2.4));
#9632 = VECTOR('',#9633,1.);
#9633 = DIRECTION('',(0.,0.,1.));
#9634 = PLANE('',#9635);
#9635 = AXIS2_PLACEMENT_3D('',#9636,#9637,#9638);
#9636 = CARTESIAN_POINT('',(0.,2.35,2.4));
#9637 = DIRECTION('',(-1.,0.,0.));
#9638 = DIRECTION('',(0.,0.,1.));
#9639 = ADVANCED_FACE('',(#9640),#9674,.F.);
#9640 = FACE_BOUND('',#9641,.T.);
#9641 = EDGE_LOOP('',(#9642,#9652,#9660,#9668));
#9642 = ORIENTED_EDGE('',*,*,#9643,.T.);
#9643 = EDGE_CURVE('',#9644,#9646,#9648,.T.);
#9644 = VERTEX_POINT('',#9645);
#9645 = CARTESIAN_POINT('',(-0.45,2.35,0.));
#9646 = VERTEX_POINT('',#9647);
#9647 = CARTESIAN_POINT('',(-1.9,2.35,0.));
#9648 = LINE('',#9649,#9650);
#9649 = CARTESIAN_POINT('',(-2.35,2.35,0.));
#9650 = VECTOR('',#9651,1.);
#9651 = DIRECTION('',(-1.,3.690901012717E-16,-0.));
#9652 = ORIENTED_EDGE('',*,*,#9653,.T.);
#9653 = EDGE_CURVE('',#9646,#9654,#9656,.T.);
#9654 = VERTEX_POINT('',#9655);
#9655 = CARTESIAN_POINT('',(-1.9,2.35,2.4));
#9656 = LINE('',#9657,#9658);
#9657 = CARTESIAN_POINT('',(-1.9,2.35,2.4));
#9658 = VECTOR('',#9659,1.);
#9659 = DIRECTION('',(0.,0.,1.));
#9660 = ORIENTED_EDGE('',*,*,#9661,.F.);
#9661 = EDGE_CURVE('',#9662,#9654,#9664,.T.);
#9662 = VERTEX_POINT('',#9663);
#9663 = CARTESIAN_POINT('',(-0.45,2.35,2.4));
#9664 = LINE('',#9665,#9666);
#9665 = CARTESIAN_POINT('',(-2.35,2.35,2.4));
#9666 = VECTOR('',#9667,1.);
#9667 = DIRECTION('',(-1.,3.690901012717E-16,-0.));
#9668 = ORIENTED_EDGE('',*,*,#9669,.T.);
#9669 = EDGE_CURVE('',#9662,#9644,#9670,.T.);
#9670 = LINE('',#9671,#9672);
#9671 = CARTESIAN_POINT('',(-0.45,2.35,2.4));
#9672 = VECTOR('',#9673,1.);
#9673 = DIRECTION('',(0.,0.,-1.));
#9674 = PLANE('',#9675);
#9675 = AXIS2_PLACEMENT_3D('',#9676,#9677,#9678);
#9676 = CARTESIAN_POINT('',(-2.35,2.35,2.4));
#9677 = DIRECTION('',(-3.690901012717E-16,-1.,0.));
#9678 = DIRECTION('',(1.,-3.690901012717E-16,0.));
#9679 = ADVANCED_FACE('',(#9680),#9710,.T.);
#9680 = FACE_BOUND('',#9681,.T.);
#9681 = EDGE_LOOP('',(#9682,#9683,#9689,#9690,#9696,#9697,#9703,#9704));
#9682 = ORIENTED_EDGE('',*,*,#9581,.T.);
#9683 = ORIENTED_EDGE('',*,*,#9684,.T.);
#9684 = EDGE_CURVE('',#9574,#9604,#9685,.T.);
#9685 = LINE('',#9686,#9687);
#9686 = CARTESIAN_POINT('',(-1.4,-0.95,2.4));
#9687 = VECTOR('',#9688,1.);
#9688 = DIRECTION('',(0.707106781187,0.707106781187,-0.));
#9689 = ORIENTED_EDGE('',*,*,#9603,.T.);
#9690 = ORIENTED_EDGE('',*,*,#9691,.T.);
#9691 = EDGE_CURVE('',#9606,#9662,#9692,.T.);
#9692 = LINE('',#9693,#9694);
#9693 = CARTESIAN_POINT('',(-0.225,2.125,2.4));
#9694 = VECTOR('',#9695,1.);
#9695 = DIRECTION('',(-0.707106781187,0.707106781187,-0.));
#9696 = ORIENTED_EDGE('',*,*,#9661,.T.);
#9697 = ORIENTED_EDGE('',*,*,#9698,.T.);
#9698 = EDGE_CURVE('',#9654,#9542,#9699,.T.);
#9699 = LINE('',#9700,#9701);
#9700 = CARTESIAN_POINT('',(-3.3,0.95,2.4));
#9701 = VECTOR('',#9702,1.);
#9702 = DIRECTION('',(-0.707106781187,-0.707106781187,-0.));
#9703 = ORIENTED_EDGE('',*,*,#9541,.T.);
#9704 = ORIENTED_EDGE('',*,*,#9705,.T.);
#9705 = EDGE_CURVE('',#9534,#9582,#9706,.T.);
#9706 = LINE('',#9707,#9708);
#9707 = CARTESIAN_POINT('',(-2.125,0.225,2.4));
#9708 = VECTOR('',#9709,1.);
#9709 = DIRECTION('',(0.707106781187,-0.707106781187,-0.));
#9710 = PLANE('',#9711);
#9711 = AXIS2_PLACEMENT_3D('',#9712,#9713,#9714);
#9712 = CARTESIAN_POINT('',(-2.35,0.,2.4));
#9713 = DIRECTION('',(-0.,0.,1.));
#9714 = DIRECTION('',(1.,0.,0.));
#9715 = ADVANCED_FACE('',(#9716),#9746,.F.);
#9716 = FACE_BOUND('',#9717,.T.);
#9717 = EDGE_LOOP('',(#9718,#9719,#9725,#9726,#9732,#9733,#9739,#9740));
#9718 = ORIENTED_EDGE('',*,*,#9621,.F.);
#9719 = ORIENTED_EDGE('',*,*,#9720,.T.);
#9720 = EDGE_CURVE('',#9614,#9566,#9721,.T.);
#9721 = LINE('',#9722,#9723);
#9722 = CARTESIAN_POINT('',(0.,0.45,0.));
#9723 = VECTOR('',#9724,1.);
#9724 = DIRECTION('',(-0.707106781187,-0.707106781187,-0.));
#9725 = ORIENTED_EDGE('',*,*,#9563,.F.);
#9726 = ORIENTED_EDGE('',*,*,#9727,.T.);
#9727 = EDGE_CURVE('',#9564,#9526,#9728,.T.);
#9728 = LINE('',#9729,#9730);
#9729 = CARTESIAN_POINT('',(-1.9,0.,0.));
#9730 = VECTOR('',#9731,1.);
#9731 = DIRECTION('',(-0.707106781187,0.707106781187,-0.));
#9732 = ORIENTED_EDGE('',*,*,#9523,.F.);
#9733 = ORIENTED_EDGE('',*,*,#9734,.T.);
#9734 = EDGE_CURVE('',#9524,#9646,#9735,.T.);
#9735 = LINE('',#9736,#9737);
#9736 = CARTESIAN_POINT('',(-2.35,1.9,0.));
#9737 = VECTOR('',#9738,1.);
#9738 = DIRECTION('',(0.707106781187,0.707106781187,-0.));
#9739 = ORIENTED_EDGE('',*,*,#9643,.F.);
#9740 = ORIENTED_EDGE('',*,*,#9741,.T.);
#9741 = EDGE_CURVE('',#9644,#9622,#9742,.T.);
#9742 = LINE('',#9743,#9744);
#9743 = CARTESIAN_POINT('',(-0.45,2.35,0.));
#9744 = VECTOR('',#9745,1.);
#9745 = DIRECTION('',(0.707106781187,-0.707106781187,-0.));
#9746 = PLANE('',#9747);
#9747 = AXIS2_PLACEMENT_3D('',#9748,#9749,#9750);
#9748 = CARTESIAN_POINT('',(-2.35,0.,0.));
#9749 = DIRECTION('',(-0.,0.,1.));
#9750 = DIRECTION('',(1.,0.,0.));
#9751 = ADVANCED_FACE('',(#9752),#9758,.F.);
#9752 = FACE_BOUND('',#9753,.T.);
#9753 = EDGE_LOOP('',(#9754,#9755,#9756,#9757));
#9754 = ORIENTED_EDGE('',*,*,#9684,.F.);
#9755 = ORIENTED_EDGE('',*,*,#9573,.F.);
#9756 = ORIENTED_EDGE('',*,*,#9720,.F.);
#9757 = ORIENTED_EDGE('',*,*,#9613,.F.);
#9758 = PLANE('',#9759);
#9759 = AXIS2_PLACEMENT_3D('',#9760,#9761,#9762);
#9760 = CARTESIAN_POINT('',(0.,0.45,2.4));
#9761 = DIRECTION('',(-0.707106781187,0.707106781187,0.));
#9762 = DIRECTION('',(-0.707106781187,-0.707106781187,0.));
#9763 = ADVANCED_FACE('',(#9764),#9770,.F.);
#9764 = FACE_BOUND('',#9765,.T.);
#9765 = EDGE_LOOP('',(#9766,#9767,#9768,#9769));
#9766 = ORIENTED_EDGE('',*,*,#9705,.F.);
#9767 = ORIENTED_EDGE('',*,*,#9533,.F.);
#9768 = ORIENTED_EDGE('',*,*,#9727,.F.);
#9769 = ORIENTED_EDGE('',*,*,#9589,.F.);
#9770 = PLANE('',#9771);
#9771 = AXIS2_PLACEMENT_3D('',#9772,#9773,#9774);
#9772 = CARTESIAN_POINT('',(-1.9,0.,2.4));
#9773 = DIRECTION('',(0.707106781187,0.707106781187,0.));
#9774 = DIRECTION('',(-0.707106781187,0.707106781187,0.));
#9775 = ADVANCED_FACE('',(#9776),#9782,.F.);
#9776 = FACE_BOUND('',#9777,.T.);
#9777 = EDGE_LOOP('',(#9778,#9779,#9780,#9781));
#9778 = ORIENTED_EDGE('',*,*,#9698,.F.);
#9779 = ORIENTED_EDGE('',*,*,#9653,.F.);
#9780 = ORIENTED_EDGE('',*,*,#9734,.F.);
#9781 = ORIENTED_EDGE('',*,*,#9549,.F.);
#9782 = PLANE('',#9783);
#9783 = AXIS2_PLACEMENT_3D('',#9784,#9785,#9786);
#9784 = CARTESIAN_POINT('',(-2.35,1.9,2.4));
#9785 = DIRECTION('',(0.707106781187,-0.707106781187,0.));
#9786 = DIRECTION('',(0.707106781187,0.707106781187,0.));
#9787 = ADVANCED_FACE('',(#9788),#9794,.F.);
#9788 = FACE_BOUND('',#9789,.T.);
#9789 = EDGE_LOOP('',(#9790,#9791,#9792,#9793));
#9790 = ORIENTED_EDGE('',*,*,#9691,.F.);
#9791 = ORIENTED_EDGE('',*,*,#9629,.F.);
#9792 = ORIENTED_EDGE('',*,*,#9741,.F.);
#9793 = ORIENTED_EDGE('',*,*,#9669,.F.);
#9794 = PLANE('',#9795);
#9795 = AXIS2_PLACEMENT_3D('',#9796,#9797,#9798);
#9796 = CARTESIAN_POINT('',(-0.45,2.35,2.4));
#9797 = DIRECTION('',(-0.707106781187,-0.707106781187,0.));
#9798 = DIRECTION('',(0.707106781187,-0.707106781187,0.));
#9799 = ( GEOMETRIC_REPRESENTATION_CONTEXT(3) 
GLOBAL_UNCERTAINTY_ASSIGNED_CONTEXT((#9803)) 
GLOBAL_UNIT_ASSIGNED_CONTEXT((#9800,#9801,#9802)) REPRESENTATION_CONTEXT
('Context #1','3D Context with UNIT and UNCERTAINTY') );
#9800 = ( LENGTH_UNIT() NAMED_UNIT(*) SI_UNIT(.MILLI.,.METRE.) );
#9801 = ( NAMED_UNIT(*) PLANE_ANGLE_UNIT() SI_UNIT($,.RADIAN.) );
#9802 = ( NAMED_UNIT(*) SI_UNIT($,.STERADIAN.) SOLID_ANGLE_UNIT() );
#9803 = UNCERTAINTY_MEASURE_WITH_UNIT(LENGTH_MEASURE(1.E-07),#9800,
  'distance_accuracy_value','confusion accuracy');
#9804 = SHAPE_DEFINITION_REPRESENTATION(#9805,#9516);
#9805 = PRODUCT_DEFINITION_SHAPE('','',#9806);
#9806 = PRODUCT_DEFINITION('design','',#9807,#9810);
#9807 = PRODUCT_DEFINITION_FORMATION('','',#9808);
#9808 = PRODUCT('base_pino','base_pino','',(#9809));
#9809 = PRODUCT_CONTEXT('',#2,'mechanical');
#9810 = PRODUCT_DEFINITION_CONTEXT('part definition',#2,'design');
#9811 = CONTEXT_DEPENDENT_SHAPE_REPRESENTATION(#9812,#9814);
#9812 = ( REPRESENTATION_RELATIONSHIP('','',#9516,#9502) 
REPRESENTATION_RELATIONSHIP_WITH_TRANSFORMATION(#9813) 
SHAPE_REPRESENTATION_RELATIONSHIP() );
#9813 = ITEM_DEFINED_TRANSFORMATION('','',#11,#9503);
#9814 = PRODUCT_DEFINITION_SHAPE('Placement','Placement of an item',
  #9815);
#9815 = NEXT_ASSEMBLY_USAGE_OCCURRENCE('52','NAUO1','',#9497,#9806,$);
#9816 = PRODUCT_RELATED_PRODUCT_CATEGORY('part',$,(#9808));
#9817 = ADVANCED_BREP_SHAPE_REPRESENTATION('',(#11,#9818),#10160);
#9818 = MANIFOLD_SOLID_BREP('',#9819);
#9819 = CLOSED_SHELL('',(#9820,#9860,#9891,#9922,#9944,#9984,#10024,
    #10046,#10063,#10080,#10092,#10114,#10131,#10148));
#9820 = ADVANCED_FACE('',(#9821),#9855,.F.);
#9821 = FACE_BOUND('',#9822,.T.);
#9822 = EDGE_LOOP('',(#9823,#9833,#9841,#9849));
#9823 = ORIENTED_EDGE('',*,*,#9824,.T.);
#9824 = EDGE_CURVE('',#9825,#9827,#9829,.T.);
#9825 = VERTEX_POINT('',#9826);
#9826 = CARTESIAN_POINT('',(0.,0.,14.93));
#9827 = VERTEX_POINT('',#9828);
#9828 = CARTESIAN_POINT('',(0.,0.,7.E-02));
#9829 = LINE('',#9830,#9831);
#9830 = CARTESIAN_POINT('',(0.,0.,15.));
#9831 = VECTOR('',#9832,1.);
#9832 = DIRECTION('',(-0.,-0.,-1.));
#9833 = ORIENTED_EDGE('',*,*,#9834,.T.);
#9834 = EDGE_CURVE('',#9827,#9835,#9837,.T.);
#9835 = VERTEX_POINT('',#9836);
#9836 = CARTESIAN_POINT('',(6.123233995737E-17,-0.5,7.E-02));
#9837 = LINE('',#9838,#9839);
#9838 = CARTESIAN_POINT('',(0.,0.,7.E-02));
#9839 = VECTOR('',#9840,1.);
#9840 = DIRECTION('',(1.224646799147E-16,-1.,0.));
#9841 = ORIENTED_EDGE('',*,*,#9842,.F.);
#9842 = EDGE_CURVE('',#9843,#9835,#9845,.T.);
#9843 = VERTEX_POINT('',#9844);
#9844 = CARTESIAN_POINT('',(6.123233995737E-17,-0.5,14.93));
#9845 = LINE('',#9846,#9847);
#9846 = CARTESIAN_POINT('',(6.123233995737E-17,-0.5,15.));
#9847 = VECTOR('',#9848,1.);
#9848 = DIRECTION('',(-0.,-0.,-1.));
#9849 = ORIENTED_EDGE('',*,*,#9850,.T.);
#9850 = EDGE_CURVE('',#9843,#9825,#9851,.T.);
#9851 = LINE('',#9852,#9853);
#9852 = CARTESIAN_POINT('',(0.,0.,14.93));
#9853 = VECTOR('',#9854,1.);
#9854 = DIRECTION('',(-1.224646799147E-16,1.,0.));
#9855 = PLANE('',#9856);
#9856 = AXIS2_PLACEMENT_3D('',#9857,#9858,#9859);
#9857 = CARTESIAN_POINT('',(0.,0.,15.));
#9858 = DIRECTION('',(1.,1.224646799147E-16,-0.));
#9859 = DIRECTION('',(-1.224646799147E-16,1.,0.));
#9860 = ADVANCED_FACE('',(#9861),#9886,.F.);
#9861 = FACE_BOUND('',#9862,.T.);
#9862 = EDGE_LOOP('',(#9863,#9864,#9872,#9880));
#9863 = ORIENTED_EDGE('',*,*,#9842,.T.);
#9864 = ORIENTED_EDGE('',*,*,#9865,.T.);
#9865 = EDGE_CURVE('',#9835,#9866,#9868,.T.);
#9866 = VERTEX_POINT('',#9867);
#9867 = CARTESIAN_POINT('',(0.5,-0.5,7.E-02));
#9868 = LINE('',#9869,#9870);
#9869 = CARTESIAN_POINT('',(6.123233995737E-17,-0.5,7.E-02));
#9870 = VECTOR('',#9871,1.);
#9871 = DIRECTION('',(1.,0.,0.));
#9872 = ORIENTED_EDGE('',*,*,#9873,.F.);
#9873 = EDGE_CURVE('',#9874,#9866,#9876,.T.);
#9874 = VERTEX_POINT('',#9875);
#9875 = CARTESIAN_POINT('',(0.5,-0.5,14.93));
#9876 = LINE('',#9877,#9878);
#9877 = CARTESIAN_POINT('',(0.5,-0.5,15.));
#9878 = VECTOR('',#9879,1.);
#9879 = DIRECTION('',(-0.,-0.,-1.));
#9880 = ORIENTED_EDGE('',*,*,#9881,.T.);
#9881 = EDGE_CURVE('',#9874,#9843,#9882,.T.);
#9882 = LINE('',#9883,#9884);
#9883 = CARTESIAN_POINT('',(6.123233995737E-17,-0.5,14.93));
#9884 = VECTOR('',#9885,1.);
#9885 = DIRECTION('',(-1.,0.,0.));
#9886 = PLANE('',#9887);
#9887 = AXIS2_PLACEMENT_3D('',#9888,#9889,#9890);
#9888 = CARTESIAN_POINT('',(6.123233995737E-17,-0.5,15.));
#9889 = DIRECTION('',(0.,1.,0.));
#9890 = DIRECTION('',(0.,-0.,1.));
#9891 = ADVANCED_FACE('',(#9892),#9917,.F.);
#9892 = FACE_BOUND('',#9893,.T.);
#9893 = EDGE_LOOP('',(#9894,#9895,#9903,#9911));
#9894 = ORIENTED_EDGE('',*,*,#9873,.T.);
#9895 = ORIENTED_EDGE('',*,*,#9896,.T.);
#9896 = EDGE_CURVE('',#9866,#9897,#9899,.T.);
#9897 = VERTEX_POINT('',#9898);
#9898 = CARTESIAN_POINT('',(0.5,0.,7.E-02));
#9899 = LINE('',#9900,#9901);
#9900 = CARTESIAN_POINT('',(0.5,0.,7.E-02));
#9901 = VECTOR('',#9902,1.);
#9902 = DIRECTION('',(0.,1.,0.));
#9903 = ORIENTED_EDGE('',*,*,#9904,.F.);
#9904 = EDGE_CURVE('',#9905,#9897,#9907,.T.);
#9905 = VERTEX_POINT('',#9906);
#9906 = CARTESIAN_POINT('',(0.5,0.,14.93));
#9907 = LINE('',#9908,#9909);
#9908 = CARTESIAN_POINT('',(0.5,0.,15.));
#9909 = VECTOR('',#9910,1.);
#9910 = DIRECTION('',(-0.,-0.,-1.));
#9911 = ORIENTED_EDGE('',*,*,#9912,.T.);
#9912 = EDGE_CURVE('',#9905,#9874,#9913,.T.);
#9913 = LINE('',#9914,#9915);
#9914 = CARTESIAN_POINT('',(0.5,-0.5,14.93));
#9915 = VECTOR('',#9916,1.);
#9916 = DIRECTION('',(0.,-1.,0.));
#9917 = PLANE('',#9918);
#9918 = AXIS2_PLACEMENT_3D('',#9919,#9920,#9921);
#9919 = CARTESIAN_POINT('',(0.5,0.,15.));
#9920 = DIRECTION('',(-1.,0.,0.));
#9921 = DIRECTION('',(0.,0.,1.));
#9922 = ADVANCED_FACE('',(#9923),#9939,.F.);
#9923 = FACE_BOUND('',#9924,.T.);
#9924 = EDGE_LOOP('',(#9925,#9926,#9932,#9933));
#9925 = ORIENTED_EDGE('',*,*,#9904,.T.);
#9926 = ORIENTED_EDGE('',*,*,#9927,.T.);
#9927 = EDGE_CURVE('',#9897,#9827,#9928,.T.);
#9928 = LINE('',#9929,#9930);
#9929 = CARTESIAN_POINT('',(0.,0.,7.E-02));
#9930 = VECTOR('',#9931,1.);
#9931 = DIRECTION('',(-1.,0.,0.));
#9932 = ORIENTED_EDGE('',*,*,#9824,.F.);
#9933 = ORIENTED_EDGE('',*,*,#9934,.T.);
#9934 = EDGE_CURVE('',#9825,#9905,#9935,.T.);
#9935 = LINE('',#9936,#9937);
#9936 = CARTESIAN_POINT('',(0.5,0.,14.93));
#9937 = VECTOR('',#9938,1.);
#9938 = DIRECTION('',(1.,0.,0.));
#9939 = PLANE('',#9940);
#9940 = AXIS2_PLACEMENT_3D('',#9941,#9942,#9943);
#9941 = CARTESIAN_POINT('',(0.,0.,15.));
#9942 = DIRECTION('',(0.,-1.,0.));
#9943 = DIRECTION('',(0.,-0.,-1.));
#9944 = ADVANCED_FACE('',(#9945),#9979,.T.);
#9945 = FACE_BOUND('',#9946,.T.);
#9946 = EDGE_LOOP('',(#9947,#9957,#9965,#9973));
#9947 = ORIENTED_EDGE('',*,*,#9948,.T.);
#9948 = EDGE_CURVE('',#9949,#9951,#9953,.T.);
#9949 = VERTEX_POINT('',#9950);
#9950 = CARTESIAN_POINT('',(0.43,-7.E-02,15.));
#9951 = VERTEX_POINT('',#9952);
#9952 = CARTESIAN_POINT('',(7.E-02,-7.E-02,15.));
#9953 = LINE('',#9954,#9955);
#9954 = CARTESIAN_POINT('',(0.,-7.E-02,15.));
#9955 = VECTOR('',#9956,1.);
#9956 = DIRECTION('',(-1.,0.,0.));
#9957 = ORIENTED_EDGE('',*,*,#9958,.T.);
#9958 = EDGE_CURVE('',#9951,#9959,#9961,.T.);
#9959 = VERTEX_POINT('',#9960);
#9960 = CARTESIAN_POINT('',(7.E-02,-0.43,15.));
#9961 = LINE('',#9962,#9963);
#9962 = CARTESIAN_POINT('',(7.E-02,-0.5,15.));
#9963 = VECTOR('',#9964,1.);
#9964 = DIRECTION('',(1.224646799147E-16,-1.,0.));
#9965 = ORIENTED_EDGE('',*,*,#9966,.T.);
#9966 = EDGE_CURVE('',#9959,#9967,#9969,.T.);
#9967 = VERTEX_POINT('',#9968);
#9968 = CARTESIAN_POINT('',(0.43,-0.43,15.));
#9969 = LINE('',#9970,#9971);
#9970 = CARTESIAN_POINT('',(0.5,-0.43,15.));
#9971 = VECTOR('',#9972,1.);
#9972 = DIRECTION('',(1.,0.,0.));
#9973 = ORIENTED_EDGE('',*,*,#9974,.T.);
#9974 = EDGE_CURVE('',#9967,#9949,#9975,.T.);
#9975 = LINE('',#9976,#9977);
#9976 = CARTESIAN_POINT('',(0.43,0.,15.));
#9977 = VECTOR('',#9978,1.);
#9978 = DIRECTION('',(0.,1.,0.));
#9979 = PLANE('',#9980);
#9980 = AXIS2_PLACEMENT_3D('',#9981,#9982,#9983);
#9981 = CARTESIAN_POINT('',(6.123233995737E-17,-0.5,15.));
#9982 = DIRECTION('',(-0.,0.,1.));
#9983 = DIRECTION('',(1.,0.,0.));
#9984 = ADVANCED_FACE('',(#9985),#10019,.F.);
#9985 = FACE_BOUND('',#9986,.T.);
#9986 = EDGE_LOOP('',(#9987,#9997,#10005,#10013));
#9987 = ORIENTED_EDGE('',*,*,#9988,.T.);
#9988 = EDGE_CURVE('',#9989,#9991,#9993,.T.);
#9989 = VERTEX_POINT('',#9990);
#9990 = CARTESIAN_POINT('',(7.E-02,-0.43,0.));
#9991 = VERTEX_POINT('',#9992);
#9992 = CARTESIAN_POINT('',(7.E-02,-7.E-02,0.));
#9993 = LINE('',#9994,#9995);
#9994 = CARTESIAN_POINT('',(7.E-02,-0.5,0.));
#9995 = VECTOR('',#9996,1.);
#9996 = DIRECTION('',(-1.224646799147E-16,1.,0.));
#9997 = ORIENTED_EDGE('',*,*,#9998,.T.);
#9998 = EDGE_CURVE('',#9991,#9999,#10001,.T.);
#9999 = VERTEX_POINT('',#10000);
#10000 = CARTESIAN_POINT('',(0.43,-7.E-02,0.));
#10001 = LINE('',#10002,#10003);
#10002 = CARTESIAN_POINT('',(6.123233995737E-17,-7.E-02,0.));
#10003 = VECTOR('',#10004,1.);
#10004 = DIRECTION('',(1.,0.,0.));
#10005 = ORIENTED_EDGE('',*,*,#10006,.T.);
#10006 = EDGE_CURVE('',#9999,#10007,#10009,.T.);
#10007 = VERTEX_POINT('',#10008);
#10008 = CARTESIAN_POINT('',(0.43,-0.43,0.));
#10009 = LINE('',#10010,#10011);
#10010 = CARTESIAN_POINT('',(0.43,-0.5,0.));
#10011 = VECTOR('',#10012,1.);
#10012 = DIRECTION('',(0.,-1.,0.));
#10013 = ORIENTED_EDGE('',*,*,#10014,.T.);
#10014 = EDGE_CURVE('',#10007,#9989,#10015,.T.);
#10015 = LINE('',#10016,#10017);
#10016 = CARTESIAN_POINT('',(6.123233995737E-17,-0.43,0.));
#10017 = VECTOR('',#10018,1.);
#10018 = DIRECTION('',(-1.,0.,0.));
#10019 = PLANE('',#10020);
#10020 = AXIS2_PLACEMENT_3D('',#10021,#10022,#10023);
#10021 = CARTESIAN_POINT('',(6.123233995737E-17,-0.5,0.));
#10022 = DIRECTION('',(-0.,0.,1.));
#10023 = DIRECTION('',(1.,0.,0.));
#10024 = ADVANCED_FACE('',(#10025),#10041,.F.);
#10025 = FACE_BOUND('',#10026,.T.);
#10026 = EDGE_LOOP('',(#10027,#10033,#10034,#10040));
#10027 = ORIENTED_EDGE('',*,*,#10028,.F.);
#10028 = EDGE_CURVE('',#9989,#9835,#10029,.T.);
#10029 = LINE('',#10030,#10031);
#10030 = CARTESIAN_POINT('',(6.123233995737E-17,-0.5,7.E-02));
#10031 = VECTOR('',#10032,1.);
#10032 = DIRECTION('',(-0.57735026919,-0.57735026919,0.57735026919));
#10033 = ORIENTED_EDGE('',*,*,#10014,.F.);
#10034 = ORIENTED_EDGE('',*,*,#10035,.F.);
#10035 = EDGE_CURVE('',#9866,#10007,#10036,.T.);
#10036 = LINE('',#10037,#10038);
#10037 = CARTESIAN_POINT('',(0.333333333333,-0.333333333333,
    -9.666666666667E-02));
#10038 = VECTOR('',#10039,1.);
#10039 = DIRECTION('',(-0.57735026919,0.57735026919,-0.57735026919));
#10040 = ORIENTED_EDGE('',*,*,#9865,.F.);
#10041 = PLANE('',#10042);
#10042 = AXIS2_PLACEMENT_3D('',#10043,#10044,#10045);
#10043 = CARTESIAN_POINT('',(6.123233995737E-17,-0.5,7.E-02));
#10044 = DIRECTION('',(-0.,0.707106781187,0.707106781187));
#10045 = DIRECTION('',(0.,-0.707106781187,0.707106781187));
#10046 = ADVANCED_FACE('',(#10047),#10058,.F.);
#10047 = FACE_BOUND('',#10048,.T.);
#10048 = EDGE_LOOP('',(#10049,#10050,#10051,#10057));
#10049 = ORIENTED_EDGE('',*,*,#10035,.T.);
#10050 = ORIENTED_EDGE('',*,*,#10006,.F.);
#10051 = ORIENTED_EDGE('',*,*,#10052,.F.);
#10052 = EDGE_CURVE('',#9897,#9999,#10053,.T.);
#10053 = LINE('',#10054,#10055);
#10054 = CARTESIAN_POINT('',(0.5,0.,7.E-02));
#10055 = VECTOR('',#10056,1.);
#10056 = DIRECTION('',(-0.57735026919,-0.57735026919,-0.57735026919));
#10057 = ORIENTED_EDGE('',*,*,#9896,.F.);
#10058 = PLANE('',#10059);
#10059 = AXIS2_PLACEMENT_3D('',#10060,#10061,#10062);
#10060 = CARTESIAN_POINT('',(0.5,0.,7.E-02));
#10061 = DIRECTION('',(-0.707106781187,0.,0.707106781187));
#10062 = DIRECTION('',(0.707106781187,0.,0.707106781187));
#10063 = ADVANCED_FACE('',(#10064),#10075,.F.);
#10064 = FACE_BOUND('',#10065,.T.);
#10065 = EDGE_LOOP('',(#10066,#10067,#10068,#10074));
#10066 = ORIENTED_EDGE('',*,*,#10028,.T.);
#10067 = ORIENTED_EDGE('',*,*,#9834,.F.);
#10068 = ORIENTED_EDGE('',*,*,#10069,.F.);
#10069 = EDGE_CURVE('',#9991,#9827,#10070,.T.);
#10070 = LINE('',#10071,#10072);
#10071 = CARTESIAN_POINT('',(0.,0.,7.E-02));
#10072 = VECTOR('',#10073,1.);
#10073 = DIRECTION('',(-0.57735026919,0.57735026919,0.57735026919));
#10074 = ORIENTED_EDGE('',*,*,#9988,.F.);
#10075 = PLANE('',#10076);
#10076 = AXIS2_PLACEMENT_3D('',#10077,#10078,#10079);
#10077 = CARTESIAN_POINT('',(0.,0.,7.E-02));
#10078 = DIRECTION('',(0.707106781187,8.659560562355E-17,0.707106781187)
  );
#10079 = DIRECTION('',(0.707106781187,0.,-0.707106781187));
#10080 = ADVANCED_FACE('',(#10081),#10087,.F.);
#10081 = FACE_BOUND('',#10082,.T.);
#10082 = EDGE_LOOP('',(#10083,#10084,#10085,#10086));
#10083 = ORIENTED_EDGE('',*,*,#10052,.T.);
#10084 = ORIENTED_EDGE('',*,*,#9998,.F.);
#10085 = ORIENTED_EDGE('',*,*,#10069,.T.);
#10086 = ORIENTED_EDGE('',*,*,#9927,.F.);
#10087 = PLANE('',#10088);
#10088 = AXIS2_PLACEMENT_3D('',#10089,#10090,#10091);
#10089 = CARTESIAN_POINT('',(0.,0.,7.E-02));
#10090 = DIRECTION('',(0.,-0.707106781187,0.707106781187));
#10091 = DIRECTION('',(0.,-0.707106781187,-0.707106781187));
#10092 = ADVANCED_FACE('',(#10093),#10109,.T.);
#10093 = FACE_BOUND('',#10094,.T.);
#10094 = EDGE_LOOP('',(#10095,#10101,#10102,#10108));
#10095 = ORIENTED_EDGE('',*,*,#10096,.F.);
#10096 = EDGE_CURVE('',#9874,#9967,#10097,.T.);
#10097 = LINE('',#10098,#10099);
#10098 = CARTESIAN_POINT('',(0.453333333333,-0.453333333333,
    14.976666666667));
#10099 = VECTOR('',#10100,1.);
#10100 = DIRECTION('',(-0.57735026919,0.57735026919,0.57735026919));
#10101 = ORIENTED_EDGE('',*,*,#9912,.F.);
#10102 = ORIENTED_EDGE('',*,*,#10103,.F.);
#10103 = EDGE_CURVE('',#9949,#9905,#10104,.T.);
#10104 = LINE('',#10105,#10106);
#10105 = CARTESIAN_POINT('',(0.286666666667,-0.213333333333,
    15.143333333333));
#10106 = VECTOR('',#10107,1.);
#10107 = DIRECTION('',(0.57735026919,0.57735026919,-0.57735026919));
#10108 = ORIENTED_EDGE('',*,*,#9974,.F.);
#10109 = PLANE('',#10110);
#10110 = AXIS2_PLACEMENT_3D('',#10111,#10112,#10113);
#10111 = CARTESIAN_POINT('',(0.43,-0.5,15.));
#10112 = DIRECTION('',(0.707106781187,0.,0.707106781187));
#10113 = DIRECTION('',(0.707106781187,0.,-0.707106781187));
#10114 = ADVANCED_FACE('',(#10115),#10126,.T.);
#10115 = FACE_BOUND('',#10116,.T.);
#10116 = EDGE_LOOP('',(#10117,#10118,#10119,#10125));
#10117 = ORIENTED_EDGE('',*,*,#10103,.T.);
#10118 = ORIENTED_EDGE('',*,*,#9934,.F.);
#10119 = ORIENTED_EDGE('',*,*,#10120,.F.);
#10120 = EDGE_CURVE('',#9951,#9825,#10121,.T.);
#10121 = LINE('',#10122,#10123);
#10122 = CARTESIAN_POINT('',(4.666666666667E-02,-4.666666666667E-02,
    14.976666666667));
#10123 = VECTOR('',#10124,1.);
#10124 = DIRECTION('',(-0.57735026919,0.57735026919,-0.57735026919));
#10125 = ORIENTED_EDGE('',*,*,#9948,.F.);
#10126 = PLANE('',#10127);
#10127 = AXIS2_PLACEMENT_3D('',#10128,#10129,#10130);
#10128 = CARTESIAN_POINT('',(6.123233995737E-17,-7.E-02,15.));
#10129 = DIRECTION('',(-0.,0.707106781187,0.707106781187));
#10130 = DIRECTION('',(0.,-0.707106781187,0.707106781187));
#10131 = ADVANCED_FACE('',(#10132),#10143,.T.);
#10132 = FACE_BOUND('',#10133,.T.);
#10133 = EDGE_LOOP('',(#10134,#10135,#10136,#10142));
#10134 = ORIENTED_EDGE('',*,*,#10096,.T.);
#10135 = ORIENTED_EDGE('',*,*,#9966,.F.);
#10136 = ORIENTED_EDGE('',*,*,#10137,.F.);
#10137 = EDGE_CURVE('',#9843,#9959,#10138,.T.);
#10138 = LINE('',#10139,#10140);
#10139 = CARTESIAN_POINT('',(4.666666666667E-02,-0.453333333333,
    14.976666666667));
#10140 = VECTOR('',#10141,1.);
#10141 = DIRECTION('',(0.57735026919,0.57735026919,0.57735026919));
#10142 = ORIENTED_EDGE('',*,*,#9881,.F.);
#10143 = PLANE('',#10144);
#10144 = AXIS2_PLACEMENT_3D('',#10145,#10146,#10147);
#10145 = CARTESIAN_POINT('',(6.123233995737E-17,-0.43,15.));
#10146 = DIRECTION('',(0.,-0.707106781187,0.707106781187));
#10147 = DIRECTION('',(0.,-0.707106781187,-0.707106781187));
#10148 = ADVANCED_FACE('',(#10149),#10155,.T.);
#10149 = FACE_BOUND('',#10150,.T.);
#10150 = EDGE_LOOP('',(#10151,#10152,#10153,#10154));
#10151 = ORIENTED_EDGE('',*,*,#10120,.T.);
#10152 = ORIENTED_EDGE('',*,*,#9850,.F.);
#10153 = ORIENTED_EDGE('',*,*,#10137,.T.);
#10154 = ORIENTED_EDGE('',*,*,#9958,.F.);
#10155 = PLANE('',#10156);
#10156 = AXIS2_PLACEMENT_3D('',#10157,#10158,#10159);
#10157 = CARTESIAN_POINT('',(7.E-02,-0.5,15.));
#10158 = DIRECTION('',(-0.707106781187,-8.659560562355E-17,
    0.707106781187));
#10159 = DIRECTION('',(0.707106781187,0.,0.707106781187));
#10160 = ( GEOMETRIC_REPRESENTATION_CONTEXT(3) 
GLOBAL_UNCERTAINTY_ASSIGNED_CONTEXT((#10164)) 
GLOBAL_UNIT_ASSIGNED_CONTEXT((#10161,#10162,#10163)) 
REPRESENTATION_CONTEXT('Context #1',
  '3D Context with UNIT and UNCERTAINTY') );
#10161 = ( LENGTH_UNIT() NAMED_UNIT(*) SI_UNIT(.MILLI.,.METRE.) );
#10162 = ( NAMED_UNIT(*) PLANE_ANGLE_UNIT() SI_UNIT($,.RADIAN.) );
#10163 = ( NAMED_UNIT(*) SI_UNIT($,.STERADIAN.) SOLID_ANGLE_UNIT() );
#10164 = UNCERTAINTY_MEASURE_WITH_UNIT(LENGTH_MEASURE(1.E-07),#10161,
  'distance_accuracy_value','confusion accuracy');
#10165 = SHAPE_DEFINITION_REPRESENTATION(#10166,#9817);
#10166 = PRODUCT_DEFINITION_SHAPE('','',#10167);
#10167 = PRODUCT_DEFINITION('design','',#10168,#10171);
#10168 = PRODUCT_DEFINITION_FORMATION('','',#10169);
#10169 = PRODUCT('metal_pino','metal_pino','',(#10170));
#10170 = PRODUCT_CONTEXT('',#2,'mechanical');
#10171 = PRODUCT_DEFINITION_CONTEXT('part definition',#2,'design');
#10172 = CONTEXT_DEPENDENT_SHAPE_REPRESENTATION(#10173,#10175);
#10173 = ( REPRESENTATION_RELATIONSHIP('','',#9817,#9502) 
REPRESENTATION_RELATIONSHIP_WITH_TRANSFORMATION(#10174) 
SHAPE_REPRESENTATION_RELATIONSHIP() );
#10174 = ITEM_DEFINED_TRANSFORMATION('','',#11,#9507);
#10175 = PRODUCT_DEFINITION_SHAPE('Placement','Placement of an item',
  #10176);
#10176 = NEXT_ASSEMBLY_USAGE_OCCURRENCE('53','NAUO2','',#9497,#10167,$);
#10177 = PRODUCT_RELATED_PRODUCT_CATEGORY('part',$,(#10169));
#10178 = CONTEXT_DEPENDENT_SHAPE_REPRESENTATION(#10179,#10181);
#10179 = ( REPRESENTATION_RELATIONSHIP('','',#9502,#9473) 
REPRESENTATION_RELATIONSHIP_WITH_TRANSFORMATION(#10180) 
SHAPE_REPRESENTATION_RELATIONSHIP() );
#10180 = ITEM_DEFINED_TRANSFORMATION('','',#11,#9474);
#10181 = PRODUCT_DEFINITION_SHAPE('Placement','Placement of an item',
  #10182);
#10182 = NEXT_ASSEMBLY_USAGE_OCCURRENCE('54','','',#9468,#9497,$);
#10183 = PRODUCT_RELATED_PRODUCT_CATEGORY('part',$,(#9499));
#10184 = CONTEXT_DEPENDENT_SHAPE_REPRESENTATION(#10185,#10187);
#10185 = ( REPRESENTATION_RELATIONSHIP('','',#9502,#9473) 
REPRESENTATION_RELATIONSHIP_WITH_TRANSFORMATION(#10186) 
SHAPE_REPRESENTATION_RELATIONSHIP() );
#10186 = ITEM_DEFINED_TRANSFORMATION('','',#11,#9478);
#10187 = PRODUCT_DEFINITION_SHAPE('Placement','Placement of an item',
  #10188);
#10188 = NEXT_ASSEMBLY_USAGE_OCCURRENCE('55','','',#9468,#9497,$);
#10189 = CONTEXT_DEPENDENT_SHAPE_REPRESENTATION(#10190,#10192);
#10190 = ( REPRESENTATION_RELATIONSHIP('','',#9502,#9473) 
REPRESENTATION_RELATIONSHIP_WITH_TRANSFORMATION(#10191) 
SHAPE_REPRESENTATION_RELATIONSHIP() );
#10191 = ITEM_DEFINED_TRANSFORMATION('','',#11,#9482);
#10192 = PRODUCT_DEFINITION_SHAPE('Placement','Placement of an item',
  #10193);
#10193 = NEXT_ASSEMBLY_USAGE_OCCURRENCE('56','','',#9468,#9497,$);
#10194 = CONTEXT_DEPENDENT_SHAPE_REPRESENTATION(#10195,#10197);
#10195 = ( REPRESENTATION_RELATIONSHIP('','',#9502,#9473) 
REPRESENTATION_RELATIONSHIP_WITH_TRANSFORMATION(#10196) 
SHAPE_REPRESENTATION_RELATIONSHIP() );
#10196 = ITEM_DEFINED_TRANSFORMATION('','',#11,#9486);
#10197 = PRODUCT_DEFINITION_SHAPE('Placement','Placement of an item',
  #10198);
#10198 = NEXT_ASSEMBLY_USAGE_OCCURRENCE('57','','',#9468,#9497,$);
#10199 = CONTEXT_DEPENDENT_SHAPE_REPRESENTATION(#10200,#10202);
#10200 = ( REPRESENTATION_RELATIONSHIP('','',#9473,#10) 
REPRESENTATION_RELATIONSHIP_WITH_TRANSFORMATION(#10201) 
SHAPE_REPRESENTATION_RELATIONSHIP() );
#10201 = ITEM_DEFINED_TRANSFORMATION('','',#11,#83);
#10202 = PRODUCT_DEFINITION_SHAPE('Placement','Placement of an item',
  #10203);
#10203 = NEXT_ASSEMBLY_USAGE_OCCURRENCE('58','','',#5,#9468,$);
#10204 = PRODUCT_RELATED_PRODUCT_CATEGORY('part',$,(#9470));
#10205 = MECHANICAL_DESIGN_GEOMETRIC_PRESENTATION_REPRESENTATION('',(
    #10206),#10160);
#10206 = STYLED_ITEM('color',(#10207),#9818);
#10207 = PRESENTATION_STYLE_ASSIGNMENT((#10208));
#10208 = SURFACE_STYLE_USAGE(.BOTH.,#10209);
#10209 = SURFACE_SIDE_STYLE('',(#10210));
#10210 = SURFACE_STYLE_FILL_AREA(#10211);
#10211 = FILL_AREA_STYLE('',(#10212));
#10212 = FILL_AREA_STYLE_COLOUR('',#10213);
#10213 = COLOUR_RGB('',1.,0.909803911811,0.619607835287);
#10214 = MECHANICAL_DESIGN_GEOMETRIC_PRESENTATION_REPRESENTATION('',(
    #10215),#2943);
#10215 = STYLED_ITEM('color',(#10216),#2838);
#10216 = PRESENTATION_STYLE_ASSIGNMENT((#10217,#10223));
#10217 = SURFACE_STYLE_USAGE(.BOTH.,#10218);
#10218 = SURFACE_SIDE_STYLE('',(#10219));
#10219 = SURFACE_STYLE_FILL_AREA(#10220);
#10220 = FILL_AREA_STYLE('',(#10221));
#10221 = FILL_AREA_STYLE_COLOUR('',#10222);
#10222 = COLOUR_RGB('',0.909803941505,0.862745115625,0.792156867455);
#10223 = CURVE_STYLE('',#10224,POSITIVE_LENGTH_MEASURE(0.1),#10225);
#10224 = DRAUGHTING_PRE_DEFINED_CURVE_FONT('continuous');
#10225 = COLOUR_RGB('',9.803921802644E-02,9.803921802644E-02,
  9.803921802644E-02);
#10226 = MECHANICAL_DESIGN_GEOMETRIC_PRESENTATION_REPRESENTATION('',(
    #10227),#3067);
#10227 = STYLED_ITEM('color',(#10228),#2962);
#10228 = PRESENTATION_STYLE_ASSIGNMENT((#10229,#10234));
#10229 = SURFACE_STYLE_USAGE(.BOTH.,#10230);
#10230 = SURFACE_SIDE_STYLE('',(#10231));
#10231 = SURFACE_STYLE_FILL_AREA(#10232);
#10232 = FILL_AREA_STYLE('',(#10233));
#10233 = FILL_AREA_STYLE_COLOUR('',#10222);
#10234 = CURVE_STYLE('',#10235,POSITIVE_LENGTH_MEASURE(0.1),#10225);
#10235 = DRAUGHTING_PRE_DEFINED_CURVE_FONT('continuous');
#10236 = MECHANICAL_DESIGN_GEOMETRIC_PRESENTATION_REPRESENTATION('',(
    #10237),#6788);
#10237 = STYLED_ITEM('color',(#10238),#6684);
#10238 = PRESENTATION_STYLE_ASSIGNMENT((#10239,#10245));
#10239 = SURFACE_STYLE_USAGE(.BOTH.,#10240);
#10240 = SURFACE_SIDE_STYLE('',(#10241));
#10241 = SURFACE_STYLE_FILL_AREA(#10242);
#10242 = FILL_AREA_STYLE('',(#10243));
#10243 = FILL_AREA_STYLE_COLOUR('',#10244);
#10244 = COLOUR_RGB('',0.792156867455,0.823529417451,0.937254901616);
#10245 = CURVE_STYLE('',#10246,POSITIVE_LENGTH_MEASURE(0.1),#10225);
#10246 = DRAUGHTING_PRE_DEFINED_CURVE_FONT('continuous');
#10247 = MECHANICAL_DESIGN_GEOMETRIC_PRESENTATION_REPRESENTATION('',(
    #10248),#3775);
#10248 = STYLED_ITEM('color',(#10249),#3449);
#10249 = PRESENTATION_STYLE_ASSIGNMENT((#10250));
#10250 = SURFACE_STYLE_USAGE(.BOTH.,#10251);
#10251 = SURFACE_SIDE_STYLE('',(#10252));
#10252 = SURFACE_STYLE_FILL_AREA(#10253);
#10253 = FILL_AREA_STYLE('',(#10254));
#10254 = FILL_AREA_STYLE_COLOUR('',#10255);
#10255 = COLOUR_RGB('',0.250980388104,0.250980388104,0.250980388104);
#10256 = MECHANICAL_DESIGN_GEOMETRIC_PRESENTATION_REPRESENTATION('',(
    #10257,#10265,#10273,#10281,#10288),#6480);
#10257 = STYLED_ITEM('color',(#10258),#4441);
#10258 = PRESENTATION_STYLE_ASSIGNMENT((#10259));
#10259 = SURFACE_STYLE_USAGE(.BOTH.,#10260);
#10260 = SURFACE_SIDE_STYLE('',(#10261));
#10261 = SURFACE_STYLE_FILL_AREA(#10262);
#10262 = FILL_AREA_STYLE('',(#10263));
#10263 = FILL_AREA_STYLE_COLOUR('',#10264);
#10264 = COLOUR_RGB('',0.752941164258,0.,0.);
#10265 = STYLED_ITEM('color',(#10266),#4740);
#10266 = PRESENTATION_STYLE_ASSIGNMENT((#10267));
#10267 = SURFACE_STYLE_USAGE(.BOTH.,#10268);
#10268 = SURFACE_SIDE_STYLE('',(#10269));
#10269 = SURFACE_STYLE_FILL_AREA(#10270);
#10270 = FILL_AREA_STYLE('',(#10271));
#10271 = FILL_AREA_STYLE_COLOUR('',#10272);
#10272 = COLOUR_RGB('',0.752941164258,0.752941164258,0.752941164258);
#10273 = STYLED_ITEM('color',(#10274),#5196);
#10274 = PRESENTATION_STYLE_ASSIGNMENT((#10275));
#10275 = SURFACE_STYLE_USAGE(.BOTH.,#10276);
#10276 = SURFACE_SIDE_STYLE('',(#10277));
#10277 = SURFACE_STYLE_FILL_AREA(#10278);
#10278 = FILL_AREA_STYLE('',(#10279));
#10279 = FILL_AREA_STYLE_COLOUR('',#10280);
#10280 = COLOUR_RGB('',0.792156867455,0.819607826924,0.933333342953);
#10281 = STYLED_ITEM('color',(#10282),#5610);
#10282 = PRESENTATION_STYLE_ASSIGNMENT((#10283));
#10283 = SURFACE_STYLE_USAGE(.BOTH.,#10284);
#10284 = SURFACE_SIDE_STYLE('',(#10285));
#10285 = SURFACE_STYLE_FILL_AREA(#10286);
#10286 = FILL_AREA_STYLE('',(#10287));
#10287 = FILL_AREA_STYLE_COLOUR('',#10272);
#10288 = STYLED_ITEM('color',(#10289),#6066);
#10289 = PRESENTATION_STYLE_ASSIGNMENT((#10290));
#10290 = SURFACE_STYLE_USAGE(.BOTH.,#10291);
#10291 = SURFACE_SIDE_STYLE('',(#10292));
#10292 = SURFACE_STYLE_FILL_AREA(#10293);
#10293 = FILL_AREA_STYLE('',(#10294));
#10294 = FILL_AREA_STYLE_COLOUR('',#10280);
#10295 = MECHANICAL_DESIGN_GEOMETRIC_PRESENTATION_REPRESENTATION('',(
    #10296),#2445);
#10296 = STYLED_ITEM('color',(#10297),#111);
#10297 = PRESENTATION_STYLE_ASSIGNMENT((#10298,#10304));
#10298 = SURFACE_STYLE_USAGE(.BOTH.,#10299);
#10299 = SURFACE_SIDE_STYLE('',(#10300));
#10300 = SURFACE_STYLE_FILL_AREA(#10301);
#10301 = FILL_AREA_STYLE('',(#10302));
#10302 = FILL_AREA_STYLE_COLOUR('',#10303);
#10303 = COLOUR_RGB('',0.1411764689,0.47058824112,0.196078429142);
#10304 = CURVE_STYLE('',#10305,POSITIVE_LENGTH_MEASURE(0.1),#10303);
#10305 = DRAUGHTING_PRE_DEFINED_CURVE_FONT('continuous');
#10306 = MECHANICAL_DESIGN_GEOMETRIC_PRESENTATION_REPRESENTATION('',(
    #10307),#7108);
#10307 = STYLED_ITEM('color',(#10308),#7003);
#10308 = PRESENTATION_STYLE_ASSIGNMENT((#10309,#10314));
#10309 = SURFACE_STYLE_USAGE(.BOTH.,#10310);
#10310 = SURFACE_SIDE_STYLE('',(#10311));
#10311 = SURFACE_STYLE_FILL_AREA(#10312);
#10312 = FILL_AREA_STYLE('',(#10313));
#10313 = FILL_AREA_STYLE_COLOUR('',#10222);
#10314 = CURVE_STYLE('',#10315,POSITIVE_LENGTH_MEASURE(0.1),#10225);
#10315 = DRAUGHTING_PRE_DEFINED_CURVE_FONT('continuous');
#10316 = MECHANICAL_DESIGN_GEOMETRIC_PRESENTATION_REPRESENTATION('',(
    #10317),#4287);
#10317 = STYLED_ITEM('color',(#10318),#3799);
#10318 = PRESENTATION_STYLE_ASSIGNMENT((#10319));
#10319 = SURFACE_STYLE_USAGE(.BOTH.,#10320);
#10320 = SURFACE_SIDE_STYLE('',(#10321));
#10321 = SURFACE_STYLE_FILL_AREA(#10322);
#10322 = FILL_AREA_STYLE('',(#10323));
#10323 = FILL_AREA_STYLE_COLOUR('',#10324);
#10324 = COLOUR_RGB('',0.866666664203,0.909803911811,1.);
#10325 = MECHANICAL_DESIGN_GEOMETRIC_PRESENTATION_REPRESENTATION('',(
    #10326),#2747);
#10326 = STYLED_ITEM('color',(#10327),#2643);
#10327 = PRESENTATION_STYLE_ASSIGNMENT((#10328,#10333));
#10328 = SURFACE_STYLE_USAGE(.BOTH.,#10329);
#10329 = SURFACE_SIDE_STYLE('',(#10330));
#10330 = SURFACE_STYLE_FILL_AREA(#10331);
#10331 = FILL_AREA_STYLE('',(#10332));
#10332 = FILL_AREA_STYLE_COLOUR('',#10244);
#10333 = CURVE_STYLE('',#10334,POSITIVE_LENGTH_MEASURE(0.1),#10225);
#10334 = DRAUGHTING_PRE_DEFINED_CURVE_FONT('continuous');
#10335 = MECHANICAL_DESIGN_GEOMETRIC_PRESENTATION_REPRESENTATION('',(
    #10336,#10343,#10350,#10357,#10364),#9268);
#10336 = STYLED_ITEM('color',(#10337),#7229);
#10337 = PRESENTATION_STYLE_ASSIGNMENT((#10338));
#10338 = SURFACE_STYLE_USAGE(.BOTH.,#10339);
#10339 = SURFACE_SIDE_STYLE('',(#10340));
#10340 = SURFACE_STYLE_FILL_AREA(#10341);
#10341 = FILL_AREA_STYLE('',(#10342));
#10342 = FILL_AREA_STYLE_COLOUR('',#10264);
#10343 = STYLED_ITEM('color',(#10344),#7528);
#10344 = PRESENTATION_STYLE_ASSIGNMENT((#10345));
#10345 = SURFACE_STYLE_USAGE(.BOTH.,#10346);
#10346 = SURFACE_SIDE_STYLE('',(#10347));
#10347 = SURFACE_STYLE_FILL_AREA(#10348);
#10348 = FILL_AREA_STYLE('',(#10349));
#10349 = FILL_AREA_STYLE_COLOUR('',#10272);
#10350 = STYLED_ITEM('color',(#10351),#7984);
#10351 = PRESENTATION_STYLE_ASSIGNMENT((#10352));
#10352 = SURFACE_STYLE_USAGE(.BOTH.,#10353);
#10353 = SURFACE_SIDE_STYLE('',(#10354));
#10354 = SURFACE_STYLE_FILL_AREA(#10355);
#10355 = FILL_AREA_STYLE('',(#10356));
#10356 = FILL_AREA_STYLE_COLOUR('',#10280);
#10357 = STYLED_ITEM('color',(#10358),#8398);
#10358 = PRESENTATION_STYLE_ASSIGNMENT((#10359));
#10359 = SURFACE_STYLE_USAGE(.BOTH.,#10360);
#10360 = SURFACE_SIDE_STYLE('',(#10361));
#10361 = SURFACE_STYLE_FILL_AREA(#10362);
#10362 = FILL_AREA_STYLE('',(#10363));
#10363 = FILL_AREA_STYLE_COLOUR('',#10272);
#10364 = STYLED_ITEM('color',(#10365),#8854);
#10365 = PRESENTATION_STYLE_ASSIGNMENT((#10366));
#10366 = SURFACE_STYLE_USAGE(.BOTH.,#10367);
#10367 = SURFACE_SIDE_STYLE('',(#10368));
#10368 = SURFACE_STYLE_FILL_AREA(#10369);
#10369 = FILL_AREA_STYLE('',(#10370));
#10370 = FILL_AREA_STYLE_COLOUR('',#10280);
#10371 = MECHANICAL_DESIGN_GEOMETRIC_PRESENTATION_REPRESENTATION('',(
    #10372),#6665);
#10372 = STYLED_ITEM('color',(#10373),#6561);
#10373 = PRESENTATION_STYLE_ASSIGNMENT((#10374,#10379));
#10374 = SURFACE_STYLE_USAGE(.BOTH.,#10375);
#10375 = SURFACE_SIDE_STYLE('',(#10376));
#10376 = SURFACE_STYLE_FILL_AREA(#10377);
#10377 = FILL_AREA_STYLE('',(#10378));
#10378 = FILL_AREA_STYLE_COLOUR('',#10244);
#10379 = CURVE_STYLE('',#10380,POSITIVE_LENGTH_MEASURE(0.1),#10225);
#10380 = DRAUGHTING_PRE_DEFINED_CURVE_FONT('continuous');
#10381 = MECHANICAL_DESIGN_GEOMETRIC_PRESENTATION_REPRESENTATION('',(
    #10382),#2624);
#10382 = STYLED_ITEM('color',(#10383),#2520);
#10383 = PRESENTATION_STYLE_ASSIGNMENT((#10384,#10389));
#10384 = SURFACE_STYLE_USAGE(.BOTH.,#10385);
#10385 = SURFACE_SIDE_STYLE('',(#10386));
#10386 = SURFACE_STYLE_FILL_AREA(#10387);
#10387 = FILL_AREA_STYLE('',(#10388));
#10388 = FILL_AREA_STYLE_COLOUR('',#10244);
#10389 = CURVE_STYLE('',#10390,POSITIVE_LENGTH_MEASURE(0.1),#10225);
#10390 = DRAUGHTING_PRE_DEFINED_CURVE_FONT('continuous');
#10391 = MECHANICAL_DESIGN_GEOMETRIC_PRESENTATION_REPRESENTATION('',(
    #10392),#3430);
#10392 = STYLED_ITEM('color',(#10393),#3148);
#10393 = PRESENTATION_STYLE_ASSIGNMENT((#10394));
#10394 = SURFACE_STYLE_USAGE(.BOTH.,#10395);
#10395 = SURFACE_SIDE_STYLE('',(#10396));
#10396 = SURFACE_STYLE_FILL_AREA(#10397);
#10397 = FILL_AREA_STYLE('',(#10398));
#10398 = FILL_AREA_STYLE_COLOUR('',#10324);
#10399 = MECHANICAL_DESIGN_GEOMETRIC_PRESENTATION_REPRESENTATION('',(
    #10400),#6984);
#10400 = STYLED_ITEM('color',(#10401),#6879);
#10401 = PRESENTATION_STYLE_ASSIGNMENT((#10402,#10407));
#10402 = SURFACE_STYLE_USAGE(.BOTH.,#10403);
#10403 = SURFACE_SIDE_STYLE('',(#10404));
#10404 = SURFACE_STYLE_FILL_AREA(#10405);
#10405 = FILL_AREA_STYLE('',(#10406));
#10406 = FILL_AREA_STYLE_COLOUR('',#10222);
#10407 = CURVE_STYLE('',#10408,POSITIVE_LENGTH_MEASURE(0.1),#10225);
#10408 = DRAUGHTING_PRE_DEFINED_CURVE_FONT('continuous');
#10409 = MECHANICAL_DESIGN_GEOMETRIC_PRESENTATION_REPRESENTATION('',(
    #10410),#6860);
#10410 = STYLED_ITEM('color',(#10411),#6807);
#10411 = PRESENTATION_STYLE_ASSIGNMENT((#10412,#10417));
#10412 = SURFACE_STYLE_USAGE(.BOTH.,#10413);
#10413 = SURFACE_SIDE_STYLE('',(#10414));
#10414 = SURFACE_STYLE_FILL_AREA(#10415);
#10415 = FILL_AREA_STYLE('',(#10416));
#10416 = FILL_AREA_STYLE_COLOUR('',#10222);
#10417 = CURVE_STYLE('',#10418,POSITIVE_LENGTH_MEASURE(0.1),#10225);
#10418 = DRAUGHTING_PRE_DEFINED_CURVE_FONT('continuous');
#10419 = MECHANICAL_DESIGN_GEOMETRIC_PRESENTATION_REPRESENTATION('',(
    #10420),#2819);
#10420 = STYLED_ITEM('color',(#10421),#2766);
#10421 = PRESENTATION_STYLE_ASSIGNMENT((#10422,#10427));
#10422 = SURFACE_STYLE_USAGE(.BOTH.,#10423);
#10423 = SURFACE_SIDE_STYLE('',(#10424));
#10424 = SURFACE_STYLE_FILL_AREA(#10425);
#10425 = FILL_AREA_STYLE('',(#10426));
#10426 = FILL_AREA_STYLE_COLOUR('',#10222);
#10427 = CURVE_STYLE('',#10428,POSITIVE_LENGTH_MEASURE(0.1),#10225);
#10428 = DRAUGHTING_PRE_DEFINED_CURVE_FONT('continuous');
#10429 = MECHANICAL_DESIGN_GEOMETRIC_PRESENTATION_REPRESENTATION('',(
    #10430),#9799);
#10430 = STYLED_ITEM('color',(#10431),#9517);
#10431 = PRESENTATION_STYLE_ASSIGNMENT((#10432));
#10432 = SURFACE_STYLE_USAGE(.BOTH.,#10433);
#10433 = SURFACE_SIDE_STYLE('',(#10434));
#10434 = SURFACE_STYLE_FILL_AREA(#10435);
#10435 = FILL_AREA_STYLE('',(#10436));
#10436 = FILL_AREA_STYLE_COLOUR('',#10225);
ENDSEC;
END-ISO-10303-21;
